recycle_bin	g:\TV\Look at Later\Season 2\General Inakappe - S02E01 - ALF-S02E01.avi
recycle_bin	g:\TV\Look at Later\Season 2\General Inakappe - S02E02 - ALF-S02E02.avi
recycle_bin	g:\TV\Look at Later\Season 2\General Inakappe - S02E03 - ALF-S02E03.avi
recycle_bin	g:\TV\Look at Later\Season 2\General Inakappe - S02E04 - ALF-S02E04.avi
recycle_bin	g:\TV\Look at Later\Season 2\General Inakappe - S02E05 - ALF-S02E05.avi
recycle_bin	g:\TV\Look at Later\Season 2\General Inakappe - S02E06 - ALF-S02E06.avi
recycle_bin	g:\TV\Look at Later\Season 2\General Inakappe - S02E07 - ALF-S02E07.avi
recycle_bin	g:\TV\Look at Later\Season 2\General Inakappe - S02E08 - ALF-S02E08.avi
recycle_bin	g:\TV\Look at Later\Season 2\General Inakappe - S02E09 - ALF-S02E09.avi
recycle_bin	g:\TV\Look at Later\Season 2\General Inakappe - S02E10 - ALF-S02E10.avi
recycle_bin	g:\TV\Look at Later\Season 2\General Inakappe - S02E11 - ALF-S02E11.avi
recycle_bin	g:\TV\Look at Later\Season 2\General Inakappe - S02E12 - ALF-S02E12-13-Special-Christmas.avi
recycle_bin	g:\TV\Look at Later\Season 2\General Inakappe - S02E14 - ALF-S02E14.avi
recycle_bin	g:\TV\Look at Later\Season 2\General Inakappe - S02E15 - ALF-S02E15.avi
recycle_bin	g:\TV\Look at Later\Season 2\General Inakappe - S02E16 - ALF-S02E16.avi
recycle_bin	g:\TV\Look at Later\Season 2\General Inakappe - S02E17 - ALF-S02E17.avi
recycle_bin	g:\TV\Look at Later\Season 2\General Inakappe - S02E18 - ALF-S02E18.avi
recycle_bin	g:\TV\Look at Later\Season 2\General Inakappe - S02E19 - ALF-S02E19.avi
recycle_bin	g:\TV\Look at Later\Season 2\General Inakappe - S02E20 - ALF-S02E20.avi
recycle_bin	g:\TV\Look at Later\Season 2\General Inakappe - S02E21 - ALF-S02E21.avi
recycle_bin	g:\TV\Look at Later\Season 2\General Inakappe - S02E22 - ALF-S02E22.avi
recycle_bin	g:\TV\Look at Later\Season 2\General Inakappe - S02E23 - ALF-S02E23.avi
recycle_bin	g:\TV\Look at Later\Season 2\General Inakappe - S02E24 - ALF-S02E24.avi
recycle_bin	g:\TV\Look at Later\Season 2\General Inakappe - S02E25 - ALF-S02E25.avi
recycle_bin	g:\TV\Look at Later\Season 2\General Inakappe - S02E26 - ALF-S02E26.avi
recycle_bin	g:\TV\Look at Later\Season 3\General Inakappe - S03E01 - ALF-S03E01.avi
recycle_bin	g:\TV\Look at Later\Season 3\General Inakappe - S03E02 - ALF-S03E02.avi
recycle_bin	g:\TV\Look at Later\Season 3\General Inakappe - S03E03 - ALF-S03E03.avi
recycle_bin	g:\TV\Look at Later\Season 3\General Inakappe - S03E04 - ALF-S03E04-05.avi
recycle_bin	g:\TV\Look at Later\Season 3\General Inakappe - S03E06 - ALF-S03E06.avi
recycle_bin	g:\TV\Look at Later\Season 3\General Inakappe - S03E07 - ALF-S03E07.avi
recycle_bin	g:\TV\Look at Later\Season 3\General Inakappe - S03E08 - ALF-S03E08.avi
recycle_bin	g:\TV\Look at Later\Season 3\General Inakappe - S03E09 - ALF-S03E09.avi
recycle_bin	g:\TV\Look at Later\Season 3\General Inakappe - S03E10 - ALF-S03E10.avi
recycle_bin	g:\TV\Look at Later\Season 3\General Inakappe - S03E12 - ALF-S03E12.avi
recycle_bin	g:\TV\Look at Later\Season 3\General Inakappe - S03E13 - ALF-S03E13.avi
recycle_bin	g:\TV\Look at Later\Season 3\General Inakappe - S03E14 - ALF-S03E14.avi
recycle_bin	g:\TV\Look at Later\Season 3\General Inakappe - S03E15 - ALF-S03E15.avi
recycle_bin	g:\TV\Look at Later\Season 3\General Inakappe - S03E16 - ALF-S03E16.avi
recycle_bin	g:\TV\Look at Later\Season 3\General Inakappe - S03E17 - ALF-S03E17.avi
recycle_bin	g:\TV\Look at Later\Season 3\General Inakappe - S03E18 - ALF-S03E18.avi
recycle_bin	g:\TV\Look at Later\Season 3\General Inakappe - S03E19 - ALF-S03E19.avi
recycle_bin	g:\TV\Look at Later\Season 3\General Inakappe - S03E20 - ALF-S03E20.avi
recycle_bin	g:\TV\Look at Later\Season 3\General Inakappe - S03E21 - ALF-S03E21.avi
recycle_bin	g:\TV\Look at Later\Season 3\General Inakappe - S03E22 - ALF-S03E22.avi
recycle_bin	g:\TV\Look at Later\Season 3\General Inakappe - S03E23 - ALF-S03E23.avi
recycle_bin	g:\TV\Look at Later\Season 3\General Inakappe - S03E24 - ALF-S03E24.avi
recycle_bin	g:\TV\Look at Later\Season 3\General Inakappe - S03E25 - ALF-S03E25.avi
recycle_bin	g:\TV\Look at Later\Season 3\General Inakappe - S03E26 - ALF-S03E26.avi
recycle_bin	g:\TV\Look at Later\Season 3\General Inakappe - S03E27 - ALF-S03E27.avi
recycle_bin	g:\TV\Look at Later\Season 4\General Inakappe - S04E01 - ALF-S04E01.avi
recycle_bin	g:\TV\Look at Later\Season 4\General Inakappe - S04E02 - ALF-S04E02.avi
recycle_bin	g:\TV\Look at Later\Season 4\General Inakappe - S04E03 - ALF-S04E03.avi
recycle_bin	g:\TV\Look at Later\Season 4\General Inakappe - S04E04 - ALF-S04E04.avi
recycle_bin	g:\TV\Look at Later\Season 4\General Inakappe - S04E05 - ALF-S04E05.avi
recycle_bin	g:\TV\Look at Later\Season 4\General Inakappe - S04E06 - ALF-S04E06.avi
recycle_bin	g:\TV\Look at Later\Season 4\General Inakappe - S04E07 - ALF-S04E07.avi
recycle_bin	g:\TV\Look at Later\Season 4\General Inakappe - S04E08 - ALF-S04E08.avi
recycle_bin	g:\TV\Look at Later\Season 4\General Inakappe - S04E09 - ALF-S04E09.avi
recycle_bin	g:\TV\Look at Later\Season 4\General Inakappe - S04E10 - ALF-S04E10.avi
recycle_bin	g:\TV\Look at Later\Season 4\General Inakappe - S04E11 - ALF-S04E11.avi
recycle_bin	g:\TV\Look at Later\Season 4\General Inakappe - S04E12 - ALF-S04E12.avi
recycle_bin	g:\TV\Look at Later\Season 4\General Inakappe - S04E13 - ALF-S04E13.avi
recycle_bin	g:\TV\Look at Later\Season 4\General Inakappe - S04E14 - ALF-S04E14.avi
recycle_bin	g:\TV\Look at Later\Season 4\General Inakappe - S04E15 - ALF-S04E15.avi
recycle_bin	g:\TV\Look at Later\Season 4\General Inakappe - S04E16 - ALF-S04E16.avi
recycle_bin	g:\TV\Look at Later\Season 4\General Inakappe - S04E17 - ALF-S04E17.avi
recycle_bin	g:\TV\Look at Later\Season 4\General Inakappe - S04E18 - ALF-S04E18.avi
recycle_bin	g:\TV\Look at Later\Season 4\General Inakappe - S04E19 - ALF-S04E19.avi
recycle_bin	g:\TV\Look at Later\Season 4\General Inakappe - S04E20 - ALF-S04E20.avi
recycle_bin	g:\TV\Look at Later\Season 4\General Inakappe - S04E21 - ALF-S04E21.avi
recycle_bin	g:\TV\Look at Later\Season 4\General Inakappe - S04E22 - ALF-S04E22.avi
recycle_bin	g:\TV\Look at Later\Season 4\General Inakappe - S04E23 - ALF-S04E23.avi
recycle_bin	g:\TV\Look at Later\Season 4\General Inakappe - S04E24 - ALF-S04E24.avi
recycle_bin	g:\TV\Look at Later\Season 1\General Inakappe - S01E01 - Angelina Ballerina - The Magic of Dance 01 - William the Conjuror.avi
recycle_bin	g:\TV\Look at Later\Season 1\General Inakappe - S01E02 - Angelina Ballerina - The Magic of Dance 02 - Angelina and Grandma.avi
recycle_bin	g:\TV\Look at Later\Season 1\General Inakappe - S01E03 - Angelina Ballerina - The Magic of Dance 03 - Miss Lilly Comes to Dinner.avi
recycle_bin	g:\TV\Look at Later\Season 1\General Inakappe - S01E04 - Angelina Ballerina - The Magic of Dance 04 - Angelina's Valentine.avi
recycle_bin	g:\TV\Look at Later\Season 1\General Inakappe - S01E05 - Angelina Ballerina - The Big Performance 05 - Miss Lilly is Leaving.avi
recycle_bin	g:\TV\Look at Later\Season 1\Documentary of My Ex-Girlfriend Complex - S01E00 - my.babysitters.a.vampire.s01e00.pilot.avi
recycle_bin	g:\TV\Look at Later\Season 1\Documentary of My Ex-Girlfriend Complex - S01E16 - Pinky And The Brain - S1E16 E17 - Ambulatory Abe, Mouse of la Mancha.avi
recycle_bin	g:\TV\Look at Later\Season 1\Documentary of My Ex-Girlfriend Complex - S01E18 - Pinky And The Brain - S1E18 E19 - The Third Mouse, The Visit.avi
recycle_bin	g:\TV\Look at Later\Season 1\Documentary of My Ex-Girlfriend Complex - S01E98 - Animaniacs - S1E98 - Pinky And The Brain - Opportunity Knox.avi
recycle_bin	g:\TV\Look at Later\Season 2\Documentary of My Ex-Girlfriend Complex - S02E01 - Secret World of Alex Mack, The - S2E01 - The Journal.avi
recycle_bin	g:\TV\Look at Later\Season 2\Documentary of My Ex-Girlfriend Complex - S02E02 - Secret World of Alex Mack, The - S2E02 - Double Bogey.avi
recycle_bin	g:\TV\Look at Later\Season 2\Documentary of My Ex-Girlfriend Complex - S02E02 - Pinky And The Brain - S2E2 E3 - Collect 'Em All, Pinkasso.avi
recycle_bin	g:\TV\Look at Later\Season 2\Documentary of My Ex-Girlfriend Complex - S02E03 - Secret World of Alex Mack, The - S2E03 - New Kid In Town.avi
recycle_bin	g:\TV\Look at Later\Season 2\Documentary of My Ex-Girlfriend Complex - S02E04 - Secret World of Alex Mack, The - S2E04 - The Secret.avi
recycle_bin	g:\TV\Look at Later\Season 2\Documentary of My Ex-Girlfriend Complex - S02E05 - Secret World of Alex Mack, The - S2E05 - Suspect.avi
recycle_bin	g:\TV\Look at Later\Season 2\Documentary of My Ex-Girlfriend Complex - S02E05 - Pinky And The Brain - S2E5 E6 - Robin Brain, The Mummy.avi
recycle_bin	g:\TV\Look at Later\Season 2\Documentary of My Ex-Girlfriend Complex - S02E06 - Secret World of Alex Mack, The - S2E06 - Pressure.avi
recycle_bin	g:\TV\Look at Later\Season 2\Documentary of My Ex-Girlfriend Complex - S02E07 - Secret World of Alex Mack, The - S2E07 - The Secret World Of Ray Alvarado.avi
recycle_bin	g:\TV\Look at Later\Season 2\Documentary of My Ex-Girlfriend Complex - S02E08 - Secret World of Alex Mack, The - S2E08 - Rat Trap.avi
recycle_bin	g:\TV\Look at Later\Season 2\Documentary of My Ex-Girlfriend Complex - S02E09 - Secret World of Alex Mack, The - S2E09 - Busted.avi
recycle_bin	g:\TV\Look at Later\Season 2\Documentary of My Ex-Girlfriend Complex - S02E10 - Secret World of Alex Mack, The - S2E10 - The Gift.avi
recycle_bin	g:\TV\Look at Later\Season 2\Documentary of My Ex-Girlfriend Complex - S02E10 - Pinky And The Brain - S2E10 E11 - A Little Off the Top, Megalomaniacs Anonymous.avi
recycle_bin	g:\TV\Look at Later\Season 2\Documentary of My Ex-Girlfriend Complex - S02E11 - Secret World of Alex Mack, The - S2E11 - Ray Goes To Washington.avi
recycle_bin	g:\TV\Look at Later\Season 2\Documentary of My Ex-Girlfriend Complex - S02E12 - Secret World of Alex Mack, The - S2E12 - Trophy Case.avi
recycle_bin	g:\TV\Look at Later\Season 2\Documentary of My Ex-Girlfriend Complex - S02E12 - Pinky And The Brain - S2E12 E13 - Two Mice and a Baby, The Maze.avi
recycle_bin	g:\TV\Look at Later\Season 2\Documentary of My Ex-Girlfriend Complex - S02E13 - Secret World of Alex Mack, The - S2E13 - On The Rocks.avi
recycle_bin	g:\TV\Look at Later\Season 2\Documentary of My Ex-Girlfriend Complex - S02E14 - Secret World of Alex Mack, The - S2E14 - Saturn.avi
recycle_bin	g:\TV\Look at Later\Season 2\Documentary of My Ex-Girlfriend Complex - S02E15 - Secret World of Alex Mack, The - S2E15 - Mack TV.avi
recycle_bin	g:\TV\Look at Later\Season 2\Documentary of My Ex-Girlfriend Complex - S02E16 - Secret World of Alex Mack, The - S2E16 - The Party.avi
recycle_bin	g:\TV\Look at Later\Season 2\Documentary of My Ex-Girlfriend Complex - S02E17 - Secret World of Alex Mack, The - S2E17 - Carnival.avi
recycle_bin	g:\TV\Look at Later\Season 2\Documentary of My Ex-Girlfriend Complex - S02E18 - Secret World of Alex Mack, The - S2E18 - Local Hero.avi
recycle_bin	g:\TV\Look at Later\Season 2\Documentary of My Ex-Girlfriend Complex - S02E19 - Secret World of Alex Mack, The - S2E19 - World Without Alex.avi
recycle_bin	g:\TV\Look at Later\Season 2\Documentary of My Ex-Girlfriend Complex - S02E20 - Secret World of Alex Mack, The - S2E20 - Nerve.avi
recycle_bin	g:\TV\Look at Later\Season 2\Documentary of My Ex-Girlfriend Complex - S02E21 - 2x21 Get a Job.avi
recycle_bin	g:\TV\Look at Later\Season 2\Documentary of My Ex-Girlfriend Complex - S02E22 - 2x22 Hello Elaine.avi
recycle_bin	g:\TV\Look at Later\Season 2\Documentary of My Ex-Girlfriend Complex - S02E23 - Mr. Ed - S02E23 - Ed the Beachcomber.avi
recycle_bin	g:\TV\Look at Later\Season 2\Documentary of My Ex-Girlfriend Complex - S02E25 - Mr. Ed - S02E25 - Clint Eastwood Meets Mister Ed.avi
recycle_bin	g:\TV\Look at Later\Season 3\Documentary of My Ex-Girlfriend Complex - S03E01 - Secret World of Alex Mack, The - S3E01 - The Other Side (Part 1).avi
recycle_bin	g:\TV\Look at Later\Season 3\Documentary of My Ex-Girlfriend Complex - S03E01 - Pinky And The Brain - S3E1 E2 - Leave It To Beavers, Cinebrania.avi
recycle_bin	g:\TV\Look at Later\Season 3\Documentary of My Ex-Girlfriend Complex - S03E02 - Secret World of Alex Mack, The - S3E02 - The Other Side (Part 2).avi
recycle_bin	g:\TV\Look at Later\Season 3\Documentary of My Ex-Girlfriend Complex - S03E03 - Secret World of Alex Mack, The - S3E03 - Working.avi
recycle_bin	g:\TV\Look at Later\Season 3\Documentary of My Ex-Girlfriend Complex - S03E03 - Pinky And The Brain - S3E3 E4 - Pinky And The Brain ...And Larry, Where the Deer and the Mouselopes Play.avi
recycle_bin	g:\TV\Look at Later\Season 3\Documentary of My Ex-Girlfriend Complex - S03E04 - Secret World of Alex Mack, The - S3E04 - Operation- Breakout.avi
recycle_bin	g:\TV\Look at Later\Season 3\Documentary of My Ex-Girlfriend Complex - S03E05 - Secret World of Alex Mack, The - S3E05 - The Neighbor.avi
recycle_bin	g:\TV\Look at Later\Season 3\Documentary of My Ex-Girlfriend Complex - S03E06 - Secret World of Alex Mack, The - S3E06 - Images.avi
recycle_bin	g:\TV\Look at Later\Season 3\Documentary of My Ex-Girlfriend Complex - S03E06 - Pinky And The Brain - S3E6 E7 - Brain's Bogie, Say What, Earth(question mark).avi
recycle_bin	g:\TV\Look at Later\Season 3\Documentary of My Ex-Girlfriend Complex - S03E07 - Secret World of Alex Mack, The - S3E07 - Big Ray.avi
recycle_bin	g:\TV\Look at Later\Season 3\Documentary of My Ex-Girlfriend Complex - S03E08 - Secret World of Alex Mack, The - S3E08 - New World Order.avi
recycle_bin	g:\TV\Look at Later\Season 3\Documentary of My Ex-Girlfriend Complex - S03E09 - Secret World of Alex Mack, The - S3E09 - Bubbling Over.avi
recycle_bin	g:\TV\Look at Later\Season 3\Documentary of My Ex-Girlfriend Complex - S03E09 - Pinky And The Brain - S3E9 E10 - All You Need Is Narf, Pinky's Plan.avi
recycle_bin	g:\TV\Look at Later\Season 3\Documentary of My Ex-Girlfriend Complex - S03E10 - Secret World of Alex Mack, The - S3E10 - Muckraker.avi
recycle_bin	g:\TV\Look at Later\Season 3\Documentary of My Ex-Girlfriend Complex - S03E11 - Secret World of Alex Mack, The - S3E11 - Bad Girl.avi
recycle_bin	g:\TV\Look at Later\Season 3\Documentary of My Ex-Girlfriend Complex - S03E12 - Secret World of Alex Mack, The - S3E12 - The Understudy.avi
recycle_bin	g:\TV\Look at Later\Season 3\Documentary of My Ex-Girlfriend Complex - S03E13 - Secret World of Alex Mack, The - S3E13 - Mystery Man.avi
recycle_bin	g:\TV\Look at Later\Season 3\Documentary of My Ex-Girlfriend Complex - S03E13 - Pinky And The Brain - S3E13 E14 - A Meticulous Analysis Of History, Funny, You Don't Look Rhennish.avi
recycle_bin	g:\TV\Look at Later\Season 3\Documentary of My Ex-Girlfriend Complex - S03E14 - Secret World of Alex Mack, The - S3E14 - Chemistry.avi
recycle_bin	g:\TV\Look at Later\Season 3\Documentary of My Ex-Girlfriend Complex - S03E15 - Secret World of Alex Mack, The - S3E15 - A Room of Her Own.avi
recycle_bin	g:\TV\Look at Later\Season 3\Documentary of My Ex-Girlfriend Complex - S03E16 - Secret World of Alex Mack, The - S3E16 - Spivey.avi
recycle_bin	g:\TV\Look at Later\Season 3\Documentary of My Ex-Girlfriend Complex - S03E16 - Pinky And The Brain - S3E16 E17 - Mice Don't Dance, Brain Drained.avi
recycle_bin	g:\TV\Look at Later\Season 3\Documentary of My Ex-Girlfriend Complex - S03E17 - Secret World of Alex Mack, The - S3E17 - Woman of the Year.avi
recycle_bin	g:\TV\Look at Later\Season 3\Documentary of My Ex-Girlfriend Complex - S03E18 - Secret World of Alex Mack, The - S3E18 - Twelve and a Half.avi
recycle_bin	g:\TV\Look at Later\Season 3\Documentary of My Ex-Girlfriend Complex - S03E19 - Secret World of Alex Mack, The - S3E19 - The Test.avi
recycle_bin	g:\TV\Look at Later\Season 3\Documentary of My Ex-Girlfriend Complex - S03E19 - Pinky And The Brain - S3E19 E20 - Pinky And The Brainmaker, Calvin Brain.avi
recycle_bin	g:\TV\Look at Later\Season 3\Documentary of My Ex-Girlfriend Complex - S03E20 - Secret World of Alex Mack, The - S3E20 - The Creeper.avi
recycle_bin	g:\TV\Look at Later\Season 3\Documentary of My Ex-Girlfriend Complex - S03E21 - Secret World of Alex Mack, The - S3E21 - Triangle.avi
recycle_bin	g:\TV\Look at Later\Season 3\Documentary of My Ex-Girlfriend Complex - S03E21 - Pinky And The Brain - S3E21 E22 - Pinky Suavo, T.H.E.Y.avi
recycle_bin	g:\TV\Look at Later\Season 3\Documentary of My Ex-Girlfriend Complex - S03E22 - Secret World of Alex Mack, The - S3E22 - Friends Like That.avi
recycle_bin	g:\TV\Look at Later\Season 3\Documentary of My Ex-Girlfriend Complex - S03E23 - Secret World of Alex Mack, The - S3E23 - BMX.avi
recycle_bin	g:\TV\Look at Later\Season 3\Documentary of My Ex-Girlfriend Complex - S03E24 - Secret World of Alex Mack, The - S3E24 - Nightmare in Paradise.avi
recycle_bin	g:\TV\Look at Later\Season 3\Documentary of My Ex-Girlfriend Complex - S03E25 - Secret World of Alex Mack, The - S3E25 - Cheers.avi
recycle_bin	g:\TV\Look at Later\Season 3\Documentary of My Ex-Girlfriend Complex - S03E26 - Pinky And The Brain - S3E26 - Brainy Jack.avi
recycle_bin	g:\TV\Look at Later\Season 3\Documentary of My Ex-Girlfriend Complex - S03E27 - Pinky And The Brain - S3E27 E28 - Leggo My Ego, Big In Japan.avi
recycle_bin	g:\TV\Look at Later\Season 3\Documentary of My Ex-Girlfriend Complex - S03E29 - Pinky And The Brain - S3E29 - But, That's Not All Folks!.avi
recycle_bin	g:\TV\Look at Later\Season 3\Documentary of My Ex-Girlfriend Complex - S03E30 - Pinky And The Brain - S3E30 E31 - Operation Sea Lion, You Said A Mouseful.avi
recycle_bin	g:\TV\Look at Later\Season 3\Documentary of My Ex-Girlfriend Complex - S03E32 - Pinky And The Brain - S3E32 E33 - The Tailor And The Mice, Bah, Wilderness.avi
recycle_bin	g:\TV\Look at Later\Season 3\Documentary of My Ex-Girlfriend Complex - S03E34 - Pinky And The Brain - S3E34 E35 - Pinky At The Bat, Schpiel-Borg.avi
recycle_bin	g:\TV\Look at Later\Season 3\Documentary of My Ex-Girlfriend Complex - S03E36 - Pinky And The Brain - S3E36 - Broadway Malady.avi
recycle_bin	g:\TV\Look at Later\Season 3\Documentary of My Ex-Girlfriend Complex - S03E37 - Pinky And The Brain - S3E37 E38 - The Megalomaniacal Adventures Of Brainie The Poo - The Melancholy Brain.avi
recycle_bin	g:\TV\Look at Later\Season 3\Documentary of My Ex-Girlfriend Complex - S03E39 - Pinky And The Brain - S3E39 - Inherit The Wheeze.avi
recycle_bin	g:\TV\Look at Later\Season 3\Documentary of My Ex-Girlfriend Complex - S03E40 - Pinky And The Brain - S3E40 E41 - Brain's Night Off - Beach Blanket Brain.avi
recycle_bin	g:\TV\Look at Later\Season 3\Documentary of My Ex-Girlfriend Complex - S03E42 - Pinky And The Brain - S3E42 - The Family That Poits Together, Narfs Together.avi
recycle_bin	g:\TV\Look at Later\Season 3\Documentary of My Ex-Girlfriend Complex - S03E43 - Pinky And The Brain - S3E43 E44 - Pinky's Turn, Your Friend Global Domination.avi
recycle_bin	g:\TV\Look at Later\Season 3\Documentary of My Ex-Girlfriend Complex - S03E45 - Pinky And The Brain - S3E45 - You'll Never Eat Food Pellets In This Town, Again!.avi
recycle_bin	g:\TV\Look at Later\Season 3\Documentary of My Ex-Girlfriend Complex - S03E46 - Pinky And The Brain - S3E46 - Dangerous Brains.avi
recycle_bin	g:\TV\Look at Later\Season 3\Documentary of My Ex-Girlfriend Complex - S03E47 - Pinky And The Brain - S3E47 E48 - Whatever Happened To Baby Brain, Just Say Narf.avi
recycle_bin	g:\TV\Look at Later\Season 3\Documentary of My Ex-Girlfriend Complex - S03E49 - Pinky And The Brain - S3E49 E50 E51 - The Pinky P.O.V., The Really Great Dictator, Brain Food.avi
recycle_bin	g:\TV\Look at Later\Season 4\Documentary of My Ex-Girlfriend Complex - S04E01 - Secret World of Alex Mack, The - S4E01 - Driving.avi
recycle_bin	g:\TV\Look at Later\Season 4\Documentary of My Ex-Girlfriend Complex - S04E02 - Secret World of Alex Mack, The - S4E02 - Green Day.avi
recycle_bin	g:\TV\Look at Later\Season 4\Documentary of My Ex-Girlfriend Complex - S04E03 - Secret World of Alex Mack, The - S4E03 - Camping.avi
recycle_bin	g:\TV\Look at Later\Season 4\Documentary of My Ex-Girlfriend Complex - S04E04 - Secret World of Alex Mack, The - S4E04 - Ashley.avi
recycle_bin	g:\TV\Look at Later\Season 4\Documentary of My Ex-Girlfriend Complex - S04E04 - Pinky And The Brain - S4E4 E5 - To Russia With Lab Mice, Hickory Dickory Bonk.avi
recycle_bin	g:\TV\Look at Later\Season 4\Documentary of My Ex-Girlfriend Complex - S04E05 - Secret World of Alex Mack, The - S4E05 - Oscar.avi
recycle_bin	g:\TV\Look at Later\Season 4\Documentary of My Ex-Girlfriend Complex - S04E06 - Secret World of Alex Mack, The - S4E06 - Foot Fault.avi
recycle_bin	g:\TV\Look at Later\Season 4\Documentary of My Ex-Girlfriend Complex - S04E07 - Secret World of Alex Mack, The - S4E07 - The Switch.avi
recycle_bin	g:\TV\Look at Later\Season 4\Documentary of My Ex-Girlfriend Complex - S04E07 - Pinky And The Brain - S4E7 E8 - A Legendary Tail, Project B.R.A.I.N.avi
recycle_bin	g:\TV\Look at Later\Season 4\Documentary of My Ex-Girlfriend Complex - S04E08 - Secret World of Alex Mack, The - S4E08 - The Storm.avi
recycle_bin	g:\TV\Look at Later\Season 4\Documentary of My Ex-Girlfriend Complex - S04E09 - Secret World of Alex Mack, The - S4E09 - Leaving.avi
recycle_bin	g:\TV\Look at Later\Season 4\Documentary of My Ex-Girlfriend Complex - S04E10 - Secret World of Alex Mack, The - S4E10 - Senora Garcia.avi
recycle_bin	g:\TV\Look at Later\Season 4\Documentary of My Ex-Girlfriend Complex - S04E11 - Secret World of Alex Mack, The - S4E11 - The Doctor.avi
recycle_bin	g:\TV\Look at Later\Season 4\Documentary of My Ex-Girlfriend Complex - S04E12 - Secret World of Alex Mack, The - S4E12 - The Band.avi
recycle_bin	g:\TV\Look at Later\Season 4\Documentary of My Ex-Girlfriend Complex - S04E13 - Secret World of Alex Mack, The - S4E13 - Things Change.avi
recycle_bin	g:\TV\Look at Later\Season 4\Documentary of My Ex-Girlfriend Complex - S04E14 - Secret World of Alex Mack, The - S4E14 - The Return.avi
recycle_bin	g:\TV\Look at Later\Season 4\Documentary of My Ex-Girlfriend Complex - S04E15 - Secret World of Alex Mack, The - S4E15 - Friendly Fire.avi
recycle_bin	g:\TV\Look at Later\Season 4\Documentary of My Ex-Girlfriend Complex - S04E16 - Secret World of Alex Mack, The - S4E16 - Lies And Secrets.avi
recycle_bin	g:\TV\Look at Later\Season 4\Documentary of My Ex-Girlfriend Complex - S04E17 - Secret World of Alex Mack, The - S4E17 - Without Feathers.avi
recycle_bin	g:\TV\Look at Later\Season 4\Documentary of My Ex-Girlfriend Complex - S04E18 - 4x18 - Car Wars.avi
recycle_bin	g:\TV\Look at Later\Season 4\Documentary of My Ex-Girlfriend Complex - S04E18 - Secret World of Alex Mack, The - S4E18 - 24 Hours.avi
recycle_bin	g:\TV\Look at Later\Season 4\Documentary of My Ex-Girlfriend Complex - S04E19 - Secret World of Alex Mack, The - S4E19 - Paradise Lost (Part 1).avi
recycle_bin	g:\TV\Look at Later\Season 4\Documentary of My Ex-Girlfriend Complex - S04E20 - Secret World of Alex Mack, The - S4E20 - Paradise Regained (Part 2).avi
recycle_bin	g:\TV\Look at Later\Season 4\Documentary of My Ex-Girlfriend Complex - S04E21 - 4x21 - Teacher's Pest.avi
recycle_bin	g:\TV\Look at Later\Season 4\Documentary of My Ex-Girlfriend Complex - S04E22 - 4x22 - Wedding Bell Blues.avi
recycle_bin	g:\TV\Look at Later\Season 4\Documentary of My Ex-Girlfriend Complex - S04E23 - 4x23 - The Countdown.avi
recycle_bin	g:\TV\Look at Later\Season 4\Documentary of My Ex-Girlfriend Complex - S04E24 - 4x24 - The Ice Melts.avi
recycle_bin	g:\TV\Look at Later\Season 4\Documentary of My Ex-Girlfriend Complex - S04E25 - 4x25 - The Blood Test.avi
recycle_bin	g:\TV\Look at Later\Season 4\Documentary of My Ex-Girlfriend Complex - S04E26 - 4x26 - The Queen.avi
recycle_bin	g:\TV\Look at Later\Season 5\Documentary of My Ex-Girlfriend Complex - S05E01 - 5x01 - Good Skates.avi
recycle_bin	g:\TV\Look at Later\Season 5\Documentary of My Ex-Girlfriend Complex - S05E02 - 5x02 - Lie-Ability.avi
recycle_bin	g:\TV\Look at Later\Season 5\Documentary of My Ex-Girlfriend Complex - S05E03 - 5x03- The Newsletter.avi
recycle_bin	g:\TV\Look at Later\Season 5\Documentary of My Ex-Girlfriend Complex - S05E04 - 5x04 - Tooth or Consequences.avi
recycle_bin	g:\TV\Look at Later\Season 5\Documentary of My Ex-Girlfriend Complex - S05E05 - 5x05 - Dog Day Mid-Afternoon.avi
recycle_bin	g:\TV\Look at Later\Season 5\Documentary of My Ex-Girlfriend Complex - S05E06 - 5x06 - Poetry In Motion.avi
recycle_bin	g:\TV\Look at Later\Season 5\Documentary of My Ex-Girlfriend Complex - S05E07 - 5x07 - Father Knows Best (1).avi
recycle_bin	g:\TV\Look at Later\Season 5\Documentary of My Ex-Girlfriend Complex - S05E08 - 5x08 - Father Knows Best (2).avi
recycle_bin	g:\TV\Look at Later\Season 5\Documentary of My Ex-Girlfriend Complex - S05E09 - 5x09 - Hello Ball.avi
recycle_bin	g:\TV\Look at Later\Season 5\Documentary of My Ex-Girlfriend Complex - S05E10 - 5x10 - Almost Live from Chicago.avi
recycle_bin	g:\TV\Look at Later\Season 5\Documentary of My Ex-Girlfriend Complex - S05E11 - Ren & Stimpy - 5x11 - A Scooter for Yaksmas.avi
recycle_bin	g:\TV\Look at Later\Season 5\Documentary of My Ex-Girlfriend Complex - S05E12 - 5x12 - Everybody In The Pool.avi
recycle_bin	g:\TV\Look at Later\Season 5\Documentary of My Ex-Girlfriend Complex - S05E13 - 5x13 - Because They're Cousins.avi
recycle_bin	g:\TV\Look at Later\Season 5\Documentary of My Ex-Girlfriend Complex - S05E14 - 5x14 - Disorderly Orderlies.avi
recycle_bin	g:\TV\Look at Later\Season 5\Documentary of My Ex-Girlfriend Complex - S05E15 - 5x15 - The Selling Of Mypos.avi
recycle_bin	g:\TV\Look at Later\Season 5\Documentary of My Ex-Girlfriend Complex - S05E16 - 5x16 - Nightmare Vacation.avi
recycle_bin	g:\TV\Look at Later\Season 5\Documentary of My Ex-Girlfriend Complex - S05E17 - 5x17 - Three's A Crowd.avi
recycle_bin	g:\TV\Look at Later\Season 5\Documentary of My Ex-Girlfriend Complex - S05E18 - 5x18 - A Blast from the Past.avi
recycle_bin	g:\TV\Look at Later\Season 5\Documentary of My Ex-Girlfriend Complex - S05E19 - 5x19 - He`s the Boss.avi
recycle_bin	g:\TV\Look at Later\Season 5\Documentary of My Ex-Girlfriend Complex - S05E20 - 5x20 - Here Comes The Judge.avi
recycle_bin	g:\TV\Look at Later\Season 5\Documentary of My Ex-Girlfriend Complex - S05E21 - 5x21 - This Old House.avi
recycle_bin	g:\TV\Look at Later\Season 5\Documentary of My Ex-Girlfriend Complex - S05E22 - 5x22 - Eyewitless Reports.avi
recycle_bin	g:\TV\Look at Later\Season 5\Documentary of My Ex-Girlfriend Complex - S05E23 - 5x23 - Bye Bye Birdie.avi
recycle_bin	g:\TV\Look at Later\Season 5\Documentary of My Ex-Girlfriend Complex - S05E24 - 5x24 - Digging Up the News.avi
recycle_bin	g:\TV\Look at Later\Season 6\Documentary of My Ex-Girlfriend Complex - S06E01 - 6x01 - Safe at Home.avi
recycle_bin	g:\TV\Look at Later\Season 6\Documentary of My Ex-Girlfriend Complex - S06E02 - Ren & Stimpy - 6x02 - Ren Seeks Help.avi
recycle_bin	g:\TV\Look at Later\Season 6\Documentary of My Ex-Girlfriend Complex - S06E03 - 6x03 - The Break Up.avi
recycle_bin	g:\TV\Look at Later\Season 6\Documentary of My Ex-Girlfriend Complex - S06E04 - Ren & Stimpy - 6x04 - Fire Dogs Pt1 & Pt2Ep1 (with Ralph Bakshi).avi
recycle_bin	g:\TV\Look at Later\Season 6\Documentary of My Ex-Girlfriend Complex - S06E05 - 6x05 - Family Feud.avi
recycle_bin	g:\TV\Look at Later\Season 6\Documentary of My Ex-Girlfriend Complex - S06E06 - 6x06 - Call Me Indestructible.avi
recycle_bin	g:\TV\Look at Later\Season 6\Documentary of My Ex-Girlfriend Complex - S06E07 - 6x07 - The Men Who Knew Too Much (1).avi
recycle_bin	g:\TV\Look at Later\Season 6\Documentary of My Ex-Girlfriend Complex - S06E08 - 6x08 - The Men Who Knew Too Much (2).avi
recycle_bin	g:\TV\Look at Later\Season 6\Documentary of My Ex-Girlfriend Complex - S06E09 - 6x09 - The Ring.avi
recycle_bin	g:\TV\Look at Later\Season 6\Documentary of My Ex-Girlfriend Complex - S06E10 - 6x10 - Black Widow.avi
recycle_bin	g:\TV\Look at Later\Season 6\Documentary of My Ex-Girlfriend Complex - S06E11 - 6x11 - The Sunshine Boys.avi
recycle_bin	g:\TV\Look at Later\Season 6\Documentary of My Ex-Girlfriend Complex - S06E12 - 6x12 - Hocus Pocus.avi
recycle_bin	g:\TV\Look at Later\Season 6\Documentary of My Ex-Girlfriend Complex - S06E13 - 6x13 - Finders Keepers.avi
recycle_bin	g:\TV\Look at Later\Season 6\Documentary of My Ex-Girlfriend Complex - S06E14 - 6x14 - Grandpa.avi
recycle_bin	g:\TV\Look at Later\Season 6\Documentary of My Ex-Girlfriend Complex - S06E15 - 6x15 - Little Apartment of Horrors.avi
recycle_bin	g:\TV\Look at Later\Season 6\Documentary of My Ex-Girlfriend Complex - S06E16 - 6x16 - I Saw This On TV.avi
recycle_bin	g:\TV\Look at Later\Season 6\Documentary of My Ex-Girlfriend Complex - S06E17 - 6x17 - Speak Memory.avi
recycle_bin	g:\TV\Look at Later\Season 6\Documentary of My Ex-Girlfriend Complex - S06E18 - 6x18 - Out of Sync.avi
recycle_bin	g:\TV\Look at Later\Season 6\Documentary of My Ex-Girlfriend Complex - S06E19 - 6x19 - See How They Run.avi
recycle_bin	g:\TV\Look at Later\Season 6\Documentary of My Ex-Girlfriend Complex - S06E20 - 6x20 - Climb Every Billboard.avi
recycle_bin	g:\TV\Look at Later\Season 6\Documentary of My Ex-Girlfriend Complex - S06E21 - 6x21 - A Catered Affair.avi
recycle_bin	g:\TV\Look at Later\Season 6\Documentary of My Ex-Girlfriend Complex - S06E22 - 6x22 - Duck Soup.avi
recycle_bin	g:\TV\Look at Later\Season 6\Documentary of My Ex-Girlfriend Complex - S06E23 - 6x23 - Great Balls Of Fire.avi
recycle_bin	g:\TV\Look at Later\Season 6\Documentary of My Ex-Girlfriend Complex - S06E24 - 6x24 - See You In September.avi
recycle_bin	g:\TV\Look at Later\Season 7\Documentary of My Ex-Girlfriend Complex - S07E01 - 7x01 - Bachelor Party.avi
recycle_bin	g:\TV\Look at Later\Season 7\Documentary of My Ex-Girlfriend Complex - S07E02 - 7x02 - The Wedding.avi
recycle_bin	g:\TV\Look at Later\Season 7\Documentary of My Ex-Girlfriend Complex - S07E03 - 7x03 - This New House.avi
recycle_bin	g:\TV\Look at Later\Season 7\Documentary of My Ex-Girlfriend Complex - S07E04 - 7x04 - Door To Door.avi
recycle_bin	g:\TV\Look at Later\Season 7\Documentary of My Ex-Girlfriend Complex - S07E05 - 7x05 - Weekend At Ferdinand's.avi
recycle_bin	g:\TV\Look at Later\Season 7\Documentary of My Ex-Girlfriend Complex - S07E06 - 7x06 - Fright Night.avi
recycle_bin	g:\TV\Look at Later\Season 7\Documentary of My Ex-Girlfriend Complex - S07E07 - 7x07 - The Gazebo.avi
recycle_bin	g:\TV\Look at Later\Season 7\Documentary of My Ex-Girlfriend Complex - S07E08 - 7x08 - Citizenship (1).avi
recycle_bin	g:\TV\Look at Later\Season 7\Documentary of My Ex-Girlfriend Complex - S07E09 - 7x09 - Citizenship, Part 2of2.avi
recycle_bin	g:\TV\Look at Later\Season 7\Documentary of My Ex-Girlfriend Complex - S07E10 - 7x10 - Wild Turkey.avi
recycle_bin	g:\TV\Look at Later\Season 7\Documentary of My Ex-Girlfriend Complex - S07E11 - 7x11 - Dimitri's World.avi
recycle_bin	g:\TV\Look at Later\Season 7\Documentary of My Ex-Girlfriend Complex - S07E12 - 7x12 - Car Tunes.avi
recycle_bin	g:\TV\Look at Later\Season 7\Documentary of My Ex-Girlfriend Complex - S07E13 - 7x13 - Two Angry Men.avi
recycle_bin	g:\TV\Look at Later\Season 7\Documentary of My Ex-Girlfriend Complex - S07E14 - 7x14 - Missing.avi
recycle_bin	g:\TV\Look at Later\Season 7\Documentary of My Ex-Girlfriend Complex - S07E15 - 7x15 - Going Once, Going Twice.avi
recycle_bin	g:\TV\Look at Later\Season 7\Documentary of My Ex-Girlfriend Complex - S07E16 - 7x16 - Yes Sir, That's My Baby.avi
recycle_bin	g:\TV\Look at Later\Season 7\Documentary of My Ex-Girlfriend Complex - S07E17 - 7x17 - Wayne Man.avi
recycle_bin	g:\TV\Look at Later\Season 7\Documentary of My Ex-Girlfriend Complex - S07E18 - 7x18 - The Elevator.avi
recycle_bin	g:\TV\Look at Later\Season 7\Documentary of My Ex-Girlfriend Complex - S07E19 - 7x19 - The Play's The Thing.avi
recycle_bin	g:\TV\Look at Later\Season 7\Documentary of My Ex-Girlfriend Complex - S07E20 - 7x20 - Stress Test.avi
recycle_bin	g:\TV\Look at Later\Season 7\Documentary of My Ex-Girlfriend Complex - S07E21 - 7x21 - Or Get Off the Pot (1).avi
recycle_bin	g:\TV\Look at Later\Season 7\Documentary of My Ex-Girlfriend Complex - S07E22 - 7x22 - Chicago Suite (2).avi
recycle_bin	g:\TV\Look at Later\Season 7\Documentary of My Ex-Girlfriend Complex - S07E23 - 7x23 - It Had To Be You (1).avi
recycle_bin	g:\TV\Look at Later\Season 7\Documentary of My Ex-Girlfriend Complex - S07E24 - 7x24 - Get Me To The Dump On Time (2).avi
recycle_bin	g:\TV\Look at Later\Season 8\Documentary of My Ex-Girlfriend Complex - S08E01 - 8x01 - The Baby Shower.avi
recycle_bin	g:\TV\Look at Later\Season 8\Documentary of My Ex-Girlfriend Complex - S08E02 - 8x02 - After Hours.avi
recycle_bin	g:\TV\Look at Later\Season 8\Documentary of My Ex-Girlfriend Complex - S08E03 - 8x03 - Lethal Weapon.avi
recycle_bin	g:\TV\Look at Later\Season 8\Documentary of My Ex-Girlfriend Complex - S08E04 - 8x04 - Baby Quiz.avi
recycle_bin	g:\TV\Look at Later\Season 8\Documentary of My Ex-Girlfriend Complex - S08E05 - 8x05 - Up, Up And Away (1).avi
recycle_bin	g:\TV\Look at Later\Season 8\Documentary of My Ex-Girlfriend Complex - S08E06 - 8x06 - Up, Up and Away (2).avi
recycle_bin	g:\TV\Look at Later\Documentary of My Ex-Girlfriend Complex - S00E00 - Ren & Stimpy - 0x00 - Man's Best Friend (Banned Episode) & Big House Blues (Uncut Pilot).avi
recycle_bin	g:\TV\Look at Later\Season 2\General Inakappe - S02E02 - Attack of the Killer Tomatoes Season 02 Episode 002 A Rotten Reversal (1).mp4
recycle_bin	g:\TV\Look at Later\Season 2\General Inakappe - S02E08 - Attack of the Killer Tomatoes season 2 episode 8 _The Great Tomato Wars_ (1).mp4
recycle_bin	g:\TV\Look at Later\Season 1\General Inakappe - S01E11 - Episode 11 Episode 12.mkv
recycle_bin	g:\TV\Look at Later\Season 1\General Inakappe - S01E15 - Episode 15.m4v
recycle_bin	g:\TV\Look at Later\Season 1\General Inakappe - S01E16 - Episode 16.mkv
recycle_bin	g:\TV\Look at Later\Season 1\General Inakappe - S01E17 - Episode 17.mkv
recycle_bin	g:\TV\Look at Later\Season 1\General Inakappe - S01E18 - Episode 18.mkv
recycle_bin	g:\TV\Look at Later\Season 1\General Inakappe - S01E19 - Episode 19.mkv
recycle_bin	g:\TV\Look at Later\Season 2\General Inakappe - S02E01 - Best.Friends.Whenever.S02E01.mkv
recycle_bin	g:\TV\Look at Later\Season 2\General Inakappe - S02E04 - Best.Friends.Whenever.S02E04.mkv
recycle_bin	g:\TV\Look at Later\Season 2\General Inakappe - S02E05 - Best.Friends.Whenever.S02E05.mkv
recycle_bin	g:\TV\Look at Later\Season 2\General Inakappe - S02E01 - Video.avi
recycle_bin	g:\TV\Look at Later\Season 2\General Inakappe - S02E02 - Video.avi
recycle_bin	g:\TV\Look at Later\Season 2\General Inakappe - S02E05 - Video.avi
recycle_bin	g:\TV\Look at Later\Season 2\General Inakappe - S02E07 - Video.avi
recycle_bin	g:\TV\Look at Later\Season 2\General Inakappe - S02E08 - Video.avi
recycle_bin	g:\TV\Look at Later\Season 2\General Inakappe - S02E09 - Video.avi
recycle_bin	g:\TV\Look at Later\Season 2\General Inakappe - S02E10 - Video.avi
recycle_bin	g:\TV\Look at Later\Season 2\General Inakappe - S02E11 - Video.avi
recycle_bin	g:\TV\Look at Later\Season 2\General Inakappe - S02E12 - Video.avi
recycle_bin	g:\TV\Look at Later\Season 2\General Inakappe - S02E13 - Video.avi
recycle_bin	g:\TV\Look at Later\Season 2\General Inakappe - S02E14 - Video.avi
recycle_bin	g:\TV\Look at Later\Season 2\General Inakappe - S02E15 - Video.avi
recycle_bin	g:\TV\Look at Later\Season 2\General Inakappe - S02E16 - Video.avi
recycle_bin	g:\TV\Look at Later\Season 2\General Inakappe - S02E17 - Video.avi
recycle_bin	g:\TV\Look at Later\Season 2\General Inakappe - S02E18 - Video.avi
recycle_bin	g:\TV\Look at Later\Season 2\General Inakappe - S02E19 - Video.avi
recycle_bin	g:\TV\Look at Later\Season 2\General Inakappe - S02E20 - Video.avi
recycle_bin	g:\TV\Look at Later\Season 2\General Inakappe - S02E21 - Video.avi
recycle_bin	g:\TV\Look at Later\Season 2\General Inakappe - S02E22 - Video.avi
recycle_bin	g:\TV\Look at Later\Season 2\General Inakappe - S02E23 - Video.avi
recycle_bin	g:\TV\Look at Later\Season 2\General Inakappe - S02E24 - Video.avi
recycle_bin	g:\TV\Look at Later\Season 2\General Inakappe - S02E25 - Video.avi
recycle_bin	g:\TV\Look at Later\Season 2\General Inakappe - S02E26 - Video.avi
recycle_bin	g:\TV\Look at Later\Season 2\General Inakappe - S02E27 - Video.avi
recycle_bin	g:\TV\Look at Later\Season 2\General Inakappe - S02E28 - Video.avi
recycle_bin	g:\TV\Look at Later\Season 2\General Inakappe - S02E29 - Video.avi
recycle_bin	g:\TV\Look at Later\Season 2\General Inakappe - S02E30 - Video.avi
recycle_bin	g:\TV\Look at Later\Season 2\General Inakappe - S02E31 - Video.avi
recycle_bin	g:\TV\Look at Later\Season 2\General Inakappe - S02E32 - Video.avi
recycle_bin	g:\TV\Look at Later\Season 2\General Inakappe - S02E33 - Video.avi
recycle_bin	g:\TV\Look at Later\Season 2\General Inakappe - S02E34 - Video.avi
recycle_bin	g:\TV\Look at Later\Season 2\General Inakappe - S02E35 - Video.avi
recycle_bin	g:\TV\Look at Later\Season 2\General Inakappe - S02E36 - Video.avi
recycle_bin	g:\TV\Look at Later\Season 2\General Inakappe - S02E37 - Video.avi
recycle_bin	g:\TV\Look at Later\Season 2\General Inakappe - S02E38 - Video.avi
recycle_bin	g:\TV\Look at Later\Season 3\General Inakappe - S03E01 - 3x01 - Nobody's Perfect.avi
recycle_bin	g:\TV\Look at Later\Season 3\General Inakappe - S03E02 - 3x02 - The Moment Of Truth.avi
recycle_bin	g:\TV\Look at Later\Season 3\General Inakappe - S03E03 - 3x03 - Witches And Warlocks Are My Favorite Things.avi
recycle_bin	g:\TV\Look at Later\Season 3\General Inakappe - S03E04 - 3x04 - Accidental Twins.avi
recycle_bin	g:\TV\Look at Later\Season 3\General Inakappe - S03E05 - 3x05 - A Most Unusual Wood Nymph.avi
recycle_bin	g:\TV\Look at Later\Season 3\General Inakappe - S03E06 - 3x06 - Endora Moves In For A Spell.avi
recycle_bin	g:\TV\Look at Later\Season 3\General Inakappe - S03E07 - 3x07 - Twitch Or Treat.avi
recycle_bin	g:\TV\Look at Later\Season 3\General Inakappe - S03E08 - 3x08 - Dangerous Diaper Dan.avi
recycle_bin	g:\TV\Look at Later\Season 3\General Inakappe - S03E09 - 3x09 - The Short Happy Circuit Of Aunt Clara.avi
recycle_bin	g:\TV\Look at Later\Season 3\General Inakappe - S03E10 - 3x10 - I'd Rather Twitch Than Fight.avi
recycle_bin	g:\TV\Look at Later\Season 3\General Inakappe - S03E11 - 3x11 - Oedipus Hex.avi
recycle_bin	g:\TV\Look at Later\Season 3\General Inakappe - S03E12 - 3x12 - Sam's Spooky Chair.avi
recycle_bin	g:\TV\Look at Later\Season 3\General Inakappe - S03E13 - 3x13 - My Friend Ben.avi
recycle_bin	g:\TV\Look at Later\Season 3\General Inakappe - S03E14 - 3x14 - Samantha For The Defense.avi
recycle_bin	g:\TV\Look at Later\Season 3\General Inakappe - S03E15 - 3x15 - A Gazebo Never Forgets.avi
recycle_bin	g:\TV\Look at Later\Season 3\General Inakappe - S03E16 - 3x16 - Soapbox Derby.avi
recycle_bin	g:\TV\Look at Later\Season 3\General Inakappe - S03E17 - 3x17 - Sam In The Moon.avi
recycle_bin	g:\TV\Look at Later\Season 3\General Inakappe - S03E18 - 3x18 - Hoho The Clown.avi
recycle_bin	g:\TV\Look at Later\Season 3\General Inakappe - S03E19 - 3x19 - Super Car.avi
recycle_bin	g:\TV\Look at Later\Season 3\General Inakappe - S03E20 - 3x20 - The Corn Is As High As A Guernsey's Eye.avi
recycle_bin	g:\TV\Look at Later\Season 3\General Inakappe - S03E21 - 3x21 - Trial And Error Of Aunt Clara.avi
recycle_bin	g:\TV\Look at Later\Season 3\General Inakappe - S03E22 - 3x22 - Three Wishes.avi
recycle_bin	g:\TV\Look at Later\Season 3\General Inakappe - S03E23 - 3x23 - I Remember You... Sometimes.avi
recycle_bin	g:\TV\Look at Later\Season 3\General Inakappe - S03E24 - 3x24 - Art For Sam's Sake.avi
recycle_bin	g:\TV\Look at Later\Season 3\General Inakappe - S03E25 - 3x25 - Charlie Harper Winner.avi
recycle_bin	g:\TV\Look at Later\Season 3\General Inakappe - S03E26 - 3x26 - Aunt Clara's Victoria Victory.avi
recycle_bin	g:\TV\Look at Later\Season 3\General Inakappe - S03E27 - 3x27 - A Crone Of Cawdor.avi
recycle_bin	g:\TV\Look at Later\Season 3\General Inakappe - S03E28 - 3x28 - No More, Mr.Nice Guy.avi
recycle_bin	g:\TV\Look at Later\Season 3\General Inakappe - S03E29 - 3x29 - It's Wishcraft.avi
recycle_bin	g:\TV\Look at Later\Season 3\General Inakappe - S03E30 - 3x30 - How To Fail In Business With All Kinds Of Help.avi
recycle_bin	g:\TV\Look at Later\Season 3\General Inakappe - S03E31 - 3x31 - Bewitched, Bothered And Infuriated.avi
recycle_bin	g:\TV\Look at Later\Season 3\General Inakappe - S03E32 - 3x32 - Nobody But A Frog Knows How To Live.avi
recycle_bin	g:\TV\Look at Later\Season 3\General Inakappe - S03E33 - 3x33 - There's Gold In Them Thar Pills.avi
recycle_bin	g:\TV\Look at Later\Season 4\General Inakappe - S04E01 - 4x01 - Long Live The Queen.avi
recycle_bin	g:\TV\Look at Later\Season 4\General Inakappe - S04E02 - 4x02 - Toys In Babeland.avi
recycle_bin	g:\TV\Look at Later\Season 4\General Inakappe - S04E03 - 4x03 - Business, Italian Style.avi
recycle_bin	g:\TV\Look at Later\Season 4\General Inakappe - S04E04 - 4x04 - Double, Double, Toil And Trouble.avi
recycle_bin	g:\TV\Look at Later\Season 4\General Inakappe - S04E05 - 4x05 - Cheap, Cheap!.avi
recycle_bin	g:\TV\Look at Later\Season 4\General Inakappe - S04E06 - 4x06 - No Zip In My Zap.avi
recycle_bin	g:\TV\Look at Later\Season 4\General Inakappe - S04E07 - 4x07 - Birdies, Bogies And Baxter.avi
recycle_bin	g:\TV\Look at Later\Season 4\General Inakappe - S04E08 - 4x08 - A Safe And Sane Halloween.avi
recycle_bin	g:\TV\Look at Later\Season 4\General Inakappe - S04E09 - 4x09 - Out Of Sync, Out Of Mind.avi
recycle_bin	g:\TV\Look at Later\Season 4\General Inakappe - S04E10 - 4x10 - That Was No Chick, That Was My Wife.avi
recycle_bin	g:\TV\Look at Later\Season 4\General Inakappe - S04E11 - 4x11 - Allergic To Macedonian Dodo Birds.avi
recycle_bin	g:\TV\Look at Later\Season 4\General Inakappe - S04E12 - 4x12 - Samantha's Thanksgiving To Remember.avi
recycle_bin	g:\TV\Look at Later\Season 4\General Inakappe - S04E13 - 4x13 - The Solid Gold Mother-In-Law.avi
recycle_bin	g:\TV\Look at Later\Season 4\General Inakappe - S04E14 - 4x14 - My What Big Ears You Have.avi
recycle_bin	g:\TV\Look at Later\Season 4\General Inakappe - S04E15 - 4x15 - I Get Your Nannie, You Get My Goat.avi
recycle_bin	g:\TV\Look at Later\Season 4\General Inakappe - S04E16 - 4x16 - Humbug Not To Be Spoken Here.avi
recycle_bin	g:\TV\Look at Later\Season 4\General Inakappe - S04E17 - 4x17 - Samantha's Da Vinci Dilemma.avi
recycle_bin	g:\TV\Look at Later\Season 4\General Inakappe - S04E18 - 4x18 - Once In A Vial.avi
recycle_bin	g:\TV\Look at Later\Season 4\General Inakappe - S04E19 - 4x19 - Snob In The Grass.avi
recycle_bin	g:\TV\Look at Later\Season 4\General Inakappe - S04E20 - 4x20 - If They Never Met.avi
recycle_bin	g:\TV\Look at Later\Season 4\General Inakappe - S04E21 - 4x21 - Hippie, Hippie, Hooray.avi
recycle_bin	g:\TV\Look at Later\Season 4\General Inakappe - S04E22 - 4x22 - A Prince Of A Guy.avi
recycle_bin	g:\TV\Look at Later\Season 4\General Inakappe - S04E23 - 4x23 - McTavish.avi
recycle_bin	g:\TV\Look at Later\Season 4\General Inakappe - S04E24 - 4x24 - How Green Was My Grass.avi
recycle_bin	g:\TV\Look at Later\Season 4\General Inakappe - S04E25 - 4x25 - To Twitch Or Not To Twitch.avi
recycle_bin	g:\TV\Look at Later\Season 4\General Inakappe - S04E26 - 4x26 - Playmates.avi
recycle_bin	g:\TV\Look at Later\Season 4\General Inakappe - S04E27 - 4x27 - Tabatha's Cranky Spells.avi
recycle_bin	g:\TV\Look at Later\Season 4\General Inakappe - S04E28 - 4x28 - I Confess.avi
recycle_bin	g:\TV\Look at Later\Season 4\General Inakappe - S04E29 - 4x29 - A Majority Of Two.avi
recycle_bin	g:\TV\Look at Later\Season 4\General Inakappe - S04E30 - 4x30 - Samantha's Secret Saucer.avi
recycle_bin	g:\TV\Look at Later\Season 4\General Inakappe - S04E31 - 4x31 - The No-Harm Charm.avi
recycle_bin	g:\TV\Look at Later\Season 4\General Inakappe - S04E32 - 4x32 - Man Of The Year.avi
recycle_bin	g:\TV\Look at Later\Season 4\General Inakappe - S04E33 - 4x33 - Splitsville.avi
recycle_bin	g:\TV\Look at Later\Season 5\General Inakappe - S05E01 - 5x01 - Samantha's Wedding Present.avi
recycle_bin	g:\TV\Look at Later\Season 5\General Inakappe - S05E02 - 5x02 - Samantha Goes South For A Spell.avi
recycle_bin	g:\TV\Look at Later\Season 5\General Inakappe - S05E03 - 5x03 - Samantha On The Keyboard.avi
recycle_bin	g:\TV\Look at Later\Season 5\General Inakappe - S05E04 - 5x04 - Darrin Gone! And Forgotten.avi
recycle_bin	g:\TV\Look at Later\Season 5\General Inakappe - S05E05 - 5x05 - It's So Nice To Have A Spouse Around The House.avi
recycle_bin	g:\TV\Look at Later\Season 5\General Inakappe - S05E06 - 5x06 - Mirror, Mirror, On The Wall.avi
recycle_bin	g:\TV\Look at Later\Season 5\General Inakappe - S05E07 - 5x07 - Samantha's French Pastry.avi
recycle_bin	g:\TV\Look at Later\Season 5\General Inakappe - S05E08 - 5x08 - Is It Magic Or Imagination.avi
recycle_bin	g:\TV\Look at Later\Season 5\General Inakappe - S05E09 - 5x09 - Samantha Fights City Hall.avi
recycle_bin	g:\TV\Look at Later\Season 5\General Inakappe - S05E10 - 5x10 - Samantha Loses Her Voice.avi
recycle_bin	g:\TV\Look at Later\Season 5\General Inakappe - S05E11 - 5x11 - I Don't Want To Be A Toad, I Want To Be A Butterfly.avi
recycle_bin	g:\TV\Look at Later\Season 5\General Inakappe - S05E12 - 5x12 - Weep No More My Willow.avi
recycle_bin	g:\TV\Look at Later\Season 5\General Inakappe - S05E13 - 5x13 - Instant Courtesy.avi
recycle_bin	g:\TV\Look at Later\Season 5\General Inakappe - S05E14 - 5x14 - Samantha's Super Maid.avi
recycle_bin	g:\TV\Look at Later\Season 5\General Inakappe - S05E15 - 5x15 - Cousin Serena Strikes Again - Part I.avi
recycle_bin	g:\TV\Look at Later\Season 5\General Inakappe - S05E16 - 5x16 - Cousin Serena Strikes Again - Part II.avi
recycle_bin	g:\TV\Look at Later\Season 5\General Inakappe - S05E17 - 5x17 - One Touch Of Midas.avi
recycle_bin	g:\TV\Look at Later\Season 5\General Inakappe - S05E18 - 5x18 - Samantha, The Bard.avi
recycle_bin	g:\TV\Look at Later\Season 5\General Inakappe - S05E19 - 5x19 - Samantha, The Sculptress.avi
recycle_bin	g:\TV\Look at Later\Season 5\General Inakappe - S05E20 - 5x20 - Mrs.Stephens, Where Are You.avi
recycle_bin	g:\TV\Look at Later\Season 5\General Inakappe - S05E21 - 5x21 - Marriage Witch's Style.avi
recycle_bin	g:\TV\Look at Later\Season 5\General Inakappe - S05E22 - 5x22 - Going Ape.avi
recycle_bin	g:\TV\Look at Later\Season 5\General Inakappe - S05E23 - 5x23 - Tabatha's Weekend.avi
recycle_bin	g:\TV\Look at Later\Season 5\General Inakappe - S05E24 - 5x24 - The Battle Of Burning Oak.avi
recycle_bin	g:\TV\Look at Later\Season 5\General Inakappe - S05E25 - 5x25 - Samantha's Power Failure.avi
recycle_bin	g:\TV\Look at Later\Season 5\General Inakappe - S05E26 - 5x26 - Samantha Twitches For UNICEF.avi
recycle_bin	g:\TV\Look at Later\Season 5\General Inakappe - S05E27 - 5x27 - Daddy Does His Thing.avi
recycle_bin	g:\TV\Look at Later\Season 5\General Inakappe - S05E28 - 5x28 - Samantha's Good News.avi
recycle_bin	g:\TV\Look at Later\Season 5\General Inakappe - S05E29 - 5x29 - Samantha's Shopping Spree.avi
recycle_bin	g:\TV\Look at Later\Season 5\General Inakappe - S05E30 - 5x30 - Samantha And Darrin In Mexico City.avi
recycle_bin	g:\TV\Look at Later\Season 6\General Inakappe - S06E01 - 6x01 - Sam And The Beanstalk.avi
recycle_bin	g:\TV\Look at Later\Season 6\General Inakappe - S06E02 - 6x02 - Samantha's Yoo Hoo Maid.avi
recycle_bin	g:\TV\Look at Later\Season 6\General Inakappe - S06E03 - 6x03 - Samantha's Caesar Salad.avi
recycle_bin	g:\TV\Look at Later\Season 6\General Inakappe - S06E04 - 6x04 - Samantha's Curious Cravings.avi
recycle_bin	g:\TV\Look at Later\Season 6\General Inakappe - S06E05 - 6x05 - And Something Makes Four.avi
recycle_bin	g:\TV\Look at Later\Season 6\General Inakappe - S06E06 - 6x06 - Naming Samantha's New Baby.avi
recycle_bin	g:\TV\Look at Later\Season 6\General Inakappe - S06E07 - 6x07 - To Trick-Or-Treat Or Not To Trick-Or-Treat.avi
recycle_bin	g:\TV\Look at Later\Season 6\General Inakappe - S06E08 - 6x08 - A Bunny For Tabatha.avi
recycle_bin	g:\TV\Look at Later\Season 6\General Inakappe - S06E09 - 6x09 - Samantha's Secret Spell.avi
recycle_bin	g:\TV\Look at Later\Season 6\General Inakappe - S06E10 - 6x10 - Daddy Comes To Visit.avi
recycle_bin	g:\TV\Look at Later\Season 6\General Inakappe - S06E11 - 6x11 - Darrin The Warlock.avi
recycle_bin	g:\TV\Look at Later\Season 6\General Inakappe - S06E12 - 6x12 - Sam's Double Mother Trouble.avi
recycle_bin	g:\TV\Look at Later\Season 6\General Inakappe - S06E13 - 6x13 - You're So Agreeable.avi
recycle_bin	g:\TV\Look at Later\Season 6\General Inakappe - S06E14 - 6x14 - Santa Comes To Visit And Stays And Stays.avi
recycle_bin	g:\TV\Look at Later\Season 6\General Inakappe - S06E15 - 6x15 - Samantha's Better Halves.avi
recycle_bin	g:\TV\Look at Later\Season 6\General Inakappe - S06E16 - 6x16 - Samantha's Lost Weekend.avi
recycle_bin	g:\TV\Look at Later\Season 6\General Inakappe - S06E17 - 6x17 - The Phrase Is Familiar.avi
recycle_bin	g:\TV\Look at Later\Season 6\General Inakappe - S06E18 - 6x18 - Samantha's Secret Is Discovered.avi
recycle_bin	g:\TV\Look at Later\Season 6\General Inakappe - S06E19 - 6x19 - Tabatha's Very Own Samantha.avi
recycle_bin	g:\TV\Look at Later\Season 6\General Inakappe - S06E20 - 6x20 - Super Arthur.avi
recycle_bin	g:\TV\Look at Later\Season 6\General Inakappe - S06E21 - 6x21 - What Makes Darrin Run.avi
recycle_bin	g:\TV\Look at Later\Season 6\General Inakappe - S06E22 - 6x22 - Serena Stops The Show.avi
recycle_bin	g:\TV\Look at Later\Season 6\General Inakappe - S06E23 - 6x23 - Just A Kid Again.avi
recycle_bin	g:\TV\Look at Later\Season 6\General Inakappe - S06E24 - 6x24 - The Generation Zap.avi
recycle_bin	g:\TV\Look at Later\Season 6\General Inakappe - S06E25 - 6x25 - Okay, Who's The Wise Witch.avi
recycle_bin	g:\TV\Look at Later\Season 6\General Inakappe - S06E26 - 6x26 - A Chance On Love.avi
recycle_bin	g:\TV\Look at Later\Season 6\General Inakappe - S06E27 - 6x27 - If The Shoe Pinches.avi
recycle_bin	g:\TV\Look at Later\Season 6\General Inakappe - S06E28 - 6x28 - Mona Sammy.avi
recycle_bin	g:\TV\Look at Later\Season 6\General Inakappe - S06E29 - 6x29 - Turn On The Old Charm.avi
recycle_bin	g:\TV\Look at Later\Season 6\General Inakappe - S06E30 - 6x30 - Make Love Not Hate.avi
recycle_bin	g:\TV\Look at Later\Season 7\General Inakappe - S07E01 - s07e01.avi
recycle_bin	g:\TV\Look at Later\Season 7\General Inakappe - S07E02 - s07e02.avi
recycle_bin	g:\TV\Look at Later\Season 7\General Inakappe - S07E03 - s07e03.avi
recycle_bin	g:\TV\Look at Later\Season 7\General Inakappe - S07E04 - s07e04.avi
recycle_bin	g:\TV\Look at Later\Season 7\General Inakappe - S07E05 - s07e05.avi
recycle_bin	g:\TV\Look at Later\Season 7\General Inakappe - S07E06 - s07e06.avi
recycle_bin	g:\TV\Look at Later\Season 7\General Inakappe - S07E07 - s07e07.avi
recycle_bin	g:\TV\Look at Later\Season 7\General Inakappe - S07E08 - s07e08.avi
recycle_bin	g:\TV\Look at Later\Season 7\General Inakappe - S07E09 - s07e09.avi
recycle_bin	g:\TV\Look at Later\Season 7\General Inakappe - S07E10 - s07e10.avi
recycle_bin	g:\TV\Look at Later\Season 7\General Inakappe - S07E11 - s07e11.avi
recycle_bin	g:\TV\Look at Later\Season 7\General Inakappe - S07E12 - s07e12.avi
recycle_bin	g:\TV\Look at Later\Season 7\General Inakappe - S07E13 - s07e13.avi
recycle_bin	g:\TV\Look at Later\Season 7\General Inakappe - S07E14 - s07e14.avi
recycle_bin	g:\TV\Look at Later\Season 7\General Inakappe - S07E15 - s07e15.avi
recycle_bin	g:\TV\Look at Later\Season 7\General Inakappe - S07E16 - s07e16.avi
recycle_bin	g:\TV\Look at Later\Season 7\General Inakappe - S07E17 - s07e17.avi
recycle_bin	g:\TV\Look at Later\Season 7\General Inakappe - S07E18 - s07e18.avi
recycle_bin	g:\TV\Look at Later\Season 7\General Inakappe - S07E19 - s07e19.avi
recycle_bin	g:\TV\Look at Later\Season 7\General Inakappe - S07E20 - s07e20.avi
recycle_bin	g:\TV\Look at Later\Season 7\General Inakappe - S07E21 - s07e21.avi
recycle_bin	g:\TV\Look at Later\Season 7\General Inakappe - S07E22 - s07e22.avi
recycle_bin	g:\TV\Look at Later\Season 7\General Inakappe - S07E23 - s07e23.avi
recycle_bin	g:\TV\Look at Later\Season 7\General Inakappe - S07E24 - s07e24.avi
recycle_bin	g:\TV\Look at Later\Season 7\General Inakappe - S07E25 - s07e25.avi
recycle_bin	g:\TV\Look at Later\Season 7\General Inakappe - S07E26 - s07e26.avi
recycle_bin	g:\TV\Look at Later\Season 7\General Inakappe - S07E27 - s07e27.avi
recycle_bin	g:\TV\Look at Later\Season 7\General Inakappe - S07E28 - s07e28.avi
recycle_bin	g:\TV\Look at Later\Season 8\General Inakappe - S08E01 - bewitched.801.avi
recycle_bin	g:\TV\Look at Later\Season 8\General Inakappe - S08E02 - bewitched.802.avi
recycle_bin	g:\TV\Look at Later\Season 8\General Inakappe - S08E03 - bewitched.803.avi
recycle_bin	g:\TV\Look at Later\Season 8\General Inakappe - S08E04 - bewitched.804.avi
recycle_bin	g:\TV\Look at Later\Season 8\General Inakappe - S08E05 - bewitched.805.avi
recycle_bin	g:\TV\Look at Later\Season 8\General Inakappe - S08E06 - bewitched.806.avi
recycle_bin	g:\TV\Look at Later\Season 8\General Inakappe - S08E07 - bewitched.807.avi
recycle_bin	g:\TV\Look at Later\Season 8\General Inakappe - S08E08 - bewitched.808.avi
recycle_bin	g:\TV\Look at Later\Season 8\General Inakappe - S08E09 - bewitched.809.avi
recycle_bin	g:\TV\Look at Later\Season 8\General Inakappe - S08E10 - bewitched.810.avi
recycle_bin	g:\TV\Look at Later\Season 8\General Inakappe - S08E11 - bewitched.811.avi
recycle_bin	g:\TV\Look at Later\Season 8\General Inakappe - S08E12 - bewitched.812.avi
recycle_bin	g:\TV\Look at Later\Season 8\General Inakappe - S08E13 - bewitched.813.avi
recycle_bin	g:\TV\Look at Later\Season 8\General Inakappe - S08E14 - bewitched.814.avi
recycle_bin	g:\TV\Look at Later\Season 8\General Inakappe - S08E15 - bewitched.815.avi
recycle_bin	g:\TV\Look at Later\Season 8\General Inakappe - S08E16 - bewitched.816.avi
recycle_bin	g:\TV\Look at Later\Season 8\General Inakappe - S08E17 - bewitched.817.avi
recycle_bin	g:\TV\Look at Later\Season 8\General Inakappe - S08E18 - bewitched.818.avi
recycle_bin	g:\TV\Look at Later\Season 8\General Inakappe - S08E19 - bewitched.819.avi
recycle_bin	g:\TV\Look at Later\Season 8\General Inakappe - S08E20 - bewitched.820.avi
recycle_bin	g:\TV\Look at Later\Season 8\General Inakappe - S08E21 - bewitched.821.avi
recycle_bin	g:\TV\Look at Later\Season 8\General Inakappe - S08E22 - bewitched.822.avi
recycle_bin	g:\TV\Look at Later\Season 8\General Inakappe - S08E23 - bewitched.823.avi
recycle_bin	g:\TV\Look at Later\Season 8\General Inakappe - S08E24 - bewitched.824.avi
recycle_bin	g:\TV\Look at Later\Season 8\General Inakappe - S08E25 - bewitched.825.avi
recycle_bin	g:\TV\Look at Later\Season 8\General Inakappe - S08E26 - bewitched.826.avi
recycle_bin	g:\TV\Look at Later\Season 1\General Inakappe - S01E03 - Blues Clues - Shapes And Colors.avi
recycle_bin	g:\TV\Look at Later\Season 3\General Inakappe - S03E01 - Blue's Clues 03x01 Blue's Big Treasure Hunt.avi
recycle_bin	g:\TV\Look at Later\Season 3\General Inakappe - S03E02 - Blue's Clues 03x02 Art Appreciation!.avi
recycle_bin	g:\TV\Look at Later\Season 3\General Inakappe - S03E03 - Blue's Clues 03x03 Weight and Balance!.avi
recycle_bin	g:\TV\Look at Later\Season 3\General Inakappe - S03E04 - Blue's Clues 03x04 What's That Sound.avi
recycle_bin	g:\TV\Look at Later\Season 3\General Inakappe - S03E05 - Blue's Clues 03x05 Animal Behavior!.avi
recycle_bin	g:\TV\Look at Later\Season 3\General Inakappe - S03E06 - Blue's Clues 03x06 Blue's Big Pajama Party.avi
recycle_bin	g:\TV\Look at Later\Season 3\General Inakappe - S03E07 - Blue's Clues 03x07 Draw Along With Blue.avi
recycle_bin	g:\TV\Look at Later\Season 3\General Inakappe - S03E08 - Blue's Clues 03x08 Blue's Big Holiday.avi
recycle_bin	g:\TV\Look at Later\Season 3\General Inakappe - S03E09 - Blue's Clues 03x09 Pool Party.avi
recycle_bin	g:\TV\Look at Later\Season 3\General Inakappe - S03E10 - Blue's Clues 03x10 Anatomy!.avi
recycle_bin	g:\TV\Look at Later\Season 3\General Inakappe - S03E11 - Blue's Clues 03x11 Signs!.avi
recycle_bin	g:\TV\Look at Later\Season 3\General Inakappe - S03E12 - Blue's Clues 03x12 Nature.avi
recycle_bin	g:\TV\Look at Later\Season 3\General Inakappe - S03E13 - Blue's Clues 03x13 Geography.avi
recycle_bin	g:\TV\Look at Later\Season 3\General Inakappe - S03E14 - Blue's Clues 03x14 Occupations.avi
recycle_bin	g:\TV\Look at Later\Season 3\General Inakappe - S03E15 - Blue's Clues 03x15 Blue's Big Mystery.avi
recycle_bin	g:\TV\Look at Later\Season 3\General Inakappe - S03E16 - Blue's Clues 03x16 Periwinkle Misses His Friend.avi
recycle_bin	g:\TV\Look at Later\Season 3\General Inakappe - S03E17 - Blue's Clues 03x17 What's So Funny.avi
recycle_bin	g:\TV\Look at Later\Season 3\General Inakappe - S03E18 - Blue's Clues 03x18 Inventions.avi
recycle_bin	g:\TV\Look at Later\Season 3\General Inakappe - S03E19 - Blue's Clues 03x19 Blue's Play.avi
recycle_bin	g:\TV\Look at Later\Season 3\General Inakappe - S03E20 - Blue's Clues 03x20 Prehistoric Blue.avi
recycle_bin	g:\TV\Look at Later\Season 3\General Inakappe - S03E21 - Blue's Clues 03x21 Opposites - The Wrong Shirt.avi
recycle_bin	g:\TV\Look at Later\Season 3\General Inakappe - S03E22 - Blue's Clues 03x22 Words.avi
recycle_bin	g:\TV\Look at Later\Season 3\General Inakappe - S03E23 - Blue's Clues 03x23 Magenta Gets Glasses.avi
recycle_bin	g:\TV\Look at Later\Season 3\General Inakappe - S03E24 - Blue's Clues 03x24 Blue's Collection.avi
recycle_bin	g:\TV\Look at Later\Season 3\General Inakappe - S03E25 - Blue's Clues 03x25 Cafe Blue.avi
recycle_bin	g:\TV\Look at Later\Season 3\General Inakappe - S03E26 - Blue's Clues 03x26 Shy.avi
recycle_bin	g:\TV\Look at Later\Season 3\General Inakappe - S03E27 - Blue's Clues 03x27 Environments.avi
recycle_bin	g:\TV\Look at Later\Season 3\General Inakappe - S03E28 - Blue's Clues 03x28 Stormy Weather.avi
recycle_bin	g:\TV\Look at Later\Season 3\General Inakappe - S03E29 - Blue's Clues 03x29 Thankful.avi
recycle_bin	g:\TV\Look at Later\Season 3\General Inakappe - S03E30 - Blue's Clues 03x30 Blue's Big Costume Party.avi
recycle_bin	g:\TV\Look at Later\Season 6\General Inakappe - S06E01 - Blue's Clues 06x01 The Legend of the Blue Puppy.avi
recycle_bin	g:\TV\Look at Later\Season 6\General Inakappe - S06E02 - Blue's Clues 06x02 Love Day.avi
recycle_bin	g:\TV\Look at Later\Season 6\General Inakappe - S06E03 - Blue's Clues 06x03 Blue's Wishes.avi
recycle_bin	g:\TV\Look at Later\Season 6\General Inakappe - S06E04 - Blue's Clues 06x04 Joe's Clues.avi
recycle_bin	g:\TV\Look at Later\Season 6\General Inakappe - S06E05 - Blue's Clues 06x05 Skidoo Adventure.avi
recycle_bin	g:\TV\Look at Later\Season 6\General Inakappe - S06E06 - Blue's Clues 06x06 Playdates.avi
recycle_bin	g:\TV\Look at Later\Season 6\General Inakappe - S06E07 - Blue's Clues 06x07 The Fairy Tale Ball.avi
recycle_bin	g:\TV\Look at Later\Season 6\General Inakappe - S06E08 - Blue's Clues 06x08 Soccer Practice.avi
recycle_bin	g:\TV\Look at Later\Season 6\General Inakappe - S06E09 - Blue's Clues 06x09 Bluestock.avi
recycle_bin	g:\TV\Look at Later\Season 1\General Inakappe - S01E11 - Episode 11.mkv
recycle_bin	g:\TV\Look at Later\Season 2\General Inakappe - S02E01 - Brooklyn.Nine-Nine.S02E01.mp4
recycle_bin	g:\TV\Look at Later\Season 2\General Inakappe - S02E02 - Brooklyn.Nine-Nine.S02E02.mp4
recycle_bin	g:\TV\Look at Later\Season 2\General Inakappe - S02E03 - Brooklyn.Nine-Nine.S02E03.mp4
recycle_bin	g:\TV\Look at Later\Season 2\General Inakappe - S02E04 - Brooklyn.Nine-Nine.S02E04.mp4
recycle_bin	g:\TV\Look at Later\Season 2\General Inakappe - S02E05 - Brooklyn.Nine-Nine.S02E05.mp4
recycle_bin	g:\TV\Look at Later\Season 2\General Inakappe - S02E06 - Brooklyn.Nine-Nine.S02E06.mp4
recycle_bin	g:\TV\Look at Later\Season 2\General Inakappe - S02E07 - Brooklyn.Nine-Nine.S02E07.mp4
recycle_bin	g:\TV\Look at Later\Season 2\General Inakappe - S02E08 - Brooklyn.Nine-Nine.S02E08.mp4
recycle_bin	g:\TV\Look at Later\Season 2\General Inakappe - S02E09 - Brooklyn.Nine-Nine.S02E09.mp4
recycle_bin	g:\TV\Look at Later\Season 2\General Inakappe - S02E10 - Brooklyn.Nine-Nine.S02E10.mp4
recycle_bin	g:\TV\Look at Later\Season 2\General Inakappe - S02E11 - Brooklyn.Nine-Nine.S02E11.mp4
recycle_bin	g:\TV\Look at Later\Season 2\General Inakappe - S02E12 - Brooklyn.Nine-Nine.S02E12.mp4
recycle_bin	g:\TV\Look at Later\Season 2\General Inakappe - S02E13 - Brooklyn.Nine-Nine.S02E13.avi
recycle_bin	g:\TV\Look at Later\Season 2\General Inakappe - S02E14 - Brooklyn.Nine-Nine.S02E14.mp4
recycle_bin	g:\TV\Look at Later\Season 2\General Inakappe - S02E15 - Brooklyn.Nine-Nine.S02E15.mp4
recycle_bin	g:\TV\Look at Later\Season 2\General Inakappe - S02E16 - Brooklyn.Nine-Nine.S02E16.mp4
recycle_bin	g:\TV\Look at Later\Season 2\General Inakappe - S02E17 - Brooklyn.Nine-Nine.S02E17.mp4
recycle_bin	g:\TV\Look at Later\Season 2\General Inakappe - S02E18 - Brooklyn.Nine-Nine.S02E18.mp4
recycle_bin	g:\TV\Look at Later\Season 2\General Inakappe - S02E19 - Brooklyn.Nine-Nine.S02E19.mp4
recycle_bin	g:\TV\Look at Later\Season 2\General Inakappe - S02E20 - Brooklyn.Nine-Nine.S02E20.mp4
recycle_bin	g:\TV\Look at Later\Season 2\General Inakappe - S02E21 - brooklyn.nine-nine.s02e21.mp4
recycle_bin	g:\TV\Look at Later\Season 2\General Inakappe - S02E22 - Brooklyn.Nine-Nine.S02E22.mp4
recycle_bin	g:\TV\Look at Later\Season 2\General Inakappe - S02E23 - Brooklyn.Nine-Nine.S02E23.mp4
recycle_bin	g:\TV\Look at Later\Season 3\General Inakappe - S03E01 - Brooklyn.Nine-Nine.S03E01.mp4
recycle_bin	g:\TV\Look at Later\Season 3\General Inakappe - S03E02 - Brooklyn.Nine-Nine.S03E02.mp4
recycle_bin	g:\TV\Look at Later\Season 3\General Inakappe - S03E03 - Brooklyn.Nine-Nine.S03E03.mp4
recycle_bin	g:\TV\Look at Later\Season 3\General Inakappe - S03E04 - Brooklyn.Nine-Nine.S03E04.mp4
recycle_bin	g:\TV\Look at Later\Season 3\General Inakappe - S03E05 - Brooklyn.Nine-Nine.S03E05.mp4
recycle_bin	g:\TV\Look at Later\Season 3\General Inakappe - S03E06 - Brooklyn.Nine-Nine.S03E06.mp4
recycle_bin	g:\TV\Look at Later\Season 3\General Inakappe - S03E07 - Brooklyn.Nine-Nine.S03E07.mp4
recycle_bin	g:\TV\Look at Later\Season 3\General Inakappe - S03E08 - Brooklyn.Nine-Nine.S03E08.mp4
recycle_bin	g:\TV\Look at Later\Season 3\General Inakappe - S03E09 - Brooklyn.Nine-Nine.S03E09.mp4
recycle_bin	g:\TV\Look at Later\Season 3\General Inakappe - S03E10 - Brooklyn.Nine-Nine.S03E10.mp4
recycle_bin	g:\TV\Look at Later\Season 3\General Inakappe - S03E11 - Brooklyn.Nine-Nine.S03E11.mp4
recycle_bin	g:\TV\Look at Later\Season 3\General Inakappe - S03E12 - Brooklyn.Nine-Nine.S03E12.mp4
recycle_bin	g:\TV\Look at Later\Season 3\General Inakappe - S03E13 - Brooklyn.Nine-Nine.S03E13.1080p.WEB-DL.DD5.1.H264-RARBG.mkv
recycle_bin	g:\TV\Look at Later\Season 3\General Inakappe - S03E14 - Brooklyn.Nine-Nine.S03E14.mp4
recycle_bin	g:\TV\Look at Later\Season 3\General Inakappe - S03E15 - Brooklyn.Nine-Nine.S03E15.mp4
recycle_bin	g:\TV\Look at Later\Season 3\General Inakappe - S03E16 - Brooklyn.Nine-Nine.S03E16.mp4
recycle_bin	g:\TV\Look at Later\Season 3\General Inakappe - S03E17 - Brooklyn.Nine-Nine.S03E17.mp4
recycle_bin	g:\TV\Look at Later\Season 3\General Inakappe - S03E18 - Brooklyn.Nine-Nine.S03E18.mp4
recycle_bin	g:\TV\Look at Later\Season 3\General Inakappe - S03E19 - Brooklyn.Nine-Nine.S03E19.mp4
recycle_bin	g:\TV\Look at Later\Season 3\General Inakappe - S03E20 - Brooklyn.Nine-Nine.S03E20.mp4
recycle_bin	g:\TV\Look at Later\Season 3\General Inakappe - S03E21 - brooklyn.nine-nine.321.mp4
recycle_bin	g:\TV\Look at Later\Season 3\General Inakappe - S03E22 - Brooklyn.Nine-Nine.S03E22.mkv
recycle_bin	g:\TV\Look at Later\Season 3\General Inakappe - S03E23 - Brooklyn.Nine-Nine.S03E23.mp4
recycle_bin	g:\TV\Look at Later\Season 1\General Inakappe - S01E02 - Episode 2.avi
recycle_bin	g:\TV\Look at Later\Season 1\General Inakappe - S01E03 - Episode 3.avi
recycle_bin	g:\TV\Look at Later\Season 1\General Inakappe - S01E04 - Episode 4.avi
recycle_bin	g:\TV\Look at Later\Season 1\General Inakappe - S01E05 - Episode 5.avi
recycle_bin	g:\TV\Look at Later\Season 1\General Inakappe - S01E06 - Episode 6.avi
recycle_bin	g:\TV\Look at Later\Season 1\General Inakappe - S01E07 - Episode 7.avi
recycle_bin	g:\TV\Look at Later\Season 1\General Inakappe - S01E08 - Episode 8.avi
recycle_bin	g:\TV\Look at Later\Season 1\General Inakappe - S01E09 - Episode 9.avi
recycle_bin	g:\TV\Look at Later\Season 1\General Inakappe - S01E10 - Episode 10.avi
recycle_bin	g:\TV\Look at Later\Season 1\General Inakappe - S01E11 - Episode 11.avi
recycle_bin	g:\TV\Look at Later\Season 1\General Inakappe - S01E12 - Episode 12.avi
recycle_bin	g:\TV\Look at Later\Season 1\General Inakappe - S01E13 - Episode 13.avi
recycle_bin	g:\TV\Look at Later\Season 1\General Inakappe - S01E14 - Episode 14.avi
recycle_bin	g:\TV\Look at Later\Season 1\General Inakappe - S01E15 - Episode 15.avi
recycle_bin	g:\TV\Look at Later\Season 1\General Inakappe - S01E16 - Episode 16.avi
recycle_bin	g:\TV\Look at Later\Season 1\General Inakappe - S01E17 - Episode 17.avi
recycle_bin	g:\TV\Look at Later\Season 1\General Inakappe - S01E18 - Episode 18.avi
recycle_bin	g:\TV\Look at Later\Season 1\General Inakappe - S01E19 - Episode 19.avi
recycle_bin	g:\TV\Look at Later\Season 1\General Inakappe - S01E20 - Episode 20.avi
recycle_bin	g:\TV\Look at Later\Season 1\General Inakappe - S01E21 - Episode 21.avi
recycle_bin	g:\TV\Look at Later\Season 1\General Inakappe - S01E22 - Episode 22.avi
recycle_bin	g:\TV\Look at Later\Season 2\General Inakappe - S02E01 - 02x01 - Power Play.avi
recycle_bin	g:\TV\Look at Later\Season 2\General Inakappe - S02E01 - Episode 201 Power Play.avi
recycle_bin	g:\TV\Look at Later\Season 2\General Inakappe - S02E02 - 02x02 - Little Sister Don't Cha.avi
recycle_bin	g:\TV\Look at Later\Season 2\General Inakappe - S02E02 - Episode 202 Li'l Sister Don't Cha.avi
recycle_bin	g:\TV\Look at Later\Season 2\General Inakappe - S02E03 - 02x03 - Personal Business.avi
recycle_bin	g:\TV\Look at Later\Season 2\General Inakappe - S02E03 - Episode 203 Personal Business.avi
recycle_bin	g:\TV\Look at Later\Season 2\General Inakappe - S02E04 - 02x04 - Homicidal Ham.avi
recycle_bin	g:\TV\Look at Later\Season 2\General Inakappe - S02E04 - Episode 204 Homicidal Ham.avi
recycle_bin	g:\TV\Look at Later\Season 2\General Inakappe - S02E05 - 02x05 - Sumner's Return.avi
recycle_bin	g:\TV\Look at Later\Season 2\General Inakappe - S02E05 - Episode 205 Sumner's Return.avi
recycle_bin	g:\TV\Look at Later\Season 2\General Inakappe - S02E06 - 02x06 - Affairs of the Heart.avi
recycle_bin	g:\TV\Look at Later\Season 2\General Inakappe - S02E06 - Episode 206 Affairs Of The Heart.avi
recycle_bin	g:\TV\Look at Later\Season 2\General Inakappe - S02E07 - 02x07 - Old Flames.avi
recycle_bin	g:\TV\Look at Later\Season 2\General Inakappe - S02E07 - Episode 207 Old Flames.avi
recycle_bin	g:\TV\Look at Later\Season 2\General Inakappe - S02E08 - 02x08 - Manager Coach.avi
recycle_bin	g:\TV\Look at Later\Season 2\General Inakappe - S02E08 - Episode 208 Manager Coach.avi
recycle_bin	g:\TV\Look at Later\Season 2\General Inakappe - S02E09 - 02x09 - They Called Me Mayday.avi
recycle_bin	g:\TV\Look at Later\Season 2\General Inakappe - S02E09 - Episode 209 They Called Me Mayday.avi
recycle_bin	g:\TV\Look at Later\Season 2\General Inakappe - S02E10 - 02x10 - How Do I Love Thee, Let Me Call You Back.avi
recycle_bin	g:\TV\Look at Later\Season 2\General Inakappe - S02E10 - Episode 210 How Do I Love Thee, Let Me Call You Back.avi
recycle_bin	g:\TV\Look at Later\Season 2\General Inakappe - S02E11 - 02x11 - Just Three Friends.avi
recycle_bin	g:\TV\Look at Later\Season 2\General Inakappe - S02E11 - Episode 211 Just Three Friends.avi
recycle_bin	g:\TV\Look at Later\Season 2\General Inakappe - S02E12 - 02x12 - Where There's a Will.avi
recycle_bin	g:\TV\Look at Later\Season 2\General Inakappe - S02E12 - Episode 212 Where There's A Will.avi
recycle_bin	g:\TV\Look at Later\Season 2\General Inakappe - S02E13 - 02x13 - Battle of the Exes.avi
recycle_bin	g:\TV\Look at Later\Season 2\General Inakappe - S02E13 - Episode 213 Battle Of The Exes.avi
recycle_bin	g:\TV\Look at Later\Season 2\General Inakappe - S02E14 - 02x14 - No Help Wanted.avi
recycle_bin	g:\TV\Look at Later\Season 2\General Inakappe - S02E14 - Episode 214 No Help Wanted.avi
recycle_bin	g:\TV\Look at Later\Season 2\General Inakappe - S02E15 - 02x15 - And Coachie Makes Three.avi
recycle_bin	g:\TV\Look at Later\Season 2\General Inakappe - S02E15 - Episode 215 And Coachie Makes Three.avi
recycle_bin	g:\TV\Look at Later\Season 2\General Inakappe - S02E16 - 02x16 - Cliff's Rocky Moment.avi
recycle_bin	g:\TV\Look at Later\Season 2\General Inakappe - S02E16 - Episode 216 Cliff's Rocky Moment.avi
recycle_bin	g:\TV\Look at Later\Season 2\General Inakappe - S02E17 - 02x17 - Fortune and Men's Weight.avi
recycle_bin	g:\TV\Look at Later\Season 2\General Inakappe - S02E17 - Episode 217 Fortune And Men's Weight.avi
recycle_bin	g:\TV\Look at Later\Season 2\General Inakappe - S02E18 - 02x18 - Snow Job.avi
recycle_bin	g:\TV\Look at Later\Season 2\General Inakappe - S02E18 - Episode 218 Snow Job.avi
recycle_bin	g:\TV\Look at Later\Season 2\General Inakappe - S02E19 - 02x19 - Coach Buries a Grudge.avi
recycle_bin	g:\TV\Look at Later\Season 2\General Inakappe - S02E19 - Episode 219 Coach Buries A Grudge.avi
recycle_bin	g:\TV\Look at Later\Season 2\General Inakappe - S02E20 - 02x20 - Norman's Conquest.avi
recycle_bin	g:\TV\Look at Later\Season 2\General Inakappe - S02E20 - Episode 220 Norman's Conquest.avi
recycle_bin	g:\TV\Look at Later\Season 2\General Inakappe - S02E21 - 02x21 - I'll Be Seeing You (1).avi
recycle_bin	g:\TV\Look at Later\Season 2\General Inakappe - S02E21 - Episode 221 I'll Be Seeing You (Part 1).avi
recycle_bin	g:\TV\Look at Later\Season 2\General Inakappe - S02E22 - 02x22 - I'll Be Seeing You (2).avi
recycle_bin	g:\TV\Look at Later\Season 2\General Inakappe - S02E22 - Episode 222 I'll Be Seeing You (Part 2).avi
recycle_bin	g:\TV\Look at Later\Season 3\General Inakappe - S03E01 - 03x01 - Rebound (1).avi
recycle_bin	g:\TV\Look at Later\Season 3\General Inakappe - S03E01 - Episode 301 Rebound (Part 1).avi
recycle_bin	g:\TV\Look at Later\Season 3\General Inakappe - S03E02 - 03x02 - Rebound (2).avi
recycle_bin	g:\TV\Look at Later\Season 3\General Inakappe - S03E02 - Episode 302 Rebound (Part 2).avi
recycle_bin	g:\TV\Look at Later\Season 3\General Inakappe - S03E03 - 03x03 - I Call Your Name.avi
recycle_bin	g:\TV\Look at Later\Season 3\General Inakappe - S03E03 - Episode 303 I Call Your Name.avi
recycle_bin	g:\TV\Look at Later\Season 3\General Inakappe - S03E04 - 03x04 - Fairy Tales Can Come True.avi
recycle_bin	g:\TV\Look at Later\Season 3\General Inakappe - S03E04 - Episode 304 Fairy Tales Can Come True.avi
recycle_bin	g:\TV\Look at Later\Season 3\General Inakappe - S03E05 - 03x05 - Sam Turns the Other Cheek.avi
recycle_bin	g:\TV\Look at Later\Season 3\General Inakappe - S03E05 - Episode 305 Sam Turns The Other Cheek.avi
recycle_bin	g:\TV\Look at Later\Season 3\General Inakappe - S03E06 - 03x06 - Coach in Love (1).avi
recycle_bin	g:\TV\Look at Later\Season 3\General Inakappe - S03E06 - Episode 306 Coach In Love (Part 1).avi
recycle_bin	g:\TV\Look at Later\Season 3\General Inakappe - S03E07 - 03x07 - Coach in Love (2).avi
recycle_bin	g:\TV\Look at Later\Season 3\General Inakappe - S03E07 - Episode 307 Coach In Love (Part 2).avi
recycle_bin	g:\TV\Look at Later\Season 3\General Inakappe - S03E08 - 03x08 - Diane Meets Mom.avi
recycle_bin	g:\TV\Look at Later\Season 3\General Inakappe - S03E08 - Episode 308 Diane Meets Mom.avi
recycle_bin	g:\TV\Look at Later\Season 3\General Inakappe - S03E09 - 03x09 - An American Family.avi
recycle_bin	g:\TV\Look at Later\Season 3\General Inakappe - S03E09 - Episode 309 An American Family.avi
recycle_bin	g:\TV\Look at Later\Season 3\General Inakappe - S03E10 - 03x10 - Diane's Allergy.avi
recycle_bin	g:\TV\Look at Later\Season 3\General Inakappe - S03E10 - Episode 310 Diane's Allergy.avi
recycle_bin	g:\TV\Look at Later\Season 3\General Inakappe - S03E11 - 03x11 - Peterson Crusoe.avi
recycle_bin	g:\TV\Look at Later\Season 3\General Inakappe - S03E11 - Episode 311 Peterson Crusoe.avi
recycle_bin	g:\TV\Look at Later\Season 3\General Inakappe - S03E12 - 03x12 - A Ditch in Time.avi
recycle_bin	g:\TV\Look at Later\Season 3\General Inakappe - S03E12 - Episode 312 A Ditch In Time.avi
recycle_bin	g:\TV\Look at Later\Season 3\General Inakappe - S03E13 - 03x13 - Whodunit.avi
recycle_bin	g:\TV\Look at Later\Season 3\General Inakappe - S03E13 - Episode 313 Whodunit.avi
recycle_bin	g:\TV\Look at Later\Season 3\General Inakappe - S03E14 - 03x14 - The Heart is a Lonely Snipe Hunter.avi
recycle_bin	g:\TV\Look at Later\Season 3\General Inakappe - S03E14 - Episode 314 The Heart Is A Lonely Snipehunter.avi
recycle_bin	g:\TV\Look at Later\Season 3\General Inakappe - S03E15 - 03x15 - King of the Hill.avi
recycle_bin	g:\TV\Look at Later\Season 3\General Inakappe - S03E15 - Episode 315 King Of The Hill.avi
recycle_bin	g:\TV\Look at Later\Season 3\General Inakappe - S03E16 - 03x16 - Teacher's Pet.avi
recycle_bin	g:\TV\Look at Later\Season 3\General Inakappe - S03E16 - Episode 316 Teacher's Pet.avi
recycle_bin	g:\TV\Look at Later\Season 3\General Inakappe - S03E17 - 03x17 - The Mail Goes to Jail.avi
recycle_bin	g:\TV\Look at Later\Season 3\General Inakappe - S03E17 - Episode 317 The Mail Goes To Jail.avi
recycle_bin	g:\TV\Look at Later\Season 3\General Inakappe - S03E18 - 03x18 - Bar Bet.avi
recycle_bin	g:\TV\Look at Later\Season 3\General Inakappe - S03E18 - Episode 318 Bar Bet.avi
recycle_bin	g:\TV\Look at Later\Season 3\General Inakappe - S03E19 - 03x19 - Behind Every Great Man.avi
recycle_bin	g:\TV\Look at Later\Season 3\General Inakappe - S03E19 - Episode 319 Behind Every Great Man.avi
recycle_bin	g:\TV\Look at Later\Season 3\General Inakappe - S03E20 - Episode 320 If Ever I Would Leave You.avi
recycle_bin	g:\TV\Look at Later\Season 3\General Inakappe - S03E20 - 03x20 - If Ever I Would Leave You.avi
recycle_bin	g:\TV\Look at Later\Season 3\General Inakappe - S03E21 - 03x21 - The Executive's Executioner.avi
recycle_bin	g:\TV\Look at Later\Season 3\General Inakappe - S03E21 - Episode 321 The Executive's Executioner.avi
recycle_bin	g:\TV\Look at Later\Season 3\General Inakappe - S03E22 - 03x22 - Cheerio, Cheers.avi
recycle_bin	g:\TV\Look at Later\Season 3\General Inakappe - S03E22 - Episode 322 Cheerio, Cheers.avi
recycle_bin	g:\TV\Look at Later\Season 3\General Inakappe - S03E23 - 03x23 - The Bartender's Tale.avi
recycle_bin	g:\TV\Look at Later\Season 3\General Inakappe - S03E23 - Episode 323 The Bartender's Tale.avi
recycle_bin	g:\TV\Look at Later\Season 3\General Inakappe - S03E24 - 03x24 - The Belles of St. Clete's.avi
recycle_bin	g:\TV\Look at Later\Season 3\General Inakappe - S03E24 - Episode 324 The Belles Of St.avi
recycle_bin	g:\TV\Look at Later\Season 3\General Inakappe - S03E25 - 03x25 - Rescue Me.avi
recycle_bin	g:\TV\Look at Later\Season 3\General Inakappe - S03E25 - Episode 325 Rescue Me (Season Finale).avi
recycle_bin	g:\TV\Look at Later\Season 4\General Inakappe - S04E01 - 04x01 - Birth, Death, Love and Rice.avi
recycle_bin	g:\TV\Look at Later\Season 4\General Inakappe - S04E01 - Episode 401 Birth, Death, Love And Rice.avi
recycle_bin	g:\TV\Look at Later\Season 4\General Inakappe - S04E02 - 04x02 - Woody Goes Belly Up.avi
recycle_bin	g:\TV\Look at Later\Season 4\General Inakappe - S04E02 - Episode 402 Woody Goes Belly Up.avi
recycle_bin	g:\TV\Look at Later\Season 4\General Inakappe - S04E03 - 04x03 - Someday My Prince Will Come.avi
recycle_bin	g:\TV\Look at Later\Season 4\General Inakappe - S04E03 - Episode 403 Someday My Prince Will Come.avi
recycle_bin	g:\TV\Look at Later\Season 4\General Inakappe - S04E04 - Episode 404 The Groom Wore Clearasil.avi
recycle_bin	g:\TV\Look at Later\Season 4\General Inakappe - S04E04 - 04x04 - The Groom Wore Clearasil.avi
recycle_bin	g:\TV\Look at Later\Season 4\General Inakappe - S04E05 - 04x05 - Diane's Nightmare.avi
recycle_bin	g:\TV\Look at Later\Season 4\General Inakappe - S04E05 - Episode 405 Diane's Nightmare.avi
recycle_bin	g:\TV\Look at Later\Season 4\General Inakappe - S04E06 - 04x06 - I Will Gladly Pay You Tuesday.avi
recycle_bin	g:\TV\Look at Later\Season 4\General Inakappe - S04E06 - Episode 406 I Will Gladly Pay You Tuesday.avi
recycle_bin	g:\TV\Look at Later\Season 4\General Inakappe - S04E07 - 04x07 - 2 Good 2 Be 4 Real.avi
recycle_bin	g:\TV\Look at Later\Season 4\General Inakappe - S04E07 - Episode 407 2 Good To Be 4 Real.avi
recycle_bin	g:\TV\Look at Later\Season 4\General Inakappe - S04E08 - 04x08 - Love Thy Neighbor.avi
recycle_bin	g:\TV\Look at Later\Season 4\General Inakappe - S04E08 - Episode 408 Love Thy Neighbor.avi
recycle_bin	g:\TV\Look at Later\Season 4\General Inakappe - S04E09 - 04x09 - From Beer to Eternity.avi
recycle_bin	g:\TV\Look at Later\Season 4\General Inakappe - S04E09 - Episode 409 From Beer To Eternity.avi
recycle_bin	g:\TV\Look at Later\Season 4\General Inakappe - S04E10 - 04x10 - The Barstoolie.avi
recycle_bin	g:\TV\Look at Later\Season 4\General Inakappe - S04E10 - Episode 410 The Barstoolie.avi
recycle_bin	g:\TV\Look at Later\Season 4\General Inakappe - S04E11 - 04x11 - Don Juan is Hell.avi
recycle_bin	g:\TV\Look at Later\Season 4\General Inakappe - S04E11 - Episode 411 Don Juan Is Hell.avi
recycle_bin	g:\TV\Look at Later\Season 4\General Inakappe - S04E12 - 04x12 - Fools and Their Money.avi
recycle_bin	g:\TV\Look at Later\Season 4\General Inakappe - S04E12 - Episode 412 Fools And Their Money.avi
recycle_bin	g:\TV\Look at Later\Season 4\General Inakappe - S04E13 - 04x13 - Take My Shirt, Please.avi
recycle_bin	g:\TV\Look at Later\Season 4\General Inakappe - S04E14 - 04x14 - Suspicion.avi
recycle_bin	g:\TV\Look at Later\Season 4\General Inakappe - S04E14 - Episode 414 Suspicion.avi
recycle_bin	g:\TV\Look at Later\Season 4\General Inakappe - S04E15 - 04x15 - The Triangle.avi
recycle_bin	g:\TV\Look at Later\Season 4\General Inakappe - S04E15 - Episode 415 The Triangle.avi
recycle_bin	g:\TV\Look at Later\Season 4\General Inakappe - S04E16 - 04x16 - Cliffie's Big Score.avi
recycle_bin	g:\TV\Look at Later\Season 4\General Inakappe - S04E16 - Episode 416 Cliffie's Big Score.avi
recycle_bin	g:\TV\Look at Later\Season 4\General Inakappe - S04E17 - 04x17 - Second Time Around.avi
recycle_bin	g:\TV\Look at Later\Season 4\General Inakappe - S04E17 - Episode 417 Second Time Around.avi
recycle_bin	g:\TV\Look at Later\Season 4\General Inakappe - S04E18 - 04x18 - The Peterson Principle.avi
recycle_bin	g:\TV\Look at Later\Season 4\General Inakappe - S04E18 - Episode 418 The Peterson Principle.avi
recycle_bin	g:\TV\Look at Later\Season 4\General Inakappe - S04E19 - 04x19 - Dark Imaginings.avi
recycle_bin	g:\TV\Look at Later\Season 4\General Inakappe - S04E19 - Episode 419 Dark Imaginings.avi
recycle_bin	g:\TV\Look at Later\Season 4\General Inakappe - S04E20 - 04x20 - Save the Last Dance For Me.avi
recycle_bin	g:\TV\Look at Later\Season 4\General Inakappe - S04E20 - Episode 420 Save The Last Dance For Me.avi
recycle_bin	g:\TV\Look at Later\Season 4\General Inakappe - S04E21 - 04x21 - Fear is My Co-Pilot.avi
recycle_bin	g:\TV\Look at Later\Season 4\General Inakappe - S04E21 - Episode 421 Fear Is My Co-Pilot.avi
recycle_bin	g:\TV\Look at Later\Season 4\General Inakappe - S04E22 - 04x22 - Diane Chambers Day.avi
recycle_bin	g:\TV\Look at Later\Season 4\General Inakappe - S04E22 - Episode 422 Diane Chambers Day.avi
recycle_bin	g:\TV\Look at Later\Season 4\General Inakappe - S04E23 - 04x23 - Relief Bartender.avi
recycle_bin	g:\TV\Look at Later\Season 4\General Inakappe - S04E23 - Episode 423 Relief Bartender.avi
recycle_bin	g:\TV\Look at Later\Season 4\General Inakappe - S04E24 - 04x24 - Strange Bedfellows (1).avi
recycle_bin	g:\TV\Look at Later\Season 4\General Inakappe - S04E24 - Episode 424 Strange Bedfellows (Part 1).avi
recycle_bin	g:\TV\Look at Later\Season 4\General Inakappe - S04E25 - 04x25 - Strange Bedfellows (2).avi
recycle_bin	g:\TV\Look at Later\Season 4\General Inakappe - S04E25 - Episode 425 Strange Bedfellows (Part 2).avi
recycle_bin	g:\TV\Look at Later\Season 4\General Inakappe - S04E26 - 04x26 - Strange Bedfellows (3).avi
recycle_bin	g:\TV\Look at Later\Season 4\General Inakappe - S04E26 - Episode 426 Strange Bedfellows (Part 3).avi
recycle_bin	g:\TV\Look at Later\Season 5\General Inakappe - S05E01 - 05x01 - The Proposal.avi
recycle_bin	g:\TV\Look at Later\Season 5\General Inakappe - S05E01 - Episode 501 The Proposal.avi
recycle_bin	g:\TV\Look at Later\Season 5\General Inakappe - S05E02 - 05x02 - The Cape Cad.avi
recycle_bin	g:\TV\Look at Later\Season 5\General Inakappe - S05E02 - Episode 502 The Cape Cad.avi
recycle_bin	g:\TV\Look at Later\Season 5\General Inakappe - S05E03 - 05x03 - Money Dearest.avi
recycle_bin	g:\TV\Look at Later\Season 5\General Inakappe - S05E03 - Episode 503 Money Dearest.avi
recycle_bin	g:\TV\Look at Later\Season 5\General Inakappe - S05E03 - Episode 503 Abnormal Psychology.avi
recycle_bin	g:\TV\Look at Later\Season 5\General Inakappe - S05E04 - 05x04 - Abnormal Psychology.avi
recycle_bin	g:\TV\Look at Later\Season 5\General Inakappe - S05E04 - Episode 504 House Of Horrors With Formal Dining And Used Brick.avi
recycle_bin	g:\TV\Look at Later\Season 5\General Inakappe - S05E05 - 05x05 - House of Horrors With Formal Dining and Used Brick.avi
recycle_bin	g:\TV\Look at Later\Season 5\General Inakappe - S05E05 - Episode 505 Tan N' Wash.avi
recycle_bin	g:\TV\Look at Later\Season 5\General Inakappe - S05E06 - 05x06 - Tan N' Wash.avi
recycle_bin	g:\TV\Look at Later\Season 5\General Inakappe - S05E07 - 05x07 - Young Dr. Weinstein.avi
recycle_bin	g:\TV\Look at Later\Season 5\General Inakappe - S05E07 - Episode 507 Knights Of The Scimitar.avi
recycle_bin	g:\TV\Look at Later\Season 5\General Inakappe - S05E08 - 05x08 - Knights of the Scimitar.avi
recycle_bin	g:\TV\Look at Later\Season 5\General Inakappe - S05E08 - Episode 508 Thanksgiving Orphans.avi
recycle_bin	g:\TV\Look at Later\Season 5\General Inakappe - S05E09 - 05x09 - Thanksgiving Orphans.avi
recycle_bin	g:\TV\Look at Later\Season 5\General Inakappe - S05E09 - Episode 509 Everyone Imitates Art.avi
recycle_bin	g:\TV\Look at Later\Season 5\General Inakappe - S05E10 - 05x10 - Everyone Imitates Art.avi
recycle_bin	g:\TV\Look at Later\Season 5\General Inakappe - S05E10 - Episode 510 The Book Of Samuel.avi
recycle_bin	g:\TV\Look at Later\Season 5\General Inakappe - S05E11 - 05x11 - The Book of Samuel.avi
recycle_bin	g:\TV\Look at Later\Season 5\General Inakappe - S05E11 - Episode 511 Dance, Diane, Dance.avi
recycle_bin	g:\TV\Look at Later\Season 5\General Inakappe - S05E12 - 05x12 - Dance, Diane, Dance.avi
recycle_bin	g:\TV\Look at Later\Season 5\General Inakappe - S05E12 - Episode 512 Chambers Vs Malone.avi
recycle_bin	g:\TV\Look at Later\Season 5\General Inakappe - S05E13 - 05x13 - Chambers vs Malone.avi
recycle_bin	g:\TV\Look at Later\Season 5\General Inakappe - S05E13 - Episode 513 Diamond Sam.avi
recycle_bin	g:\TV\Look at Later\Season 5\General Inakappe - S05E14 - 05x14 - Diamond Sam.avi
recycle_bin	g:\TV\Look at Later\Season 5\General Inakappe - S05E14 - Episode 514 Spellbound.avi
recycle_bin	g:\TV\Look at Later\Season 5\General Inakappe - S05E15 - 05x15 - Spellbound.avi
recycle_bin	g:\TV\Look at Later\Season 5\General Inakappe - S05E15 - Episode 515 Never Love A Goalie - Part 1.avi
recycle_bin	g:\TV\Look at Later\Season 5\General Inakappe - S05E16 - 05x16 - Never Love a Goalie (1).avi
recycle_bin	g:\TV\Look at Later\Season 5\General Inakappe - S05E16 - Episode 516 Never Love A Goalie - Part 2.avi
recycle_bin	g:\TV\Look at Later\Season 5\General Inakappe - S05E17 - 05x17 - Never Love a Goalie (2).avi
recycle_bin	g:\TV\Look at Later\Season 5\General Inakappe - S05E17 - Episode 517 One Last Fling.avi
recycle_bin	g:\TV\Look at Later\Season 5\General Inakappe - S05E18 - 05x18 - One Last Fling.avi
recycle_bin	g:\TV\Look at Later\Season 5\General Inakappe - S05E18 - Episode 518 Dog Bites Cliff.avi
recycle_bin	g:\TV\Look at Later\Season 5\General Inakappe - S05E19 - 05x19 - Dog Bites Cliff.avi
recycle_bin	g:\TV\Look at Later\Season 5\General Inakappe - S05E19 - Episode 519 Dinner At Eight-ish.avi
recycle_bin	g:\TV\Look at Later\Season 5\General Inakappe - S05E20 - 05x20 - Dinner at Eight-ish.avi
recycle_bin	g:\TV\Look at Later\Season 5\General Inakappe - S05E20 - Episode 520 Simon Says.avi
recycle_bin	g:\TV\Look at Later\Season 5\General Inakappe - S05E21 - 05x21 - Simon Says.avi
recycle_bin	g:\TV\Look at Later\Season 5\General Inakappe - S05E21 - Episode 521 The Godfather, Part III.avi
recycle_bin	g:\TV\Look at Later\Season 5\General Inakappe - S05E22 - 05x22 - The Godfather, Part III.avi
recycle_bin	g:\TV\Look at Later\Season 5\General Inakappe - S05E22 - Episode 522 Norm's First Hurrah.avi
recycle_bin	g:\TV\Look at Later\Season 5\General Inakappe - S05E23 - 05x23 - Norm's First Hurrah.avi
recycle_bin	g:\TV\Look at Later\Season 5\General Inakappe - S05E23 - Episode 523 Cheers - The Motion Picture.avi
recycle_bin	g:\TV\Look at Later\Season 5\General Inakappe - S05E24 - 05x24 - Cheers the Motion Picture.avi
recycle_bin	g:\TV\Look at Later\Season 5\General Inakappe - S05E24 - Episode 524 A House Is Not A Home.avi
recycle_bin	g:\TV\Look at Later\Season 5\General Inakappe - S05E25 - 05x25 - A House is Not a Home.avi
recycle_bin	g:\TV\Look at Later\Season 5\General Inakappe - S05E25 - Episode 525 I Do And Adieu.avi
recycle_bin	g:\TV\Look at Later\Season 5\General Inakappe - S05E26 - 05x26 - I Do and Adieu.avi
recycle_bin	g:\TV\Look at Later\Season 6\General Inakappe - S06E01 - 06x01 - Home is the Sailor.avi
recycle_bin	g:\TV\Look at Later\Season 6\General Inakappe - S06E01 - Episode 601 Home Is The Sailor.avi
recycle_bin	g:\TV\Look at Later\Season 6\General Inakappe - S06E02 - 06x02 - 'I' on Sports.avi
recycle_bin	g:\TV\Look at Later\Season 6\General Inakappe - S06E02 - Episode 602 I On Sports.avi
recycle_bin	g:\TV\Look at Later\Season 6\General Inakappe - S06E03 - 06x03 - Little Carla, Happy at Last (1).avi
recycle_bin	g:\TV\Look at Later\Season 6\General Inakappe - S06E03 - Episode 603 Little Carla, Happy At Last - Part 1.avi
recycle_bin	g:\TV\Look at Later\Season 6\General Inakappe - S06E04 - 06x04 - Little Carla, Happy at Last (2).avi
recycle_bin	g:\TV\Look at Later\Season 6\General Inakappe - S06E04 - Episode 604 Little Carla, Happy At Last - Part 2.avi
recycle_bin	g:\TV\Look at Later\Season 6\General Inakappe - S06E05 - 06x05 - The Crane Mutiny.avi
recycle_bin	g:\TV\Look at Later\Season 6\General Inakappe - S06E05 - Episode 605 The Crane Mutiny.avi
recycle_bin	g:\TV\Look at Later\Season 6\General Inakappe - S06E06 - 06x06 - Paint Your Office.avi
recycle_bin	g:\TV\Look at Later\Season 6\General Inakappe - S06E06 - Episode 606 Paint Your Office.avi
recycle_bin	g:\TV\Look at Later\Season 6\General Inakappe - S06E07 - 06x07 - The Last Angry Mailman.avi
recycle_bin	g:\TV\Look at Later\Season 6\General Inakappe - S06E07 - Episode 607 Last Angry Mailman.avi
recycle_bin	g:\TV\Look at Later\Season 6\General Inakappe - S06E08 - 06x08 - Bidding on the Boys.avi
recycle_bin	g:\TV\Look at Later\Season 6\General Inakappe - S06E08 - Episode 608 Bidding On The Boys.avi
recycle_bin	g:\TV\Look at Later\Season 6\General Inakappe - S06E09 - 06x09 - Pudd'nhead Boyd.avi
recycle_bin	g:\TV\Look at Later\Season 6\General Inakappe - S06E09 - Episode 609 Pudd'nhead Boyd.avi
recycle_bin	g:\TV\Look at Later\Season 6\General Inakappe - S06E10 - 06x10 - A Kiss is Still a Kiss.avi
recycle_bin	g:\TV\Look at Later\Season 6\General Inakappe - S06E10 - Episode 610 A Kiss Is Still A Kiss.avi
recycle_bin	g:\TV\Look at Later\Season 6\General Inakappe - S06E11 - 06x11 - My Fair Clavin.avi
recycle_bin	g:\TV\Look at Later\Season 6\General Inakappe - S06E11 - Episode 611 My Fair Clavin.avi
recycle_bin	g:\TV\Look at Later\Season 6\General Inakappe - S06E12 - 06x12 - Christmas Cheers.avi
recycle_bin	g:\TV\Look at Later\Season 6\General Inakappe - S06E12 - Episode 612 Christmas Cheers.avi
recycle_bin	g:\TV\Look at Later\Season 6\General Inakappe - S06E13 - 06x13 - Woody For Hire, Meets Norman of the Apes.avi
recycle_bin	g:\TV\Look at Later\Season 6\General Inakappe - S06E13 - Episode 613 Woody For Hire Meets Norman Of The Apes.avi
recycle_bin	g:\TV\Look at Later\Season 6\General Inakappe - S06E14 - 06x14 - And God Created Woodman.avi
recycle_bin	g:\TV\Look at Later\Season 6\General Inakappe - S06E14 - Episode 614 And God Created Woodman.avi
recycle_bin	g:\TV\Look at Later\Season 6\General Inakappe - S06E15 - 06x15 - Tale of Two Cuties.avi
recycle_bin	g:\TV\Look at Later\Season 6\General Inakappe - S06E15 - Episode 615 Tale Of Two Cuties.avi
recycle_bin	g:\TV\Look at Later\Season 6\General Inakappe - S06E16 - 06x16 - Yacht of Fools.avi
recycle_bin	g:\TV\Look at Later\Season 6\General Inakappe - S06E16 - Episode 616 Yacht Of Fools.avi
recycle_bin	g:\TV\Look at Later\Season 6\General Inakappe - S06E17 - 06x17 - To All the Girls I've Loved Before.avi
recycle_bin	g:\TV\Look at Later\Season 6\General Inakappe - S06E17 - Episode 617 To All The Girls I've Loved Before.avi
recycle_bin	g:\TV\Look at Later\Season 6\General Inakappe - S06E18 - 06x18 - Let Sleeping Drakes Lie.avi
recycle_bin	g:\TV\Look at Later\Season 6\General Inakappe - S06E18 - Episode 618 Let Sleeping Drakes Lie.avi
recycle_bin	g:\TV\Look at Later\Season 6\General Inakappe - S06E19 - 06x19 - Airport V.avi
recycle_bin	g:\TV\Look at Later\Season 6\General Inakappe - S06E19 - Episode 619 Airport V.avi
recycle_bin	g:\TV\Look at Later\Season 6\General Inakappe - S06E20 - 06x20 - The Sam in the Gray Flannel Suit.avi
recycle_bin	g:\TV\Look at Later\Season 6\General Inakappe - S06E20 - Episode 620 The Sam In The Gray Flannel Suit.avi
recycle_bin	g:\TV\Look at Later\Season 6\General Inakappe - S06E21 - 06x21 - Our Hourly Bread.avi
recycle_bin	g:\TV\Look at Later\Season 6\General Inakappe - S06E21 - Episode 621 Our Hourly Bread.avi
recycle_bin	g:\TV\Look at Later\Season 6\General Inakappe - S06E22 - 06x22 - Slumber Party Massacre.avi
recycle_bin	g:\TV\Look at Later\Season 6\General Inakappe - S06E22 - Episode 622 Slumber Party Massacred.avi
recycle_bin	g:\TV\Look at Later\Season 6\General Inakappe - S06E23 - 06x23 - Bar Wars.avi
recycle_bin	g:\TV\Look at Later\Season 6\General Inakappe - S06E23 - Episode 623 The Bar Wars.avi
recycle_bin	g:\TV\Look at Later\Season 6\General Inakappe - S06E24 - 06x24 - The Big Kiss-Off.avi
recycle_bin	g:\TV\Look at Later\Season 6\General Inakappe - S06E24 - Episode 624 The Big Kiss-Off.avi
recycle_bin	g:\TV\Look at Later\Season 6\General Inakappe - S06E25 - 06x25 - Backseat Becky, Up Front.avi
recycle_bin	g:\TV\Look at Later\Season 6\General Inakappe - S06E25 - Episode 625 Back Seat Becky, Up Front.avi
recycle_bin	g:\TV\Look at Later\Season 7\General Inakappe - S07E01 - 07x01 - How to Recede in Business.avi
recycle_bin	g:\TV\Look at Later\Season 7\General Inakappe - S07E01 - Episode 701 How To Recede In Business.avi
recycle_bin	g:\TV\Look at Later\Season 7\General Inakappe - S07E02 - 07x02 - Swear to God.avi
recycle_bin	g:\TV\Look at Later\Season 7\General Inakappe - S07E02 - Episode 702 Swear To God.avi
recycle_bin	g:\TV\Look at Later\Season 7\General Inakappe - S07E03 - 07x03 - Executive Sweet (1).avi
recycle_bin	g:\TV\Look at Later\Season 7\General Inakappe - S07E03 - Episode 703 Executive Sweet.avi
recycle_bin	g:\TV\Look at Later\Season 7\General Inakappe - S07E04 - 07x04 - One Happy Chappy in a Sappy Serape (2).avi
recycle_bin	g:\TV\Look at Later\Season 7\General Inakappe - S07E04 - Episode 704 One Happy Chappy In A Snappy Serape.avi
recycle_bin	g:\TV\Look at Later\Season 7\General Inakappe - S07E05 - 07x05 - Those Lips, Those Ice.avi
recycle_bin	g:\TV\Look at Later\Season 7\General Inakappe - S07E05 - Episode 705 Those Lips, Those Ice.avi
recycle_bin	g:\TV\Look at Later\Season 7\General Inakappe - S07E06 - 07x06 - Norm, is That You.avi
recycle_bin	g:\TV\Look at Later\Season 7\General Inakappe - S07E06 - Episode 706 Norm, Is That You.avi
recycle_bin	g:\TV\Look at Later\Season 7\General Inakappe - S07E07 - 07x07 - How to Win Friends and Electrocute People.avi
recycle_bin	g:\TV\Look at Later\Season 7\General Inakappe - S07E07 - Episode 707 How To Win Friends And Electrocute People.avi
recycle_bin	g:\TV\Look at Later\Season 7\General Inakappe - S07E08 - 07x08 - Jumping Jerks.avi
recycle_bin	g:\TV\Look at Later\Season 7\General Inakappe - S07E08 - Episode 708 Jumping Jerks.avi
recycle_bin	g:\TV\Look at Later\Season 7\General Inakappe - S07E09 - 07x09 - Send in the Crane.avi
recycle_bin	g:\TV\Look at Later\Season 7\General Inakappe - S07E09 - Episode 709 Send In The Crane.avi
recycle_bin	g:\TV\Look at Later\Season 7\General Inakappe - S07E10 - 07x10 - Bar Wars II The Woodman Strikes Back.avi
recycle_bin	g:\TV\Look at Later\Season 7\General Inakappe - S07E10 - Episode 710 Bar Wars II The Woodman Strikes Back.avi
recycle_bin	g:\TV\Look at Later\Season 7\General Inakappe - S07E11 - 07x11 - Adventures in Housesitting.avi
recycle_bin	g:\TV\Look at Later\Season 7\General Inakappe - S07E11 - Episode 711 Adventures In Housesitting.avi
recycle_bin	g:\TV\Look at Later\Season 7\General Inakappe - S07E12 - 07x12 - Please Mr. Postman.avi
recycle_bin	g:\TV\Look at Later\Season 7\General Inakappe - S07E12 - Episode 712 Please Mr Postman.avi
recycle_bin	g:\TV\Look at Later\Season 7\General Inakappe - S07E13 - 07x13 - Golden Boyd.avi
recycle_bin	g:\TV\Look at Later\Season 7\General Inakappe - S07E13 - Episode 713 Golden Boyd.avi
recycle_bin	g:\TV\Look at Later\Season 7\General Inakappe - S07E14 - 07x14 - I Kid You Not.avi
recycle_bin	g:\TV\Look at Later\Season 7\General Inakappe - S07E14 - Episode 714 I Kid You Not.avi
recycle_bin	g:\TV\Look at Later\Season 7\General Inakappe - S07E15 - 07x15 - Don't Paint Your Chickens.avi
recycle_bin	g:\TV\Look at Later\Season 7\General Inakappe - S07E15 - Episode 715 Don't Paint Your Chickens.avi
recycle_bin	g:\TV\Look at Later\Season 7\General Inakappe - S07E16 - 07x16 - The Cranemakers.avi
recycle_bin	g:\TV\Look at Later\Season 7\General Inakappe - S07E16 - Episode 716 The Cranemakers.avi
recycle_bin	g:\TV\Look at Later\Season 7\General Inakappe - S07E17 - 07x17 - Hot Rocks.avi
recycle_bin	g:\TV\Look at Later\Season 7\General Inakappe - S07E17 - Episode 717 Hot Rocks.avi
recycle_bin	g:\TV\Look at Later\Season 7\General Inakappe - S07E18 - 07x18 - What's Up, Doc.avi
recycle_bin	g:\TV\Look at Later\Season 7\General Inakappe - S07E18 - Episode 718 What's Up Doc.avi
recycle_bin	g:\TV\Look at Later\Season 7\General Inakappe - S07E19 - 07x19 - The Gift of the Woody.avi
recycle_bin	g:\TV\Look at Later\Season 7\General Inakappe - S07E19 - Episode 719 The Gift Of The Woodi.avi
recycle_bin	g:\TV\Look at Later\Season 7\General Inakappe - S07E20 - 07x20 - Call Me Irresponsible.avi
recycle_bin	g:\TV\Look at Later\Season 7\General Inakappe - S07E20 - Episode 720 Call Me Irresponsible.avi
recycle_bin	g:\TV\Look at Later\Season 7\General Inakappe - S07E21 - 07x21 - Sisterly Love.avi
recycle_bin	g:\TV\Look at Later\Season 7\General Inakappe - S07E21 - Episode 721 Sisterly Love.avi
recycle_bin	g:\TV\Look at Later\Season 7\General Inakappe - S07E22 - 07x22 - The Visiting Lecher.avi
recycle_bin	g:\TV\Look at Later\Season 7\General Inakappe - S07E22 - Episode 722 The Visiting Lecher.avi
recycle_bin	g:\TV\Look at Later\Season 8\General Inakappe - S08E01 - 08x01 - The Improbable Dream (1).avi
recycle_bin	g:\TV\Look at Later\Season 8\General Inakappe - S08E01 - Cheers - 801 - The Improbable Dream (Part 1).avi
recycle_bin	g:\TV\Look at Later\Season 8\General Inakappe - S08E02 - 08x02 - The Improbable Dream (2).avi
recycle_bin	g:\TV\Look at Later\Season 8\General Inakappe - S08E02 - Cheers - 802 - The Improbable Dream (Part 2).avi
recycle_bin	g:\TV\Look at Later\Season 8\General Inakappe - S08E03 - 08x03 - A Bar is Born.avi
recycle_bin	g:\TV\Look at Later\Season 8\General Inakappe - S08E03 - Cheers - 803 - A Bar Is Born.avi
recycle_bin	g:\TV\Look at Later\Season 8\General Inakappe - S08E04 - 08x04 - How to Marry a Mailman.avi
recycle_bin	g:\TV\Look at Later\Season 8\General Inakappe - S08E04 - Cheers - 804 - How To Marry A Mailman.avi
recycle_bin	g:\TV\Look at Later\Season 8\General Inakappe - S08E05 - 08x05 - The Two Faces of Norm.avi
recycle_bin	g:\TV\Look at Later\Season 8\General Inakappe - S08E05 - Cheers - 805 - The Two Faces Of Norm.avi
recycle_bin	g:\TV\Look at Later\Season 8\General Inakappe - S08E06 - 08x06 - The Stork Brings a Crane.avi
recycle_bin	g:\TV\Look at Later\Season 8\General Inakappe - S08E06 - Cheers - 806 - The Stork Brings A Crane.avi
recycle_bin	g:\TV\Look at Later\Season 8\General Inakappe - S08E07 - 08x07 - Death Takes a Holiday on Ice.avi
recycle_bin	g:\TV\Look at Later\Season 8\General Inakappe - S08E07 - Cheers - 807 - Death Takes A Holiday On Ice.avi
recycle_bin	g:\TV\Look at Later\Season 8\General Inakappe - S08E08 - 08x08 - For Real Men Only.avi
recycle_bin	g:\TV\Look at Later\Season 8\General Inakappe - S08E08 - Cheers - 808 - For Real Men Only.avi
recycle_bin	g:\TV\Look at Later\Season 8\General Inakappe - S08E09 - 08x09 - Two Girls for Every Boyd.avi
recycle_bin	g:\TV\Look at Later\Season 8\General Inakappe - S08E09 - Cheers - 809 - Two Girls For Every Boyd.avi
recycle_bin	g:\TV\Look at Later\Season 8\General Inakappe - S08E10 - 08x10 - The Art of the Steal.avi
recycle_bin	g:\TV\Look at Later\Season 8\General Inakappe - S08E10 - Cheers - 810 - The Art Of The Steal.avi
recycle_bin	g:\TV\Look at Later\Season 8\General Inakappe - S08E11 - 08x11 - Feeble Attraction.avi
recycle_bin	g:\TV\Look at Later\Season 8\General Inakappe - S08E11 - Cheers - 811 - Feeble Attraction.avi
recycle_bin	g:\TV\Look at Later\Season 8\General Inakappe - S08E12 - 08x12 - Sam Ahoy.avi
recycle_bin	g:\TV\Look at Later\Season 8\General Inakappe - S08E12 - Cheers - 812 - Sam Ahoy.avi
recycle_bin	g:\TV\Look at Later\Season 8\General Inakappe - S08E13 - 08x13 - Sammy and the Professor.avi
recycle_bin	g:\TV\Look at Later\Season 8\General Inakappe - S08E13 - Cheers - 813 - Sammy And The Professor.avi
recycle_bin	g:\TV\Look at Later\Season 8\General Inakappe - S08E14 - 08x14 - What is... Cliff Clavin.avi
recycle_bin	g:\TV\Look at Later\Season 8\General Inakappe - S08E14 - Cheers - 814 - What Is--- Cliff Clavin.avi
recycle_bin	g:\TV\Look at Later\Season 8\General Inakappe - S08E15 - 08x15 - Finally! (1).avi
recycle_bin	g:\TV\Look at Later\Season 8\General Inakappe - S08E15 - Cheers - 815 - Finally! (Part 1).avi
recycle_bin	g:\TV\Look at Later\Season 8\General Inakappe - S08E16 - 08x16 - Finally! (2).avi
recycle_bin	g:\TV\Look at Later\Season 8\General Inakappe - S08E16 - Cheers - 816 - Finally! (Part 2).avi
recycle_bin	g:\TV\Look at Later\Season 8\General Inakappe - S08E17 - 08x17 - Woody or Won't He.avi
recycle_bin	g:\TV\Look at Later\Season 8\General Inakappe - S08E17 - Cheers - 817 - Woody Or Won't He.avi
recycle_bin	g:\TV\Look at Later\Season 8\General Inakappe - S08E18 - 08x18 - Severe Crane Damage.avi
recycle_bin	g:\TV\Look at Later\Season 8\General Inakappe - S08E18 - Cheers - 818 - Severe Crane Damage.avi
recycle_bin	g:\TV\Look at Later\Season 8\General Inakappe - S08E19 - 08x19 - Indoor Fun With Sammy and Robby.avi
recycle_bin	g:\TV\Look at Later\Season 8\General Inakappe - S08E19 - Cheers - 819 - Indoor Fun With Sammy And Robby.avi
recycle_bin	g:\TV\Look at Later\Season 8\General Inakappe - S08E20 - 08x20 - 50-50 Carla.avi
recycle_bin	g:\TV\Look at Later\Season 8\General Inakappe - S08E20 - Cheers - 820 - 50-50 Carla.avi
recycle_bin	g:\TV\Look at Later\Season 8\General Inakappe - S08E21 - 08x21 - Bar Wars III The Return of Tecumseh.avi
recycle_bin	g:\TV\Look at Later\Season 8\General Inakappe - S08E21 - Cheers - 821 - Bar Wars III - The Return Of Tecumseh.avi
recycle_bin	g:\TV\Look at Later\Season 8\General Inakappe - S08E22 - 08x22 - Loverboyd.avi
recycle_bin	g:\TV\Look at Later\Season 8\General Inakappe - S08E22 - Cheers - 822 - Loverboyd.avi
recycle_bin	g:\TV\Look at Later\Season 8\General Inakappe - S08E23 - 08x23 - The Ghost and Mrs. Lebec.avi
recycle_bin	g:\TV\Look at Later\Season 8\General Inakappe - S08E23 - Cheers - 823 - The Ghost And Mrs.avi
recycle_bin	g:\TV\Look at Later\Season 8\General Inakappe - S08E24 - 08x24 - Mr. Otis Regrets.avi
recycle_bin	g:\TV\Look at Later\Season 8\General Inakappe - S08E24 - Cheers - 824 - Mr Otis Regrets.avi
recycle_bin	g:\TV\Look at Later\Season 8\General Inakappe - S08E25 - 08x25 - Cry Hard (1).avi
recycle_bin	g:\TV\Look at Later\Season 8\General Inakappe - S08E25 - Cheers - 825 - Cry Hard.avi
recycle_bin	g:\TV\Look at Later\Season 8\General Inakappe - S08E26 - 08x26 - Cry Harder (2).avi
recycle_bin	g:\TV\Look at Later\Season 8\General Inakappe - S08E26 - Cheers 826 Cry Harder.avi
recycle_bin	g:\TV\Look at Later\Season 9\General Inakappe - S09E01 - 09x01 - Love is a Really, Really, Perfectly Okay Thing.avi
recycle_bin	g:\TV\Look at Later\Season 9\General Inakappe - S09E02 - 09x02 - Cheers Fouls Out.avi
recycle_bin	g:\TV\Look at Later\Season 9\General Inakappe - S09E03 - 09x03 - Rebecca Redux.avi
recycle_bin	g:\TV\Look at Later\Season 9\General Inakappe - S09E03 - Cheers 903 - Rebecca Redux.avi
recycle_bin	g:\TV\Look at Later\Season 9\General Inakappe - S09E04 - 09x04 - Where Nobody Knows Your Name.avi
recycle_bin	g:\TV\Look at Later\Season 9\General Inakappe - S09E05 - 09x05 - Ma Always Liked You Best.avi
recycle_bin	g:\TV\Look at Later\Season 9\General Inakappe - S09E06 - 09x06 - Grease.avi
recycle_bin	g:\TV\Look at Later\Season 9\General Inakappe - S09E07 - 09x07 - Breaking in is Hard to Do.avi
recycle_bin	g:\TV\Look at Later\Season 9\General Inakappe - S09E08 - 09x08 - Cheers 200th Celebration - One Hour Special.avi
recycle_bin	g:\TV\Look at Later\Season 9\General Inakappe - S09E09 - 09x09 - Bad Neighbor Sam.avi
recycle_bin	g:\TV\Look at Later\Season 9\General Inakappe - S09E10 - 09x10 - Veggie Boyd.avi
recycle_bin	g:\TV\Look at Later\Season 9\General Inakappe - S09E10 - Cheers 910 - Norm And Cliff's Excellent Adventure.avi
recycle_bin	g:\TV\Look at Later\Season 9\General Inakappe - S09E11 - 09x11 - Norm And Cliff's Excellent Adventure.avi
recycle_bin	g:\TV\Look at Later\Season 9\General Inakappe - S09E12 - 09x12 - Woody Interruptus.avi
recycle_bin	g:\TV\Look at Later\Season 9\General Inakappe - S09E13 - 09x13 - Honor Thy Mother.avi
recycle_bin	g:\TV\Look at Later\Season 9\General Inakappe - S09E14 - 09x14 - Achilles Hill.avi
recycle_bin	g:\TV\Look at Later\Season 9\General Inakappe - S09E15 - 09x15 - Days Of Wine And Neuroses.avi
recycle_bin	g:\TV\Look at Later\Season 9\General Inakappe - S09E16 - 09x16 - Wedding Bell Blues.avi
recycle_bin	g:\TV\Look at Later\Season 9\General Inakappe - S09E17 - 09x17 - I'm Getting My Act Together And Sticking It In Your Face.avi
recycle_bin	g:\TV\Look at Later\Season 9\General Inakappe - S09E17 - Cheers 917 - Sam Time Next Year.avi
recycle_bin	g:\TV\Look at Later\Season 9\General Inakappe - S09E18 - 09x18 - Sam Time Next Year.avi
recycle_bin	g:\TV\Look at Later\Season 9\General Inakappe - S09E19 - 09x19 - Crash Of The Titans.avi
recycle_bin	g:\TV\Look at Later\Season 9\General Inakappe - S09E20 - 09x20 - It's A Wonderful Wife.avi
recycle_bin	g:\TV\Look at Later\Season 9\General Inakappe - S09E21 - 09x21 - Cheers Has Chili.avi
recycle_bin	g:\TV\Look at Later\Season 9\General Inakappe - S09E22 - 09x22 - Carla Loves Clavin.avi
recycle_bin	g:\TV\Look at Later\Season 9\General Inakappe - S09E23 - 09x23 - Pitch It Again, Sam.avi
recycle_bin	g:\TV\Look at Later\Season 9\General Inakappe - S09E24 - 09x24 - Rat Girl.avi
recycle_bin	g:\TV\Look at Later\Season 9\General Inakappe - S09E25 - 09x25 - Home Malone.avi
recycle_bin	g:\TV\Look at Later\Season 9\General Inakappe - S09E26 - 09x26 - Uncle Sam Wants You.avi
recycle_bin	g:\TV\Look at Later\Season 10\General Inakappe - S10E01 - 10x01 - Baby Balk.avi
recycle_bin	g:\TV\Look at Later\Season 10\General Inakappe - S10E02 - 10x02 - Get Your Kicks on Route 666.avi
recycle_bin	g:\TV\Look at Later\Season 10\General Inakappe - S10E03 - 10x03 - Madame LaCarla.avi
recycle_bin	g:\TV\Look at Later\Season 10\General Inakappe - S10E04 - 10x04 - The Norm Who Came in from the Cold.avi
recycle_bin	g:\TV\Look at Later\Season 10\General Inakappe - S10E05 - 10x05 - Ma's Little Maggie.avi
recycle_bin	g:\TV\Look at Later\Season 10\General Inakappe - S10E06 - 10x06 - Unplanned Parenthood.avi
recycle_bin	g:\TV\Look at Later\Season 10\General Inakappe - S10E07 - 10x07 - Bar Wars V the Final Judgement.avi
recycle_bin	g:\TV\Look at Later\Season 10\General Inakappe - S10E08 - 10x08 - Where Have All the Floorboards Gone.avi
recycle_bin	g:\TV\Look at Later\Season 10\General Inakappe - S10E09 - 10x09 - Head Over Hill.avi
recycle_bin	g:\TV\Look at Later\Season 10\General Inakappe - S10E10 - 10x10 - A Fine French Whine.avi
recycle_bin	g:\TV\Look at Later\Season 10\General Inakappe - S10E11 - 10x11 - I'm Okay, You're Defective.avi
recycle_bin	g:\TV\Look at Later\Season 10\General Inakappe - S10E12 - 10x12 - Go Mate.avi
recycle_bin	g:\TV\Look at Later\Season 10\General Inakappe - S10E13 - 10x13 - Don't Shoot... I'm Only the Psychiatrist.avi
recycle_bin	g:\TV\Look at Later\Season 10\General Inakappe - S10E14 - 10x14 - No Rest For the Woody.avi
recycle_bin	g:\TV\Look at Later\Season 10\General Inakappe - S10E15 - 10x15 - My Son, the Father.avi
recycle_bin	g:\TV\Look at Later\Season 10\General Inakappe - S10E16 - 10x16 - One Hugs, the Other Doesn't.avi
recycle_bin	g:\TV\Look at Later\Season 10\General Inakappe - S10E17 - 10x17 - A Diminished Rebecca with a Suspended Cliff.avi
recycle_bin	g:\TV\Look at Later\Season 10\General Inakappe - S10E18 - 10x18 - License to Hill.avi
recycle_bin	g:\TV\Look at Later\Season 10\General Inakappe - S10E19 - 10x19 - Rich Man, Wood Man.avi
recycle_bin	g:\TV\Look at Later\Season 10\General Inakappe - S10E20 - 10x20 - Smotherly Love.avi
recycle_bin	g:\TV\Look at Later\Season 10\General Inakappe - S10E21 - 10x21 - Take Me Out of the Ball Game.avi
recycle_bin	g:\TV\Look at Later\Season 10\General Inakappe - S10E22 - 10x22 - Rebecca's Lover... Not.avi
recycle_bin	g:\TV\Look at Later\Season 10\General Inakappe - S10E23 - 10x23 - Bar Wars VI This Time It's for Real.avi
recycle_bin	g:\TV\Look at Later\Season 10\General Inakappe - S10E24 - 10x24 - Heeeeeere's... Cliffy!.avi
recycle_bin	g:\TV\Look at Later\Season 10\General Inakappe - S10E25 - 10x25 - An Old-Fashioned Wedding (1).avi
recycle_bin	g:\TV\Look at Later\Season 11\General Inakappe - S11E01 - 11x01 - The Little Match Girl.avi
recycle_bin	g:\TV\Look at Later\Season 11\General Inakappe - S11E01 - Cheers - S11E01 - The Little Match Girl.avi
recycle_bin	g:\TV\Look at Later\Season 11\General Inakappe - S11E02 - 11x02 - The Beer is Always Greener.avi
recycle_bin	g:\TV\Look at Later\Season 11\General Inakappe - S11E02 - Cheers - S11E02 - The Beer is Always Greener.avi
recycle_bin	g:\TV\Look at Later\Season 11\General Inakappe - S11E03 - 11x03 - The King of Beers.avi
recycle_bin	g:\TV\Look at Later\Season 11\General Inakappe - S11E03 - Cheers - S11E03 - The King of Beers.avi
recycle_bin	g:\TV\Look at Later\Season 11\General Inakappe - S11E04 - 11x04 - The Magnificent Six.avi
recycle_bin	g:\TV\Look at Later\Season 11\General Inakappe - S11E04 - Cheers - S11E04 - The Magnificent Six.avi
recycle_bin	g:\TV\Look at Later\Season 11\General Inakappe - S11E05 - 11x05 - Do Not Forsake Me O' My Postman.avi
recycle_bin	g:\TV\Look at Later\Season 11\General Inakappe - S11E05 - Cheers - S11E05 - Do Not Forsake Me O' My Postman.avi
recycle_bin	g:\TV\Look at Later\Season 11\General Inakappe - S11E06 - 11x06 - Teaching with the Enemy (1).avi
recycle_bin	g:\TV\Look at Later\Season 11\General Inakappe - S11E06 - Cheers - S11E06 - Teaching with the Enemy (1).avi
recycle_bin	g:\TV\Look at Later\Season 11\General Inakappe - S11E07 - 11x07 - The Girl in the Plastic Bubble (2).avi
recycle_bin	g:\TV\Look at Later\Season 11\General Inakappe - S11E07 - Cheers - S11E07 - The Girl in the Plastic Bubble (2).avi
recycle_bin	g:\TV\Look at Later\Season 11\General Inakappe - S11E08 - 11x08 - Ill-Gotten Gaines.avi
recycle_bin	g:\TV\Look at Later\Season 11\General Inakappe - S11E08 - Cheers - S11E08 - Ill-Gotten Gaines.avi
recycle_bin	g:\TV\Look at Later\Season 11\General Inakappe - S11E09 - 11x09 - Feelings... Whoa, Whoa, Whoa.avi
recycle_bin	g:\TV\Look at Later\Season 11\General Inakappe - S11E09 - Cheers - S11E09 - Feelings... Whoa, Whoa, Whoa.avi
recycle_bin	g:\TV\Look at Later\Season 11\General Inakappe - S11E10 - 11x10 - Daddy's Little Middle-Aged Girl.avi
recycle_bin	g:\TV\Look at Later\Season 11\General Inakappe - S11E10 - Cheers - S11E10 - Daddy's Little Middle-Aged Girl.avi
recycle_bin	g:\TV\Look at Later\Season 11\General Inakappe - S11E11 - 11x11 - Love Me, Love My Car.avi
recycle_bin	g:\TV\Look at Later\Season 11\General Inakappe - S11E11 - Cheers - S11E11 - Love Me, Love My Car.avi
recycle_bin	g:\TV\Look at Later\Season 11\General Inakappe - S11E12 - 11x12 - Sunday Dinner.avi
recycle_bin	g:\TV\Look at Later\Season 11\General Inakappe - S11E12 - Cheers - S11E12 - Sunday Dinner.avi
recycle_bin	g:\TV\Look at Later\Season 11\General Inakappe - S11E13 - 11x13 - Norm's Big Audit.avi
recycle_bin	g:\TV\Look at Later\Season 11\General Inakappe - S11E13 - Cheers - S11E13 - Norm's Big Audit.avi
recycle_bin	g:\TV\Look at Later\Season 11\General Inakappe - S11E14 - 11x14 - It's a Mad, Mad, Mad, Mad Bar.avi
recycle_bin	g:\TV\Look at Later\Season 11\General Inakappe - S11E14 - Cheers - S11E14 - It's a Mad, Mad, Mad, Mad Bar.avi
recycle_bin	g:\TV\Look at Later\Season 11\General Inakappe - S11E15 - 11x15 - Loathe and Marriage.avi
recycle_bin	g:\TV\Look at Later\Season 11\General Inakappe - S11E15 - Cheers - S11E15 - Loathe and Marriage.avi
recycle_bin	g:\TV\Look at Later\Season 11\General Inakappe - S11E16 - 11x16 - Is There a Doctor in the Howe (1).avi
recycle_bin	g:\TV\Look at Later\Season 11\General Inakappe - S11E16 - Cheers - S11E16 - Is There a Doctor in the Howe (1).avi
recycle_bin	g:\TV\Look at Later\Season 11\General Inakappe - S11E17 - 11x17 - The Bar Manager, The Shrink, His Wife and Her Lover (2).avi
recycle_bin	g:\TV\Look at Later\Season 11\General Inakappe - S11E17 - Cheers - S11E17 - The Bar Manager, The Shrink, His Wife and Her Lover (2).avi
recycle_bin	g:\TV\Look at Later\Season 11\General Inakappe - S11E18 - 11x18 - The Last Picture Show.avi
recycle_bin	g:\TV\Look at Later\Season 11\General Inakappe - S11E18 - Cheers - S11E18 - The Last Picture Show.avi
recycle_bin	g:\TV\Look at Later\Season 11\General Inakappe - S11E19 - 11x19 - Bar Wars VII The Naked Prey.avi
recycle_bin	g:\TV\Look at Later\Season 11\General Inakappe - S11E19 - Cheers - S11E19 - Bar Wars VII - The Naked Prey.avi
recycle_bin	g:\TV\Look at Later\Season 11\General Inakappe - S11E20 - 11x20 - Look Before You Sleep.avi
recycle_bin	g:\TV\Look at Later\Season 11\General Inakappe - S11E20 - Cheers - S11E20 - Look Before You Sleep.avi
recycle_bin	g:\TV\Look at Later\Season 11\General Inakappe - S11E21 - 11x21 - Woody Gets an Election.avi
recycle_bin	g:\TV\Look at Later\Season 11\General Inakappe - S11E21 - Cheers - S11E21 - Woody Gets an Election.avi
recycle_bin	g:\TV\Look at Later\Season 11\General Inakappe - S11E22 - 11x22 - It's Lonely on the Top.avi
recycle_bin	g:\TV\Look at Later\Season 11\General Inakappe - S11E22 - Cheers - S11E22 - It's Lonely on the Top.avi
recycle_bin	g:\TV\Look at Later\Season 11\General Inakappe - S11E23 - 11x23 - Rebecca Gaines, Rebecca Loses.avi
recycle_bin	g:\TV\Look at Later\Season 11\General Inakappe - S11E23 - Cheers - S11E23 - Rebecca Gaines, Rebecca Loses.avi
recycle_bin	g:\TV\Look at Later\Season 11\General Inakappe - S11E24 - 11x24 - The Guy Can't Help It.avi
recycle_bin	g:\TV\Look at Later\Season 11\General Inakappe - S11E24 - Cheers - S11E24 - The Guy Can't Help It.avi
recycle_bin	g:\TV\Look at Later\Season 11\General Inakappe - S11E25 - 11x25 - One for the Road.avi
recycle_bin	g:\TV\Look at Later\Season 11\General Inakappe - S11E25 - Cheers - S11E25 - One for the Road.avi
recycle_bin	g:\TV\Look at Later\Season 2\General Inakappe - S02E39 - Chip 'n Dale Rescue Rangers 239 Good Times, Bat Times (1).mp4
recycle_bin	g:\TV\Look at Later\Season 2\General Inakappe - S02E03 - Chip 'n Dale Rescue Rangers 203 To the Rescue 3 (1).mp4
recycle_bin	g:\TV\Look at Later\Season 2\General Inakappe - S02E27 - Chip 'n Dale Rescue Rangers 227 Weather or Not (1).mp4
recycle_bin	g:\TV\Look at Later\Season 2\General Inakappe - S02E31 - Chip 'n Dale Rescue Rangers 231 Song of the Night n Dale (1).mp4
recycle_bin	g:\TV\Look at Later\Season 2\General Inakappe - S02E24 - Chip 'n Dale Rescue Rangers 224 When Mice Were Men (1).mp4
recycle_bin	g:\TV\Look at Later\Season 2\General Inakappe - S02E20 - Chip 'n Dale Rescue Rangers 220 A Creep in the Deep (1).mp4
recycle_bin	g:\TV\Look at Later\Season 2\General Inakappe - S02E04 - Chip 'n Dale Rescue Rangers 204 To the Rescue 4 (1).mp4
recycle_bin	g:\TV\Look at Later\Season 2\General Inakappe - S02E14 - Chip 'n Dale Rescue Rangers 214 The Case of the Cola Cult (1).mp4
recycle_bin	g:\TV\Look at Later\Season 2\General Inakappe - S02E01 - Chip 'n Dale Rescue Rangers 201 To the Rescue 1 (1).mp4
recycle_bin	g:\TV\Look at Later\Season 2\General Inakappe - S02E07 - Chip 'n Dale Rescue Rangers 207 The Luck Stops Here (1).mp4
recycle_bin	g:\TV\Look at Later\Season 2\General Inakappe - S02E06 - Chip 'n Dale Rescue Rangers 206 A Lad in the Lamp (1).mp4
recycle_bin	g:\TV\Look at Later\Season 2\General Inakappe - S02E11 - Chip 'n Dale Rescue Rangers 211 Fake Me to Your Leader (1).mp4
recycle_bin	g:\TV\Look at Later\Season 2\General Inakappe - S02E21 - Chip 'n Dale Rescue Rangers 221 Normies Science Project (1).mp4
recycle_bin	g:\TV\Look at Later\Season 2\General Inakappe - S02E40 - Chip 'n Dale Rescue Rangers 240 Pie in the Sky (1).mp4
recycle_bin	g:\TV\Look at Later\Season 2\General Inakappe - S02E19 - Chip 'n Dale Rescue Rangers 219 Prehysterical Pet (1).mp4
recycle_bin	g:\TV\Look at Later\Season 2\General Inakappe - S02E19 - Chip 'n Dale Rescue Rangers 219 Prehysterical Pet.mp4
recycle_bin	g:\TV\Look at Later\Season 2\General Inakappe - S02E34 - Chip 'n Dale Rescue Rangers 234 Its a Bird, Its Insane, Its Dale (1).mp4
recycle_bin	g:\TV\Look at Later\Season 2\General Inakappe - S02E05 - Chip 'n Dale Rescue Rangers 205 To the Rescue 5 (1).mp4
recycle_bin	g:\TV\Look at Later\Season 2\General Inakappe - S02E10 - Chip 'n Dale Rescue Rangers 210 An Elephant Never Suspects (1).mp4
recycle_bin	g:\TV\Look at Later\Season 2\General Inakappe - S02E41 - Chip 'n Dale Rescue Rangers 241 Le Purrfect Crime (1).mp4
recycle_bin	g:\TV\Look at Later\Season 2\General Inakappe - S02E22 - Chip 'n Dale Rescue Rangers 222 Seer No Evil (1).mp4
recycle_bin	g:\TV\Look at Later\Season 2\General Inakappe - S02E02 - Chip 'n Dale Rescue Rangers 202 To the Rescue 2 (1).mp4
recycle_bin	g:\TV\Look at Later\Season 2\General Inakappe - S02E38 - Chip 'n Dale Rescue Rangers 238 Dirty Rotten Diapers (1).mp4
recycle_bin	g:\TV\Look at Later\Season 2\General Inakappe - S02E44 - Chip 'n Dale Rescue Rangers 244 A Lean on the Property (1).mp4
recycle_bin	g:\TV\Look at Later\Season 2\General Inakappe - S02E18 - Chip 'n Dale Rescue Rangers 218 Does Pavlov Ring a Bell (1).mp4
recycle_bin	g:\TV\Look at Later\Season 2\General Inakappe - S02E18 - Chip 'n Dale Rescue Rangers 218 Does Pavlov Ring a Bell.mp4
recycle_bin	g:\TV\Look at Later\Season 2\General Inakappe - S02E45 - Chip 'n Dale Rescue Rangers 245 The Pied Piper Power Play (1).mp4
recycle_bin	g:\TV\Look at Later\Season 2\General Inakappe - S02E17 - Chip 'n Dale Rescue Rangers 217 Robocat (1).mp4
recycle_bin	g:\TV\Look at Later\Season 2\General Inakappe - S02E46 - Chip 'n Dale Rescue Rangers 246 Gorilla of My Dreams (1).mp4
recycle_bin	g:\TV\Look at Later\Season 2\General Inakappe - S02E36 - Chip 'n Dale Rescue Rangers 236 Mind Your Cheese and Q's (1).mp4
recycle_bin	g:\TV\Look at Later\Season 2\General Inakappe - S02E16 - Chip 'n Dale Rescue Rangers 216 A Wolf in Cheap Clothing (1).mp4
recycle_bin	g:\TV\Look at Later\Season 2\General Inakappe - S02E15 - Chip 'n Dale Rescue Rangers 215 Throw Mummy From the Train (1).mp4
recycle_bin	g:\TV\Look at Later\Season 2\General Inakappe - S02E30 - Chip 'n Dale Rescue Rangers 230 Love Is A Many Splintered Thing (1).mp4
recycle_bin	g:\TV\Look at Later\Season 2\General Inakappe - S02E29 - Chip 'n Dale Rescue Rangers 229 Shell Shocked (1).mp4
recycle_bin	g:\TV\Look at Later\Season 2\General Inakappe - S02E35 - Chip 'n Dale Rescue Rangers 235 Short Order Crooks (1).mp4
recycle_bin	g:\TV\Look at Later\Season 2\General Inakappe - S02E32 - Chip 'n Dale Rescue Rangers 232 Double O'Chipmunk (1).mp4
recycle_bin	g:\TV\Look at Later\Season 2\General Inakappe - S02E13 - Chip 'n Dale Rescue Rangers 213 A Case of Stage Blight (1).mp4
recycle_bin	g:\TV\Look at Later\Season 3\General Inakappe - S03E05 - Chip 'n Dale Rescue Rangers 305 They Shoot Dogs, Dont They (1).mp4
recycle_bin	g:\TV\Look at Later\Season 2\General Inakappe - S02E08 - Chip 'n Dale Rescue Rangers 208 Battle of the Bulge BQ VHS (1).mp4
recycle_bin	g:\TV\Look at Later\Season 2\General Inakappe - S02E42 - Chip 'n Dale Rescue Rangers 242 When You Fish Upon a Star (1).mp4
recycle_bin	g:\TV\Look at Later\Season 2\General Inakappe - S02E23 - Chip 'n Dale Rescue Rangers 223 Chipwrecked and Shipmunks (1).mp4
recycle_bin	g:\TV\Look at Later\Season 2\General Inakappe - S02E25 - Chip 'n Dale Rescue Rangers 225 Chocolate Chips (1).mp4
recycle_bin	g:\TV\Look at Later\Season 2\General Inakappe - S02E12 - Chip 'n Dale Rescue Rangers 212 Last Train to Cashville (1).mp4
recycle_bin	g:\TV\Look at Later\Season 3\General Inakappe - S03E01 - Chip 'n Dale Rescue Rangers 301 Zipper Come Home (1).mp4
recycle_bin	g:\TV\Look at Later\Season 2\Documentary of My Ex-Girlfriend Complex - S02E01 - Count Duckula S02E01.avi
recycle_bin	g:\TV\Look at Later\Season 2\Documentary of My Ex-Girlfriend Complex - S02E02 - Count Duckula S02E02.avi
recycle_bin	g:\TV\Look at Later\Season 2\Documentary of My Ex-Girlfriend Complex - S02E03 - Count Duckula S02E03.avi
recycle_bin	g:\TV\Look at Later\Season 2\Documentary of My Ex-Girlfriend Complex - S02E04 - Count Duckula S02E04.avi
recycle_bin	g:\TV\Look at Later\Season 2\Documentary of My Ex-Girlfriend Complex - S02E05 - Count Duckula S02E05.avi
recycle_bin	g:\TV\Look at Later\Season 2\Documentary of My Ex-Girlfriend Complex - S02E06 - Count Duckula S02E06.avi
recycle_bin	g:\TV\Look at Later\Season 2\Documentary of My Ex-Girlfriend Complex - S02E07 - Count Duckula S02E07.avi
recycle_bin	g:\TV\Look at Later\Season 2\Documentary of My Ex-Girlfriend Complex - S02E08 - Count Duckula S02E08.avi
recycle_bin	g:\TV\Look at Later\Season 2\Documentary of My Ex-Girlfriend Complex - S02E09 - Count Duckula S02E09.avi
recycle_bin	g:\TV\Look at Later\Season 2\Documentary of My Ex-Girlfriend Complex - S02E10 - Count Duckula S02E10.avi
recycle_bin	g:\TV\Look at Later\Season 2\Documentary of My Ex-Girlfriend Complex - S02E11 - Count Duckula S02E11.avi
recycle_bin	g:\TV\Look at Later\Season 2\Documentary of My Ex-Girlfriend Complex - S02E12 - Count Duckula S02E12.avi
recycle_bin	g:\TV\Look at Later\Season 2\Documentary of My Ex-Girlfriend Complex - S02E13 - Count Duckula S02E13.avi
recycle_bin	g:\TV\Look at Later\Season 2\Documentary of My Ex-Girlfriend Complex - S02E14 - Count Duckula S02E14.avi
recycle_bin	g:\TV\Look at Later\Season 2\Documentary of My Ex-Girlfriend Complex - S02E15 - Count Duckula S02E15.avi
recycle_bin	g:\TV\Look at Later\Season 2\Documentary of My Ex-Girlfriend Complex - S02E16 - Count Duckula S02E16.avi
recycle_bin	g:\TV\Look at Later\Season 2\Documentary of My Ex-Girlfriend Complex - S02E17 - Count Duckula S02E17.avi
recycle_bin	g:\TV\Look at Later\Season 2\Documentary of My Ex-Girlfriend Complex - S02E18 - Count Duckula S02E18.avi
recycle_bin	g:\TV\Look at Later\Season 2\Documentary of My Ex-Girlfriend Complex - S02E19 - Count Duckula S02E19.avi
recycle_bin	g:\TV\Look at Later\Season 4\Documentary of My Ex-Girlfriend Complex - S04E01 - Count Duckula S04E01 - Around The World In A Total Daze.avi
recycle_bin	g:\TV\Look at Later\Season 4\Documentary of My Ex-Girlfriend Complex - S04E02 - Count Duckula S04E02 - Manhattan Duck.avi
recycle_bin	g:\TV\Look at Later\Season 4\Documentary of My Ex-Girlfriend Complex - S04E03 - Count Duckula S04E03 - Alps A Daisy.mpg
recycle_bin	g:\TV\Look at Later\Season 4\Documentary of My Ex-Girlfriend Complex - S04E04 - Count Duckula S04E04 - Prince Duckula.avi
recycle_bin	g:\TV\Look at Later\Season 4\Documentary of My Ex-Girlfriend Complex - S04E05 - Count Duckula S04E05 - Venice A Duck Not A Duck.avi
recycle_bin	g:\TV\Look at Later\Season 4\Documentary of My Ex-Girlfriend Complex - S04E06 - Count Duckula S04E06 - A Mountie Always Gets His Duck.avi
recycle_bin	g:\TV\Look at Later\Season 4\Documentary of My Ex-Girlfriend Complex - S04E07 - Count Duckula S04E07 - The Zombie Awakes.mpg
recycle_bin	g:\TV\Look at Later\Season 1\Documentary of My Ex-Girlfriend Complex - S01E09 - cow and chicken - 109 - drash dive!.avi
recycle_bin	g:\TV\Look at Later\Season 1\Documentary of My Ex-Girlfriend Complex - S01E10 - cow and chicken - 110 - happy meat.avi
recycle_bin	g:\TV\Look at Later\Season 1\Documentary of My Ex-Girlfriend Complex - S01E11 - cow and chicken - 111 - school bully.avi
recycle_bin	g:\TV\Look at Later\Season 1\Documentary of My Ex-Girlfriend Complex - S01E12 - cow and chicken - 112 - time machine.avi
recycle_bin	g:\TV\Look at Later\Season 1\Documentary of My Ex-Girlfriend Complex - S01E13 - cow and chicken - 113 - orthodontic police.avi
recycle_bin	g:\TV\Look at Later\Season 1\Documentary of My Ex-Girlfriend Complex - S01E14 - cow and chicken - 114 - the cow with four eyes.avi
recycle_bin	g:\TV\Look at Later\Season 1\Documentary of My Ex-Girlfriend Complex - S01E15 - cow and chicken - 115 - cow's instincts... don't it.avi
recycle_bin	g:\TV\Look at Later\Season 1\Documentary of My Ex-Girlfriend Complex - S01E16 - cow and chicken - 116 - ballerina cow.avi
recycle_bin	g:\TV\Look at Later\Season 1\Documentary of My Ex-Girlfriend Complex - S01E17 - cow and chicken - 117 - field trip to folsom prison.avi
recycle_bin	g:\TV\Look at Later\Season 1\Documentary of My Ex-Girlfriend Complex - S01E18 - cow and chicken - 118 - the girl's bathroom.avi
recycle_bin	g:\TV\Look at Later\Season 1\Documentary of My Ex-Girlfriend Complex - S01E19 - cow and chicken - 119 - space cow.avi
recycle_bin	g:\TV\Look at Later\Season 1\Documentary of My Ex-Girlfriend Complex - S01E20 - cow and chicken - 120 - the legend of sailcat.avi
recycle_bin	g:\TV\Look at Later\Season 1\Documentary of My Ex-Girlfriend Complex - S01E21 - cow and chicken - 121 - chicken's first kiss.avi
recycle_bin	g:\TV\Look at Later\Season 1\Documentary of My Ex-Girlfriend Complex - S01E22 - cow and chicken - 122 - squirt the daisies.avi
recycle_bin	g:\TV\Look at Later\Season 1\Documentary of My Ex-Girlfriend Complex - S01E23 - cow and chicken - 123 - lawnmower chicken.avi
recycle_bin	g:\TV\Look at Later\Season 1\Documentary of My Ex-Girlfriend Complex - S01E24 - cow and chicken - 124 - cow loves piles.avi
recycle_bin	g:\TV\Look at Later\Season 1\Documentary of My Ex-Girlfriend Complex - S01E25 - cow and chicken - 125 - head hunting in oregon.avi
recycle_bin	g:\TV\Look at Later\Season 1\Documentary of My Ex-Girlfriend Complex - S01E26 - cow and chicken - 126 - the king and queen of cheese.avi
recycle_bin	g:\TV\Look at Later\Season 2\Documentary of My Ex-Girlfriend Complex - S02E01 - cow and chicken - 201 - fluffy the anaconda.avi
recycle_bin	g:\TV\Look at Later\Season 2\Documentary of My Ex-Girlfriend Complex - S02E02 - cow and chicken - 202 - the laughing puddle.avi
recycle_bin	g:\TV\Look at Later\Season 2\Documentary of My Ex-Girlfriend Complex - S02E03 - cow and chicken - 203 - pirate lessons.avi
recycle_bin	g:\TV\Look at Later\Season 2\Documentary of My Ex-Girlfriend Complex - S02E04 - cow and chicken - 204 - halloween with dead ghost, coast to coast.avi
recycle_bin	g:\TV\Look at Later\Season 2\Documentary of My Ex-Girlfriend Complex - S02E05 - cow and chicken - 205 - tongue sandwich.avi
recycle_bin	g:\TV\Look at Later\Season 2\Documentary of My Ex-Girlfriend Complex - S02E06 - cow and chicken - 206 - dream date chicken.avi
recycle_bin	g:\TV\Look at Later\Season 2\Documentary of My Ex-Girlfriend Complex - S02E07 - cow and chicken - 207 - sumo cow.avi
recycle_bin	g:\TV\Look at Later\Season 2\Documentary of My Ex-Girlfriend Complex - S02E08 - cow and chicken - 208 - comet!.avi
recycle_bin	g:\TV\Look at Later\Season 2\Documentary of My Ex-Girlfriend Complex - S02E09 - cow and chicken - 209 - dirty laundry.avi
recycle_bin	g:\TV\Look at Later\Season 2\Documentary of My Ex-Girlfriend Complex - S02E10 - cow and chicken - 210 - grizzly beaver safari.avi
recycle_bin	g:\TV\Look at Later\Season 2\Documentary of My Ex-Girlfriend Complex - S02E11 - cow and chicken - 211 - which came first.avi
recycle_bin	g:\TV\Look at Later\Season 2\Documentary of My Ex-Girlfriend Complex - S02E12 - cow and chicken - 212 - boneless kite.avi
recycle_bin	g:\TV\Look at Later\Season 2\Documentary of My Ex-Girlfriend Complex - S02E13 - cow and chicken - 213 - buffalo gals.mpg
recycle_bin	g:\TV\Look at Later\Season 2\Documentary of My Ex-Girlfriend Complex - S02E14 - cow and chicken - 214 - cow and chicken reclining.avi
recycle_bin	g:\TV\Look at Later\Season 2\Documentary of My Ex-Girlfriend Complex - S02E15 - cow and chicken - 215 - free inside!.avi
recycle_bin	g:\TV\Look at Later\Season 2\Documentary of My Ex-Girlfriend Complex - S02E16 - cow and chicken - 216 - journey to the center of cow.avi
recycle_bin	g:\TV\Look at Later\Season 2\Documentary of My Ex-Girlfriend Complex - S02E17 - cow and chicken - 217 - the karate chick.avi
recycle_bin	g:\TV\Look at Later\Season 2\Documentary of My Ex-Girlfriend Complex - S02E18 - cow and chicken - 218 - yard sale.avi
recycle_bin	g:\TV\Look at Later\Season 2\Documentary of My Ex-Girlfriend Complex - S02E19 - cow and chicken - 219 - meet lance sackless.avi
recycle_bin	g:\TV\Look at Later\Season 2\Documentary of My Ex-Girlfriend Complex - S02E20 - cow and chicken - 220 - who's afraid of the dark.avi
recycle_bin	g:\TV\Look at Later\Season 2\Documentary of My Ex-Girlfriend Complex - S02E21 - cow and chicken - 221 - the bad news plastic surgeons.avi
recycle_bin	g:\TV\Look at Later\Season 2\Documentary of My Ex-Girlfriend Complex - S02E22 - cow and chicken - 222 - the exchange stüdent.avi
recycle_bin	g:\TV\Look at Later\Season 2\Documentary of My Ex-Girlfriend Complex - S02E23 - cow and chicken - 223 - child star.avi
recycle_bin	g:\TV\Look at Later\Season 2\Documentary of My Ex-Girlfriend Complex - S02E24 - cow and chicken - 224 - perpetual energy.avi
recycle_bin	g:\TV\Look at Later\Season 2\Documentary of My Ex-Girlfriend Complex - S02E25 - cow and chicken - 225 - bad chicken.avi
recycle_bin	g:\TV\Look at Later\Season 2\Documentary of My Ex-Girlfriend Complex - S02E26 - cow and chicken - 226 - stay awake.avi
recycle_bin	g:\TV\Look at Later\Season 3\Documentary of My Ex-Girlfriend Complex - S03E01 - cow and chicken - 301 - can cow come out and play.avi
recycle_bin	g:\TV\Look at Later\Season 3\Documentary of My Ex-Girlfriend Complex - S03E02 - cow and chicken - 302 - horn envy.avi
recycle_bin	g:\TV\Look at Later\Season 3\Documentary of My Ex-Girlfriend Complex - S03E03 - cow and chicken - 303 - goin' my way.avi
recycle_bin	g:\TV\Look at Later\Season 3\Documentary of My Ex-Girlfriend Complex - S03E04 - cow and chicken - 304 - the babysitter.avi
recycle_bin	g:\TV\Look at Later\Season 3\Documentary of My Ex-Girlfriend Complex - S03E05 - cow and chicken - 305 - cow fly.avi
recycle_bin	g:\TV\Look at Later\Season 3\Documentary of My Ex-Girlfriend Complex - S03E06 - cow and chicken - 306 - where am i.avi
recycle_bin	g:\TV\Look at Later\Season 3\Documentary of My Ex-Girlfriend Complex - S03E07 - cow and chicken - 307 - sergeant weenie arms.avi
recycle_bin	g:\TV\Look at Later\Season 3\Documentary of My Ex-Girlfriend Complex - S03E08 - cow and chicken - 308 - sow and chicken.avi
recycle_bin	g:\TV\Look at Later\Season 3\Documentary of My Ex-Girlfriend Complex - S03E09 - cow and chicken - 309 - cow's dream catcher.avi
recycle_bin	g:\TV\Look at Later\Season 3\Documentary of My Ex-Girlfriend Complex - S03E10 - cow and chicken - 310 - me an' my dog.avi
recycle_bin	g:\TV\Look at Later\Season 3\Documentary of My Ex-Girlfriend Complex - S03E11 - cow and chicken - 311 - grandma at the mall.avi
recycle_bin	g:\TV\Look at Later\Season 3\Documentary of My Ex-Girlfriend Complex - S03E12 - cow and chicken - 312 - chicken in the bathroom.avi
recycle_bin	g:\TV\Look at Later\Season 3\Documentary of My Ex-Girlfriend Complex - S03E13 - cow and chicken - 313 - chickens don't fly.avi
recycle_bin	g:\TV\Look at Later\Season 3\Documentary of My Ex-Girlfriend Complex - S03E14 - cow and chicken - 314 - p.e.avi
recycle_bin	g:\TV\Look at Later\Season 3\Documentary of My Ex-Girlfriend Complex - S03E15 - cow and chicken - 315 - playin' hookie.avi
recycle_bin	g:\TV\Look at Later\Season 3\Documentary of My Ex-Girlfriend Complex - S03E16 - cow and chicken - 316 - chicken lips.avi
recycle_bin	g:\TV\Look at Later\Season 3\Documentary of My Ex-Girlfriend Complex - S03E17 - cow and chicken - 317 - the day i was born.avi
recycle_bin	g:\TV\Look at Later\Season 3\Documentary of My Ex-Girlfriend Complex - S03E18 - cow and chicken - 318 - factory follies.avi
recycle_bin	g:\TV\Look at Later\Season 3\Documentary of My Ex-Girlfriend Complex - S03E20 - cow and chicken - 320 - intelligent life.avi
recycle_bin	g:\TV\Look at Later\Season 3\Documentary of My Ex-Girlfriend Complex - S03E21 - cow and chicken - 321 - be careful what you wish for.avi
recycle_bin	g:\TV\Look at Later\Season 3\Documentary of My Ex-Girlfriend Complex - S03E22 - cow and chicken - 322 - lost at sea.avi
recycle_bin	g:\TV\Look at Later\Season 3\Documentary of My Ex-Girlfriend Complex - S03E23 - cow and chicken - 323 - night of the ed.avi
recycle_bin	g:\TV\Look at Later\Season 3\Documentary of My Ex-Girlfriend Complex - S03E24 - cow and chicken - 324 - cow's pie.avi
recycle_bin	g:\TV\Look at Later\Season 3\Documentary of My Ex-Girlfriend Complex - S03E25 - cow and chicken - 325 - professor longhorn steer.avi
recycle_bin	g:\TV\Look at Later\Season 3\Documentary of My Ex-Girlfriend Complex - S03E26 - cow and chicken - 326 - a couple of skating fools.avi
recycle_bin	g:\TV\Look at Later\Season 4\Documentary of My Ex-Girlfriend Complex - S04E01 - cow and chicken - 401 - chachi the chewing gum seal.avi
recycle_bin	g:\TV\Look at Later\Season 4\Documentary of My Ex-Girlfriend Complex - S04E02 - cow and chicken - 402 - black sheep of the family.avi
recycle_bin	g:\TV\Look at Later\Season 4\Documentary of My Ex-Girlfriend Complex - S04E03 - cow and chicken - 403 - the full mounty.avi
recycle_bin	g:\TV\Look at Later\Season 4\Documentary of My Ex-Girlfriend Complex - S04E04 - cow and chicken - 404 - mall cop.avi
recycle_bin	g:\TV\Look at Later\Season 4\Documentary of My Ex-Girlfriend Complex - S04E05 - cow and chicken - 405 - cow's toys.avi
recycle_bin	g:\TV\Look at Later\Season 4\Documentary of My Ex-Girlfriend Complex - S04E06 - cow and chicken - 406 - i scream, man.avi
recycle_bin	g:\TV\Look at Later\Season 4\Documentary of My Ex-Girlfriend Complex - S04E07 - cow and chicken - 407 - cloud nine.avi
recycle_bin	g:\TV\Look at Later\Season 4\Documentary of My Ex-Girlfriend Complex - S04E08 - cow and chicken - 408 - send in the clowns.avi
recycle_bin	g:\TV\Look at Later\Season 4\Documentary of My Ex-Girlfriend Complex - S04E09 - cow and chicken - 409 - the big move.avi
recycle_bin	g:\TV\Look at Later\Season 4\Documentary of My Ex-Girlfriend Complex - S04E10 - cow and chicken - 410 - cow's magic blanket.avi
recycle_bin	g:\TV\Look at Later\Season 4\Documentary of My Ex-Girlfriend Complex - S04E11 - cow and chicken - 411 - snail boy.avi
recycle_bin	g:\TV\Look at Later\Season 4\Documentary of My Ex-Girlfriend Complex - S04E12 - cow and chicken - 412 - the penalty wheel.avi
recycle_bin	g:\TV\Look at Later\Season 4\Documentary of My Ex-Girlfriend Complex - S04E13 - cow and chicken - 413 - invisible cow.avi
recycle_bin	g:\TV\Look at Later\Season 4\Documentary of My Ex-Girlfriend Complex - S04E14 - cow and chicken - 414 - monster in the closet.avi
recycle_bin	g:\TV\Look at Later\Season 4\Documentary of My Ex-Girlfriend Complex - S04E15 - cow and chicken - 415 - chicken's fairy tale.avi
recycle_bin	g:\TV\Look at Later\Season 4\Documentary of My Ex-Girlfriend Complex - S04E16 - cow and chicken - 416 - magic chicken.avi
recycle_bin	g:\TV\Look at Later\Season 4\Documentary of My Ex-Girlfriend Complex - S04E17 - cow and chicken - 417 - major wedgie.avi
recycle_bin	g:\TV\Look at Later\Season 4\Documentary of My Ex-Girlfriend Complex - S04E18 - cow and chicken - 418 - the loneliest cow.avi
recycle_bin	g:\TV\Look at Later\Season 4\Documentary of My Ex-Girlfriend Complex - S04E19 - cow and chicken - 419 - cow's horse.avi
recycle_bin	g:\TV\Look at Later\Season 4\Documentary of My Ex-Girlfriend Complex - S04E20 - cow and chicken - 420 - red butler.avi
recycle_bin	g:\TV\Look at Later\Season 4\Documentary of My Ex-Girlfriend Complex - S04E21 - cow and chicken - 421 - cow's a beauty.avi
recycle_bin	g:\TV\Look at Later\Season 4\Documentary of My Ex-Girlfriend Complex - S04E22 - cow and chicken - 422 - piano lessons.avi
recycle_bin	g:\TV\Look at Later\Season 4\Documentary of My Ex-Girlfriend Complex - S04E23 - cow and chicken - 423 - duck, duck chicken!.avi
recycle_bin	g:\TV\Look at Later\Season 4\Documentary of My Ex-Girlfriend Complex - S04E24 - cow and chicken - 424 - the great pantzini.avi
recycle_bin	g:\TV\Look at Later\Season 4\Documentary of My Ex-Girlfriend Complex - S04E25 - cow and chicken - 425 - the cow and chicken blues.avi
recycle_bin	g:\TV\Look at Later\Season 4\Documentary of My Ex-Girlfriend Complex - S04E26 - cow and chicken - 426 - the ballad of cow and chicken.avi
recycle_bin	g:\TV\Look at Later\Season 1\General Inakappe - S01E01 - Episode 1.mpg
recycle_bin	g:\TV\Look at Later\Season 1\General Inakappe - S01E02 - Episode 2.mpg
recycle_bin	g:\TV\Look at Later\Season 1\General Inakappe - S01E03 - Episode 3.mpg
recycle_bin	g:\TV\Look at Later\Season 1\General Inakappe - S01E04 - Episode 4.mpg
recycle_bin	g:\TV\Look at Later\Season 1\General Inakappe - S01E05 - Episode 5.mpg
recycle_bin	g:\TV\Look at Later\Season 1\General Inakappe - S01E06 - Episode 6.mpg
recycle_bin	g:\TV\Look at Later\Season 1\General Inakappe - S01E07 - Episode 7.mpg
recycle_bin	g:\TV\Look at Later\Season 1\General Inakappe - S01E08 - Episode 8.mpg
recycle_bin	g:\TV\Look at Later\Season 1\General Inakappe - S01E09 - Episode 9.mpg
recycle_bin	g:\TV\Look at Later\Season 1\General Inakappe - S01E10 - Episode 10.mpg
recycle_bin	g:\TV\Look at Later\Season 1\General Inakappe - S01E11 - Episode 11.mpg
recycle_bin	g:\TV\Look at Later\Season 1\General Inakappe - S01E12 - Episode 12.mpg
recycle_bin	g:\TV\Look at Later\Season 1\General Inakappe - S01E13 - Episode 13.mpg
recycle_bin	g:\TV\Look at Later\Season 1\General Inakappe - S01E14 - Episode 14.mpg
recycle_bin	g:\TV\Look at Later\Season 1\General Inakappe - S01E15 - Episode 15.mpg
recycle_bin	g:\TV\Look at Later\Season 1\General Inakappe - S01E27 - Episode 27.mp4
recycle_bin	g:\TV\Look at Later\Season 1\General Inakappe - S01E28 - Episode 28.mp4
recycle_bin	g:\TV\Look at Later\Season 1\General Inakappe - S01E29 - Episode 29.mp4
recycle_bin	g:\TV\Look at Later\Season 1\General Inakappe - S01E30 - Episode 30.mp4
recycle_bin	g:\TV\Look at Later\Season 2\General Inakappe - S02E01 - Cyberchase 2x01 - Hugs and Witches.avi
recycle_bin	g:\TV\Look at Later\Season 2\General Inakappe - S02E03 - Cyberchase 2x03 - Harriet Hypo and the Mean Green.avi
recycle_bin	g:\TV\Look at Later\Season 2\General Inakappe - S02E05 - Cyberchase 2x05 - All the Right Angles.avi
recycle_bin	g:\TV\Look at Later\Season 2\General Inakappe - S02E06 - Cyberchase 2x06 - Mother's Day.avi
recycle_bin	g:\TV\Look at Later\Season 2\General Inakappe - S02E07 - Cyberchase 2x07 - The Eye of Rom.avi
recycle_bin	g:\TV\Look at Later\Season 2\General Inakappe - S02E09 - Cyberchase 2x09 - Double Trouble.avi
recycle_bin	g:\TV\Look at Later\Season 2\General Inakappe - S02E10 - Cyberchase 2x10 - Raising the Bar.avi
recycle_bin	g:\TV\Look at Later\Season 2\General Inakappe - S02E12 - Cyberchase 2x12 - The Guilty Party.avi
recycle_bin	g:\TV\Look at Later\Season 3\General Inakappe - S03E01 - Cyberchase 3x01 - EcoHaven CSE.avi
recycle_bin	g:\TV\Look at Later\Season 3\General Inakappe - S03E05 - Cyberchase 3x05 - The Creech Who Would Be Crowned.avi
recycle_bin	g:\TV\Look at Later\Season 3\General Inakappe - S03E06 - Cyberchase 3x06 - The Grapes of Plath.avi
recycle_bin	g:\TV\Look at Later\Season 3\General Inakappe - S03E07 - Cyberchase 3x07 - A Perfect Fit.avi
recycle_bin	g:\TV\Look at Later\Season 3\General Inakappe - S03E09 - Cyberchase 3x09 - The Snelfu Snafu (part 1).avi
recycle_bin	g:\TV\Look at Later\Season 3\General Inakappe - S03E10 - Cyberchase 3x10 - The Snelfu Snafu (part 2).avi
recycle_bin	g:\TV\Look at Later\Season 4\General Inakappe - S04E02 - Cyberchase 4x02 - The Icky Factor.avi
recycle_bin	g:\TV\Look at Later\Season 4\General Inakappe - S04E05 - Cyberchase 4x05 - Measure for Measure.avi
recycle_bin	g:\TV\Look at Later\Season 4\General Inakappe - S04E06 - Cyberchase 4x06 - A Change of Art.avi
recycle_bin	g:\TV\Look at Later\Season 4\General Inakappe - S04E07 - Cyberchase 4x07 - The Case of the Missing Memory.avi
recycle_bin	g:\TV\Look at Later\Season 4\General Inakappe - S04E08 - Cyberchase 4x08 - A Crinkle in Time.avi
recycle_bin	g:\TV\Look at Later\Season 4\General Inakappe - S04E09 - Cyberchase 4x09 - A Broom of One's Own.avi
recycle_bin	g:\TV\Look at Later\Season 4\General Inakappe - S04E10 - Cyberchase 4x10 - A Tikiville Turkey Day.avi
recycle_bin	g:\TV\Look at Later\Season 5\General Inakappe - S05E02 - Cyberchase 5x02 - A Clean Sweep.avi
recycle_bin	g:\TV\Look at Later\Season 5\General Inakappe - S05E04 - Cyberchase 5x04 - EcoHaven Ooze.avi
recycle_bin	g:\TV\Look at Later\Season 2\Documentary of My Ex-Girlfriend Complex - S02E01 - Danger Mouse S02E01 - Rogue Robots.avi
recycle_bin	g:\TV\Look at Later\Season 2\Documentary of My Ex-Girlfriend Complex - S02E02 - Danger Mouse S02E02 - Custard.avi
recycle_bin	g:\TV\Look at Later\Season 2\Documentary of My Ex-Girlfriend Complex - S02E03 - Danger Mouse S02E03 - Close Encounters Of The Absurd Kind.avi
recycle_bin	g:\TV\Look at Later\Season 2\Documentary of My Ex-Girlfriend Complex - S02E04 - Danger Mouse S02E04 - The Duel.avi
recycle_bin	g:\TV\Look at Later\Season 2\Documentary of My Ex-Girlfriend Complex - S02E05 - Danger Mouse S02E05 - Day Of The Suds.avi
recycle_bin	g:\TV\Look at Later\Season 2\Documentary of My Ex-Girlfriend Complex - S02E06 - Danger Mouse S02E06 - Bad Luck Eye Of The Little Yellow God.avi
recycle_bin	g:\TV\Look at Later\Season 2\Documentary of My Ex-Girlfriend Complex - S02E07 - Danger Mouse S02E07 - Four Tasks Of Dangermouse.avi
recycle_bin	g:\TV\Look at Later\Season 2\Documentary of My Ex-Girlfriend Complex - S02E08 - Danger Mouse S02E08 - Die Laughing.avi
recycle_bin	g:\TV\Look at Later\Season 2\Documentary of My Ex-Girlfriend Complex - S02E09 - Danger Mouse S02E09 - World Of Machines.avi
recycle_bin	g:\TV\Look at Later\Season 2\Documentary of My Ex-Girlfriend Complex - S02E10 - Danger Mouse S02E10 - Ice Station Camel.avi
recycle_bin	g:\TV\Look at Later\Season 2\Documentary of My Ex-Girlfriend Complex - S02E11 - Danger Mouse S02E11 - A Plague Of Pyramids.avi
recycle_bin	g:\TV\Look at Later\Season 1\General Inakappe - S01E01 - 01 DM Rogue Robots.mp4
recycle_bin	g:\TV\Look at Later\Season 1\General Inakappe - S01E02 - 02 DM Who stole the bagpipes.mp4
recycle_bin	g:\TV\Look at Later\Season 1\General Inakappe - S01E03 - 03 DM Trouble with ghosts.mp4
recycle_bin	g:\TV\Look at Later\Season 1\General Inakappe - S01E04 - 04 DM Chicken run.mp4
recycle_bin	g:\TV\Look at Later\Season 1\General Inakappe - S01E05 - 05 DM The martian misfit.mp4
recycle_bin	g:\TV\Look at Later\Season 1\General Inakappe - S01E06 - 06 DM The dream machine.mp4
recycle_bin	g:\TV\Look at Later\Season 1\General Inakappe - S01E07 - 07 DM Lord of the bungle.mp4
recycle_bin	g:\TV\Look at Later\Season 1\General Inakappe - S01E08 - 08 DM Die laughing.mp4
recycle_bin	g:\TV\Look at Later\Season 1\General Inakappe - S01E09 - 09 DM The world of machines.mp4
recycle_bin	g:\TV\Look at Later\Season 1\General Inakappe - S01E10 - 10 DM Ice station camel.mp4
recycle_bin	g:\TV\Look at Later\Season 1\General Inakappe - S01E20 - 20 DM The strange case of the ghost bus.mp4
recycle_bin	g:\TV\Look at Later\Season 1\General Inakappe - S01E21 - 21 DM The trip to America.mp4
recycle_bin	g:\TV\Look at Later\Season 1\General Inakappe - S01E31 - 31 DM Long Lost Crown Affair.mp4
recycle_bin	g:\TV\Look at Later\Season 1\General Inakappe - S01E32 - 32 DM By George, It's a Dragon!.mp4
recycle_bin	g:\TV\Look at Later\Season 1\General Inakappe - S01E33 - 33 DM Tiptoe Through the Penfolds.mp4
recycle_bin	g:\TV\Look at Later\Season 1\General Inakappe - S01E34 - 34 DM Project Moon.mp4
recycle_bin	g:\TV\Look at Later\Season 1\General Inakappe - S01E35 - 35 DM The next ice age begins at midnight!.mp4
recycle_bin	g:\TV\Look at Later\Season 1\General Inakappe - S01E36 - 36 DM The aliens are coming!.mp4
recycle_bin	g:\TV\Look at Later\Season 1\General Inakappe - S01E37 - 37 DM Remote Controlled Chaos.mp4
recycle_bin	g:\TV\Look at Later\Season 1\General Inakappe - S01E38 - 38 DM The man from Gadget.mp4
recycle_bin	g:\TV\Look at Later\Season 1\General Inakappe - S01E39 - 39 DM Tampering with time tickles.mp4
recycle_bin	g:\TV\Look at Later\Season 1\General Inakappe - S01E40 - 40 DM Nero Power.mp4
recycle_bin	g:\TV\Look at Later\Season 1\General Inakappe - S01E41 - 41 DM Once upon a time slip.mp4
recycle_bin	g:\TV\Look at Later\Season 1\General Inakappe - S01E42 - 42 DM Viva Danger Mouse.mp4
recycle_bin	g:\TV\Look at Later\Season 1\General Inakappe - S01E43 - 43 DM Play it again, Wufgang!.mp4
recycle_bin	g:\TV\Look at Later\Season 1\General Inakappe - S01E44 - 44 DM Hear! Hear!.mp4
recycle_bin	g:\TV\Look at Later\Season 1\General Inakappe - S01E45 - 45 DM Multiplication Fable.mp4
recycle_bin	g:\TV\Look at Later\Season 1\General Inakappe - S01E46 - 46 DM The spy who stayed in with a cold.mp4
recycle_bin	g:\TV\Look at Later\Season 1\General Inakappe - S01E47 - 47 DM It's all white, white wonder!.mp4
recycle_bin	g:\TV\Look at Later\Season 1\General Inakappe - S01E48 - 48 DM The Hickory Dickory Dock Dilemma.mp4
recycle_bin	g:\TV\Look at Later\Season 1\General Inakappe - S01E49 - 49 DM What a three point turn up for the book!.mp4
recycle_bin	g:\TV\Look at Later\Season 1\General Inakappe - S01E50 - 50 DM Quark! Quark!.mp4
recycle_bin	g:\TV\Look at Later\Season 1\General Inakappe - S01E51 - 51 DM Alping is snow easy matter.mp4
recycle_bin	g:\TV\Look at Later\Season 1\General Inakappe - S01E52 - 52 DM Aaargh!, spiders!.mp4
recycle_bin	g:\TV\Look at Later\Season 1\General Inakappe - S01E53 - 53 DM One of our stately homes is missing.mp4
recycle_bin	g:\TV\Look at Later\Season 1\General Inakappe - S01E54 - 54 DM Afternoon off with the fangboner.mp4
recycle_bin	g:\TV\Look at Later\Season 1\General Inakappe - S01E55 - 55 DM Beware of mexicans delivering milk.mp4
recycle_bin	g:\TV\Look at Later\Season 1\General Inakappe - S01E56 - 56 DM Cat astrophe.mp4
recycle_bin	g:\TV\Look at Later\Season 1\General Inakappe - S01E57 - 57 DM The good, the bad and the motionless.mp4
recycle_bin	g:\TV\Look at Later\Season 1\General Inakappe - S01E58 - 58 DM Statues.mp4
recycle_bin	g:\TV\Look at Later\Season 1\General Inakappe - S01E59 - 59 DM The clock strikes back!.mp4
recycle_bin	g:\TV\Look at Later\Season 1\General Inakappe - S01E60 - 60 DM Ee tea!.mp4
recycle_bin	g:\TV\Look at Later\Season 1\General Inakappe - S01E61 - 61 DM Bandits, Beans and Ballyhoo!.mp4
recycle_bin	g:\TV\Look at Later\Season 1\General Inakappe - S01E62 - 62 DM Have you fled from any good books lately.mp4
recycle_bin	g:\TV\Look at Later\Season 1\General Inakappe - S01E63 - 63 DM Tut, Tut, it's not pharaoh!.mp4
recycle_bin	g:\TV\Look at Later\Season 1\General Inakappe - S01E64 - 64 DM Lost, found and spellbound.mp4
recycle_bin	g:\TV\Look at Later\Season 1\General Inakappe - S01E65 - 65 DM Penfold, B F.mp4
recycle_bin	g:\TV\Look at Later\Season 1\General Inakappe - S01E66 - 66 DM Mechanized Mayhem.mp4
recycle_bin	g:\TV\Look at Later\Season 1\General Inakappe - S01E67 - 67 DM Journey to the earth's 'cor!.mp4
recycle_bin	g:\TV\Look at Later\Season 1\General Inakappe - S01E69 - 69 DM The ultra secret secret.mp4
recycle_bin	g:\TV\Look at Later\Season 1\General Inakappe - S01E70 - 70 DM Duckula meets Frankenstoat!.mp4
recycle_bin	g:\TV\Look at Later\Season 1\General Inakappe - S01E71 - 71 DM Where there's a well, there's a way!.mp4
recycle_bin	g:\TV\Look at Later\Season 1\General Inakappe - S01E72 - 72 DM All fall down.mp4
recycle_bin	g:\TV\Look at Later\Season 1\General Inakappe - S01E73 - 73 DM Turn of the tide.mp4
recycle_bin	g:\TV\Look at Later\Season 1\General Inakappe - S01E74 - 74 DM Gremlin Alert.mp4
recycle_bin	g:\TV\Look at Later\Season 1\General Inakappe - S01E75 - 75 DM Cor! What a Picture!.mp4
recycle_bin	g:\TV\Look at Later\Season 1\General Inakappe - S01E76 - 76 DM I Spy with my Little Eye.mp4
recycle_bin	g:\TV\Look at Later\Season 1\General Inakappe - S01E77 - 77 DM Bigfoot Falls.mp4
recycle_bin	g:\TV\Look at Later\Season 1\General Inakappe - S01E78 - 78 DM The Statue of Liberty Caper.mp4
recycle_bin	g:\TV\Look at Later\Season 1\General Inakappe - S01E79 - 79 DM Penfold Transformed!.mp4
recycle_bin	g:\TV\Look at Later\Season 1\General Inakappe - S01E80 - 80 DM A Dune with a View.mp4
recycle_bin	g:\TV\Look at Later\Season 1\General Inakappe - S01E81 - 81 DM Don Coyote and Sancho Penfold.mp4
recycle_bin	g:\TV\Look at Later\Season 1\General Inakappe - S01E82 - 82 DM Crumhorn Strikes Back!.mp4
recycle_bin	g:\TV\Look at Later\Season 1\General Inakappe - S01E83 - 83 DM Ants, Trees and Whoops a Daisy!.mp4
recycle_bin	g:\TV\Look at Later\Season 1\General Inakappe - S01E84 - 84 DM There's a Penfold in my Suit!.mp4
recycle_bin	g:\TV\Look at Later\Season 1\General Inakappe - S01E85 - 85 DM Rhyme and Punishment.mp4
recycle_bin	g:\TV\Look at Later\Season 1\General Inakappe - S01E86 - 86 DM Pillow Fright!.mp4
recycle_bin	g:\TV\Look at Later\Season 1\General Inakappe - S01E87 - 87 DM Heavy Duty.mp4
recycle_bin	g:\TV\Look at Later\Season 10\General Inakappe - S10E01 - Danger Mouse - 10x01 - Crumhorn Strikes Back! (upscaled).mp4
recycle_bin	g:\TV\Look at Later\Season 10\General Inakappe - S10E02 - Danger Mouse - 10x02 - Ants, Trees and... Whoops-A-Daisy (upscaled).mp4
recycle_bin	g:\TV\Look at Later\Season 10\General Inakappe - S10E03 - Danger Mouse - 10x03 - There's A Penfold In My Suit (upscaled).mp4
recycle_bin	g:\TV\Look at Later\Season 10\General Inakappe - S10E04 - Danger Mouse - 10x04 - Rhyme And Punishment (upscaled).mp4
recycle_bin	g:\TV\Look at Later\Season 10\General Inakappe - S10E05 - Danger Mouse - 10x05 - Pillow Fright! (upscaled).mp4
recycle_bin	g:\TV\Look at Later\Season 10\General Inakappe - S10E06 - Danger Mouse - 10x06 - Heavy Duty (upscaled).mp4
recycle_bin	g:\TV\Look at Later\Season 10\General Inakappe - S10E07 - Danger Mouse - 10x07 - The Intergalactic 147 (upscaled).mp4
recycle_bin	g:\TV\Look at Later\Season 2\General Inakappe - S02E01 - Danger Mouse - 2x01 - Custard (upscaled).mp4
recycle_bin	g:\TV\Look at Later\Season 2\General Inakappe - S02E02 - Danger Mouse - 2x02 - Close Encounters of the Absurd Kind (upscaled).mp4
recycle_bin	g:\TV\Look at Later\Season 2\General Inakappe - S02E03 - Danger Mouse - 2x03 - The Duel (upscaled).mp4
recycle_bin	g:\TV\Look at Later\Season 2\General Inakappe - S02E04 - Danger Mouse - 2x04 - The Day of the Suds (upscaled).mp4
recycle_bin	g:\TV\Look at Later\Season 2\General Inakappe - S02E05 - Danger Mouse - 2x05 - The Bad Luck Eye of the Little Yellow God (upscaled).mp4
recycle_bin	g:\TV\Look at Later\Season 2\General Inakappe - S02E06 - Danger Mouse - 2x06 - The Four Tasks of Danger Mouse (upscaled).mp4
recycle_bin	g:\TV\Look at Later\Season 3\General Inakappe - S03E01 - Danger Mouse - 3x01 - The Invasion of Colonel 'K' (upscaled).mp4
recycle_bin	g:\TV\Look at Later\Season 3\General Inakappe - S03E02 - Danger Mouse - 3x02 - Danger Mouse Saves the World...Again (upscaled).mp4
recycle_bin	g:\TV\Look at Later\Season 3\General Inakappe - S03E03 - Danger Mouse - 3x03 - The Odd Ball Runaround (upscaled).mp4
recycle_bin	g:\TV\Look at Later\Season 3\General Inakappe - S03E04 - Danger Mouse - 3x04 - The Strange Case of the Ghost Bus (upscaled).mp4
recycle_bin	g:\TV\Look at Later\Season 3\General Inakappe - S03E05 - Danger Mouse - 3x05 - Trip to America (upscaled).mp4
recycle_bin	g:\TV\Look at Later\Season 4\General Inakappe - S04E01 - Danger Mouse - 4x01 - The Wild, Wild Goose Chase (upscaled).mp4
recycle_bin	g:\TV\Look at Later\Season 4\General Inakappe - S04E02 - Danger Mouse - 4x02 - The Return of Count Duckula (upscaled).mp4
recycle_bin	g:\TV\Look at Later\Season 4\General Inakappe - S04E03 - Danger Mouse - 4x03 - Demons Aren't Dull (upscaled).mp4
recycle_bin	g:\TV\Look at Later\Season 4\General Inakappe - S04E04 - Danger Mouse - 4x04 - 150 Million Years Lost (upscaled).mp4
recycle_bin	g:\TV\Look at Later\Season 4\General Inakappe - S04E05 - Danger Mouse - 4x05 - Planet of the Cats (upscaled).mp4
recycle_bin	g:\TV\Look at Later\Season 4\General Inakappe - S04E06 - Danger Mouse - 4x06 - Four Heads Are Better than Two (upscaled).mp4
recycle_bin	g:\TV\Look at Later\Season 4\General Inakappe - S04E07 - Danger Mouse - 4x07 - Tower of Terror (upscaled).mp4
recycle_bin	g:\TV\Look at Later\Season 4\General Inakappe - S04E08 - Danger Mouse - 4x08 - The Great Bone Idol (upscaled).mp4
recycle_bin	g:\TV\Look at Later\Season 4\General Inakappe - S04E09 - Danger Mouse - 4x09 - Public Enemy No 1 (upscaled).mp4
recycle_bin	g:\TV\Look at Later\Season 5\General Inakappe - S05E01 - Danger Mouse - 5x01 - The Long Lost Crown Affair (upscaled).mp4
recycle_bin	g:\TV\Look at Later\Season 5\General Inakappe - S05E02 - Danger Mouse - 5x02 - By George, It's a Dragon (upscaled).mp4
recycle_bin	g:\TV\Look at Later\Season 5\General Inakappe - S05E03 - Danger Mouse - 5x03 - Tiptoe Through the Penfolds (upscaled).mp4
recycle_bin	g:\TV\Look at Later\Season 5\General Inakappe - S05E04 - Danger Mouse - 5x04 - Project Moon (upscaled).mp4
recycle_bin	g:\TV\Look at Later\Season 5\General Inakappe - S05E05 - Danger Mouse - 5x05 - The Next Ice Age Begins at Midnight (upscaled).mp4
recycle_bin	g:\TV\Look at Later\Season 5\General Inakappe - S05E06 - Danger Mouse - 5x06 - The Aliens are Coming (upscaled).mp4
recycle_bin	g:\TV\Look at Later\Season 5\General Inakappe - S05E07 - Danger Mouse - 5x07 - Remote Controlled Chaos (upscaled).mp4
recycle_bin	g:\TV\Look at Later\Season 5\General Inakappe - S05E08 - Danger Mouse - 5x08 - The Man From Gadget (upscaled).mp4
recycle_bin	g:\TV\Look at Later\Season 5\General Inakappe - S05E09 - Danger Mouse - 5x09 - Tampering With Time Tickles (upscaled).mp4
recycle_bin	g:\TV\Look at Later\Season 5\General Inakappe - S05E10 - Danger Mouse - 5x10 - Nero Power (upscaled).mp4
recycle_bin	g:\TV\Look at Later\Season 6\General Inakappe - S06E01 - Danger Mouse - 6x01 - Once Upon a Timeslip (upscaled).mp4
recycle_bin	g:\TV\Look at Later\Season 6\General Inakappe - S06E02 - Danger Mouse - 6x02 - Viva Danger Mouse (upscaled).mp4
recycle_bin	g:\TV\Look at Later\Season 6\General Inakappe - S06E03 - Danger Mouse - 6x03 - Play it Again, Wufgang (upscaled).mp4
recycle_bin	g:\TV\Look at Later\Season 6\General Inakappe - S06E04 - Danger Mouse - 6x04 - Hear, Hear (upscaled).mp4
recycle_bin	g:\TV\Look at Later\Season 6\General Inakappe - S06E05 - Danger Mouse - 6x05 - Multiplication Fable (upscaled).mp4
recycle_bin	g:\TV\Look at Later\Season 6\General Inakappe - S06E06 - Danger Mouse - 6x06 - The Spy Who Stayed in With a Cold (upscaled).mp4
recycle_bin	g:\TV\Look at Later\Season 6\General Inakappe - S06E07 - Danger Mouse - 6x07 - It's All White, White Wonder (upscaled).mp4
recycle_bin	g:\TV\Look at Later\Season 6\General Inakappe - S06E08 - Danger Mouse - 6x08 - The Hickory Dickory Dock Dilemma (upscaled).mp4
recycle_bin	g:\TV\Look at Later\Season 6\General Inakappe - S06E09 - Danger Mouse - 6x09 - What a Three Point Turn Up For the Book (upscaled).mp4
recycle_bin	g:\TV\Look at Later\Season 6\General Inakappe - S06E10 - Danger Mouse - 6x10 - Quark! Quark! (upscaled).mp4
recycle_bin	g:\TV\Look at Later\Season 6\General Inakappe - S06E11 - Danger Mouse - 6x11 - Alping is Snow Easy Matter (upscaled).mp4
recycle_bin	g:\TV\Look at Later\Season 6\General Inakappe - S06E12 - Danger Mouse - 6x12 - Aaargh! Spiders! (upscaled).mp4
recycle_bin	g:\TV\Look at Later\Season 6\General Inakappe - S06E13 - Danger Mouse - 6x13 - One of Our Stately Homes is Missing (upscaled).mp4
recycle_bin	g:\TV\Look at Later\Season 6\General Inakappe - S06E14 - Danger Mouse - 6x14 - Afternoon Off With the Fangboner (upscaled).mp4
recycle_bin	g:\TV\Look at Later\Season 6\General Inakappe - S06E15 - Danger Mouse - 6x15 - Beware of Mexicans Delivering Milk (upscaled).mp4
recycle_bin	g:\TV\Look at Later\Season 6\General Inakappe - S06E16 - Danger Mouse - 6x16 - Cat Astrophe (upscaled).mp4
recycle_bin	g:\TV\Look at Later\Season 6\General Inakappe - S06E17 - Danger Mouse - 6x17 - The Good, the Bad and the Motionless (upscaled).mp4
recycle_bin	g:\TV\Look at Later\Season 6\General Inakappe - S06E18 - Danger Mouse - 6x18 - Statues (upscaled).mp4
recycle_bin	g:\TV\Look at Later\Season 6\General Inakappe - S06E19 - Danger Mouse - 6x19 - The Clock Strikes Back! (upscaled).mp4
recycle_bin	g:\TV\Look at Later\Season 6\General Inakappe - S06E20 - Danger Mouse - 6x20 - Ee-Tea! (upscaled).mp4
recycle_bin	g:\TV\Look at Later\Season 6\General Inakappe - S06E21 - Danger Mouse - 6x21 - Bandits, Beans and Ballyhoo! (upscaled).mp4
recycle_bin	g:\TV\Look at Later\Season 6\General Inakappe - S06E22 - Danger Mouse - 6x22 - Have You Fled From Any Good Books Lately (upscaled).mp4
recycle_bin	g:\TV\Look at Later\Season 6\General Inakappe - S06E23 - Danger Mouse - 6x23 - Tut, Tut, It's Not Pharaoh (upscaled).mp4
recycle_bin	g:\TV\Look at Later\Season 6\General Inakappe - S06E24 - Danger Mouse - 6x24 - Lost, Found and Spellbound (upscaled).mp4
recycle_bin	g:\TV\Look at Later\Season 6\General Inakappe - S06E25 - Danger Mouse - 6x25 - Penfold, BF (upscaled).mp4
recycle_bin	g:\TV\Look at Later\Season 6\General Inakappe - S06E26 - Danger Mouse - 6x26 - Mechanised Mayhem (upscaled).mp4
recycle_bin	g:\TV\Look at Later\Season 6\General Inakappe - S06E27 - Danger Mouse - 6x27 - Journey to the Earth's Cor! (upscaled).mp4
recycle_bin	g:\TV\Look at Later\Season 7\General Inakappe - S07E01 - Danger Mouse - 7x01 - Danger Mouse on the Orient Express (upscaled).mp4
recycle_bin	g:\TV\Look at Later\Season 7\General Inakappe - S07E02 - Danger Mouse - 7x02 - The Ultra Secret Secret (upscaled).mp4
recycle_bin	g:\TV\Look at Later\Season 7\General Inakappe - S07E03 - Danger Mouse - 7x03 - Duckula Meets Frankenstoat (upscaled).mp4
recycle_bin	g:\TV\Look at Later\Season 7\General Inakappe - S07E04 - Danger Mouse - 7x04 - Where There's a Well There's a Way (upscaled).mp4
recycle_bin	g:\TV\Look at Later\Season 7\General Inakappe - S07E05 - Danger Mouse - 7x05 - All Fall Down (upscaled).mp4
recycle_bin	g:\TV\Look at Later\Season 7\General Inakappe - S07E06 - Danger Mouse - 7x06 - Tide of the Turn (upscaled).mp4
recycle_bin	g:\TV\Look at Later\Season 8\General Inakappe - S08E01 - Danger Mouse - 8x01 - Gremlin Alert (upscaled).mp4
recycle_bin	g:\TV\Look at Later\Season 8\General Inakappe - S08E02 - Danger Mouse - 8x02 - Cor! What a Picture! (upscaled).mp4
recycle_bin	g:\TV\Look at Later\Season 9\General Inakappe - S09E01 - Danger Mouse - 9x01 - I Spy With My Little Eye (upscaled).mp4
recycle_bin	g:\TV\Look at Later\Season 9\General Inakappe - S09E02 - Danger Mouse - 9x02 - Bigfoot Falls (upscaled).mp4
recycle_bin	g:\TV\Look at Later\Season 9\General Inakappe - S09E03 - Danger Mouse - 9x03 - The Statue of Liberty Caper (upscaled).mp4
recycle_bin	g:\TV\Look at Later\Season 9\General Inakappe - S09E04 - Danger Mouse - 9x04 - Penfold Transformed (upscaled).mp4
recycle_bin	g:\TV\Look at Later\Season 9\General Inakappe - S09E05 - Danger Mouse - 9x05 - A Dune With a View (upscaled).mp4
recycle_bin	g:\TV\Look at Later\Season 9\General Inakappe - S09E06 - Danger Mouse - 9x06 - Don Coyote and Sancho Penfold (upscaled).mp4
recycle_bin	g:\TV\Look at Later\Season 1\Documentary of My Ex-Girlfriend Complex - S01E09 - Darkwing Duck - 109 - Comic Book Capers.avi
recycle_bin	g:\TV\Look at Later\Season 1\Documentary of My Ex-Girlfriend Complex - S01E10 - Darkwing Duck - 110 - Water Way to Go.avi
recycle_bin	g:\TV\Look at Later\Season 1\Documentary of My Ex-Girlfriend Complex - S01E11 - Darkwing Duck - 111 - Paraducks.avi
recycle_bin	g:\TV\Look at Later\Season 1\Documentary of My Ex-Girlfriend Complex - S01E12 - Darkwing Duck - 112 - Easy Come, Easy Grows.avi
recycle_bin	g:\TV\Look at Later\Season 1\Documentary of My Ex-Girlfriend Complex - S01E13 - Darkwing Duck - 113 - A Revolution in Home Appliances.avi
recycle_bin	g:\TV\Look at Later\Season 1\Documentary of My Ex-Girlfriend Complex - S01E14 - Darkwing Duck - 114 - Trading Faces.avi
recycle_bin	g:\TV\Look at Later\Season 1\Documentary of My Ex-Girlfriend Complex - S01E15 - Darkwing Duck - 115 - Hush, Hush Sweet Charlatan.avi
recycle_bin	g:\TV\Look at Later\Season 1\Documentary of My Ex-Girlfriend Complex - S01E16 - Darkwing Duck - 116 - Can't Bayou Love.avi
recycle_bin	g:\TV\Look at Later\Season 1\Documentary of My Ex-Girlfriend Complex - S01E17 - Darkwing Duck - 117 - Bearskin Thug.mpg
recycle_bin	g:\TV\Look at Later\Season 1\Documentary of My Ex-Girlfriend Complex - S01E18 - Darkwing Duck - 118 - You Sweat Your Life.avi
recycle_bin	g:\TV\Look at Later\Season 1\Documentary of My Ex-Girlfriend Complex - S01E19 - Darkwing Duck - 119 - Days of Blunder.avi
recycle_bin	g:\TV\Look at Later\Season 1\Documentary of My Ex-Girlfriend Complex - S01E20 - Darkwing Duck - 120 - Just Us Justice Ducks pt1.avi
recycle_bin	g:\TV\Look at Later\Season 1\Documentary of My Ex-Girlfriend Complex - S01E21 - Darkwing Duck - 121 - Just Us Justice Ducks pt2.avi
recycle_bin	g:\TV\Look at Later\Season 1\Documentary of My Ex-Girlfriend Complex - S01E22 - Darkwing Duck - 122 - Double Darkwings.avi
recycle_bin	g:\TV\Look at Later\Season 1\Documentary of My Ex-Girlfriend Complex - S01E23 - Darkwing Duck - 123 - Aduckyphobia.avi
recycle_bin	g:\TV\Look at Later\Season 1\Documentary of My Ex-Girlfriend Complex - S01E24 - Darkwing Duck - 124 - When Aliens Collide.avi
recycle_bin	g:\TV\Look at Later\Season 1\Documentary of My Ex-Girlfriend Complex - S01E25 - Darkwing Duck - 125 - Jurassic Jumble.avi
recycle_bin	g:\TV\Look at Later\Season 1\Documentary of My Ex-Girlfriend Complex - S01E26 - Darkwing Duck - 126 - Cleanliness is Next to Badliness.avi
recycle_bin	g:\TV\Look at Later\Season 1\Documentary of My Ex-Girlfriend Complex - S01E27 - Darkwing Duck - 127 - Smarter Than a Speeding Bullet.avi
recycle_bin	g:\TV\Look at Later\Season 1\Documentary of My Ex-Girlfriend Complex - S01E28 - Darkwing Duck - 128 - All's Fahrenheit in Love and War.avi
recycle_bin	g:\TV\Look at Later\Season 1\Documentary of My Ex-Girlfriend Complex - S01E29 - Darkwing Duck - 129 - Whiffle While You Work.avi
recycle_bin	g:\TV\Look at Later\Season 1\Documentary of My Ex-Girlfriend Complex - S01E30 - Darkwing Duck - 130 - Ghoul of My Dreams.avi
recycle_bin	g:\TV\Look at Later\Season 1\Documentary of My Ex-Girlfriend Complex - S01E31 - Darkwing Duck - 131 - Adopt-a-Con.avi
recycle_bin	g:\TV\Look at Later\Season 1\Documentary of My Ex-Girlfriend Complex - S01E32 - Darkwing Duck - 132 - Toys Czar Us.avi
recycle_bin	g:\TV\Look at Later\Season 1\Documentary of My Ex-Girlfriend Complex - S01E33 - Darkwing Duck - 133 - The Secret Origins of Darkwing Duck.avi
recycle_bin	g:\TV\Look at Later\Season 1\Documentary of My Ex-Girlfriend Complex - S01E34 - Darkwing Duck - 134 - Up, Up and Awry.avi
recycle_bin	g:\TV\Look at Later\Season 1\Documentary of My Ex-Girlfriend Complex - S01E35 - Darkwing Duck - 135 - Life, the Negaverse and Everything.avi
recycle_bin	g:\TV\Look at Later\Season 1\Documentary of My Ex-Girlfriend Complex - S01E36 - Darkwing Duck - 136 - Dry Hard.avi
recycle_bin	g:\TV\Look at Later\Season 1\Documentary of My Ex-Girlfriend Complex - S01E37 - Darkwing Duck - 137 - Heavy Mental.avi
recycle_bin	g:\TV\Look at Later\Season 1\Documentary of My Ex-Girlfriend Complex - S01E38 - Darkwing Duck - 138 - Disguise the Limit.avi
recycle_bin	g:\TV\Look at Later\Season 1\Documentary of My Ex-Girlfriend Complex - S01E39 - Darkwing Duck - 139 - Planet of the Capes.avi
recycle_bin	g:\TV\Look at Later\Season 1\Documentary of My Ex-Girlfriend Complex - S01E40 - Darkwing Duck - 140 - Darkwing Doubloon.avi
recycle_bin	g:\TV\Look at Later\Season 1\Documentary of My Ex-Girlfriend Complex - S01E41 - Darkwing Duck - 141 - It's a Wonderful Leaf.avi
recycle_bin	g:\TV\Look at Later\Season 1\Documentary of My Ex-Girlfriend Complex - S01E42 - Darkwing Duck - 142 - Twitching Channels.avi
recycle_bin	g:\TV\Look at Later\Season 1\Documentary of My Ex-Girlfriend Complex - S01E43 - Darkwing Duck - 143 - Dances with Bigfoot.avi
recycle_bin	g:\TV\Look at Later\Season 1\Documentary of My Ex-Girlfriend Complex - S01E44 - Darkwing Duck - 144 - Twin Beaks.avi
recycle_bin	g:\TV\Look at Later\Season 1\Documentary of My Ex-Girlfriend Complex - S01E45 - Darkwing Duck - 145 - The Incredible Bulk.avi
recycle_bin	g:\TV\Look at Later\Season 1\Documentary of My Ex-Girlfriend Complex - S01E46 - Darkwing Duck - 146 - My Valentine Ghoul.avi
recycle_bin	g:\TV\Look at Later\Season 1\Documentary of My Ex-Girlfriend Complex - S01E47 - Darkwing Duck - 147 - Dead Duck.avi
recycle_bin	g:\TV\Look at Later\Season 1\Documentary of My Ex-Girlfriend Complex - S01E48 - Darkwing Duck - 148 - A Duck by Any Other Name.avi
recycle_bin	g:\TV\Look at Later\Season 1\Documentary of My Ex-Girlfriend Complex - S01E49 - Darkwing Duck - 149 - Let's Get Respectable.avi
recycle_bin	g:\TV\Look at Later\Season 1\Documentary of My Ex-Girlfriend Complex - S01E50 - Darkwing Duck - 150 - In Like Blunt.avi
recycle_bin	g:\TV\Look at Later\Season 1\Documentary of My Ex-Girlfriend Complex - S01E51 - Darkwing Duck - 151 - Quack of Ages.avi
recycle_bin	g:\TV\Look at Later\Season 1\Documentary of My Ex-Girlfriend Complex - S01E52 - Darkwing Duck - 152 - Time and Punishment.avi
recycle_bin	g:\TV\Look at Later\Season 1\Documentary of My Ex-Girlfriend Complex - S01E53 - Darkwing Duck - 153 - Stressed to Kill.avi
recycle_bin	g:\TV\Look at Later\Season 1\Documentary of My Ex-Girlfriend Complex - S01E54 - Darkwing Duck - 154 - The Darkwing Squad.avi
recycle_bin	g:\TV\Look at Later\Season 1\Documentary of My Ex-Girlfriend Complex - S01E55 - Darkwing Duck - 155 - Inside Binky's Brain.avi
recycle_bin	g:\TV\Look at Later\Season 1\Documentary of My Ex-Girlfriend Complex - S01E56 - Darkwing Duck - 156 - The Haunting of Mr. Banana Brain.avi
recycle_bin	g:\TV\Look at Later\Season 1\Documentary of My Ex-Girlfriend Complex - S01E57 - Darkwing Duck - 157 - Slime OK, You're OK.avi
recycle_bin	g:\TV\Look at Later\Season 1\Documentary of My Ex-Girlfriend Complex - S01E58 - Darkwing Duck - 158 - Whirled History.avi
recycle_bin	g:\TV\Look at Later\Season 1\Documentary of My Ex-Girlfriend Complex - S01E59 - Darkwing Duck - 159 - U.F.Foe.avi
recycle_bin	g:\TV\Look at Later\Season 1\Documentary of My Ex-Girlfriend Complex - S01E60 - Darkwing Duck - 160 - A Star Is Scourned.avi
recycle_bin	g:\TV\Look at Later\Season 1\Documentary of My Ex-Girlfriend Complex - S01E61 - Darkwing Duck - 161 - Quiverwing Quack.avi
recycle_bin	g:\TV\Look at Later\Season 1\Documentary of My Ex-Girlfriend Complex - S01E62 - Darkwing Duck - 162 - Jail Bird.avi
recycle_bin	g:\TV\Look at Later\Season 1\Documentary of My Ex-Girlfriend Complex - S01E63 - Darkwing Duck - 163 - Dirtysomething.avi
recycle_bin	g:\TV\Look at Later\Season 1\Documentary of My Ex-Girlfriend Complex - S01E64 - Darkwing Duck - 164 - Kung Fooled.avi
recycle_bin	g:\TV\Look at Later\Season 1\Documentary of My Ex-Girlfriend Complex - S01E65 - Darkwing Duck - 165 - Bad Luck Duck.avi
recycle_bin	g:\TV\Look at Later\Season 2\Documentary of My Ex-Girlfriend Complex - S02E01 - Darkwing Duck - 201 - That Sinking Feeling.avi
recycle_bin	g:\TV\Look at Later\Season 2\Documentary of My Ex-Girlfriend Complex - S02E02 - Darkwing Duck - 202 - Film Flam.avi
recycle_bin	g:\TV\Look at Later\Season 2\Documentary of My Ex-Girlfriend Complex - S02E03 - Darkwing Duck - 203 - Negaduck.avi
recycle_bin	g:\TV\Look at Later\Season 2\Documentary of My Ex-Girlfriend Complex - S02E04 - Darkwing Duck - 204 - Fungus Amongus.avi
recycle_bin	g:\TV\Look at Later\Season 2\Documentary of My Ex-Girlfriend Complex - S02E05 - Darkwing Duck - 205 - Slaves to Fashion.avi
recycle_bin	g:\TV\Look at Later\Season 2\Documentary of My Ex-Girlfriend Complex - S02E06 - Darkwing Duck - 206 - Something Fishy.avi
recycle_bin	g:\TV\Look at Later\Season 2\Documentary of My Ex-Girlfriend Complex - S02E07 - Darkwing Duck - 207 - Tiff of the Titans.avi
recycle_bin	g:\TV\Look at Later\Season 2\Documentary of My Ex-Girlfriend Complex - S02E08 - Darkwing Duck - 208 - Calm a Chameleon.avi
recycle_bin	g:\TV\Look at Later\Season 2\Documentary of My Ex-Girlfriend Complex - S02E09 - Darkwing Duck - 209 - Battle of the Brainteasers.avi
recycle_bin	g:\TV\Look at Later\Season 2\Documentary of My Ex-Girlfriend Complex - S02E10 - Darkwing Duck - 210 - Bad Tidings.avi
recycle_bin	g:\TV\Look at Later\Season 2\Documentary of My Ex-Girlfriend Complex - S02E11 - Darkwing Duck - 211 - Going Nowhere Fast.avi
recycle_bin	g:\TV\Look at Later\Season 2\Documentary of My Ex-Girlfriend Complex - S02E12 - Darkwing Duck - 212 - A Brush With Oblivion.avi
recycle_bin	g:\TV\Look at Later\Season 2\Documentary of My Ex-Girlfriend Complex - S02E13 - Darkwing Duck - 213 - The Merchant of Menace.avi
recycle_bin	g:\TV\Look at Later\Season 3\Documentary of My Ex-Girlfriend Complex - S03E01 - Darkwing Duck - 301 - Monsters R Us.avi
recycle_bin	g:\TV\Look at Later\Season 3\Documentary of My Ex-Girlfriend Complex - S03E02 - Darkwing Duck - 302 - Inherit the Wimp.avi
recycle_bin	g:\TV\Look at Later\Season 3\Documentary of My Ex-Girlfriend Complex - S03E03 - Darkwing Duck - 303 - The Revenge of the Return of the Brainteasers, Too.avi
recycle_bin	g:\TV\Look at Later\Season 3\Documentary of My Ex-Girlfriend Complex - S03E04 - Darkwing Duck - 304 - Star Crossed Circuits.avi
recycle_bin	g:\TV\Look at Later\Season 3\Documentary of My Ex-Girlfriend Complex - S03E05 - Darkwing Duck - 305 - The Steerminator.avi
recycle_bin	g:\TV\Look at Later\Season 3\Documentary of My Ex-Girlfriend Complex - S03E06 - Darkwing Duck - 306 - The Frequency Fiends.avi
recycle_bin	g:\TV\Look at Later\Season 3\Documentary of My Ex-Girlfriend Complex - S03E07 - Darkwing Duck - 307 - Paint Misbehavin'.avi
recycle_bin	g:\TV\Look at Later\Season 3\Documentary of My Ex-Girlfriend Complex - S03E08 - Darkwing Duck - 308 - Hot Spells.avi
recycle_bin	g:\TV\Look at Later\Season 3\Documentary of My Ex-Girlfriend Complex - S03E09 - Darkwing Duck - 309 - Fraudcast News.avi
recycle_bin	g:\TV\Look at Later\Season 3\Documentary of My Ex-Girlfriend Complex - S03E10 - Darkwing Duck - 310 - Clash Reunion.avi
recycle_bin	g:\TV\Look at Later\Season 3\Documentary of My Ex-Girlfriend Complex - S03E11 - Darkwing Duck - 311 - Mutantcy on the Bouncy.avi
recycle_bin	g:\TV\Look at Later\Season 3\Documentary of My Ex-Girlfriend Complex - S03E12 - Darkwing Duck - 312 - Malice's Restaurant.avi
recycle_bin	g:\TV\Look at Later\Season 3\Documentary of My Ex-Girlfriend Complex - S03E13 - Darkwing Duck - 313 - Extinct Possibility.avi
recycle_bin	g:\TV\Look at Later\Season 1\General Inakappe - S01E03 - Episode 3.mp4
recycle_bin	g:\TV\Look at Later\Season 1\General Inakappe - S01E04 - Episode 4.mp4
recycle_bin	g:\TV\Look at Later\Season 1\General Inakappe - S01E05 - Episode 5.mp4
recycle_bin	g:\TV\Look at Later\Season 1\General Inakappe - S01E06 - Episode 6.mp4
recycle_bin	g:\TV\Look at Later\Season 1\General Inakappe - S01E07 - Episode 7.mp4
recycle_bin	g:\TV\Look at Later\Season 1\General Inakappe - S01E08 - Episode 8.mp4
recycle_bin	g:\TV\Look at Later\Season 1\General Inakappe - S01E09 - Episode 9.mp4
recycle_bin	g:\TV\Look at Later\Season 1\General Inakappe - S01E11 - Episode 11.mp4
recycle_bin	g:\TV\Look at Later\Season 1\General Inakappe - S01E13 - Episode 13.mp4
recycle_bin	g:\TV\Look at Later\Season 1\General Inakappe - S01E78 - All Season 1 4 78 Episodes, Movie, & Extra of Dexter's Laboratory At the Same Time.mp4
recycle_bin	g:\TV\Look at Later\Season 2\General Inakappe - S02E02 - 02 Mom and Jerry - Chubby Cheese - That Crazy Robot.mp4
recycle_bin	g:\TV\Look at Later\Season 2\General Inakappe - S02E05 - 05 Dee Dee Locks and the Ness Monster - Backfire - Book'Em.mp4
recycle_bin	g:\TV\Look at Later\Season 2\General Inakappe - S02E06 - 06 Sister's Got a Brand New Bag - Shoo, Shoe Gnomes - Lab of the Lost.mp4
recycle_bin	g:\TV\Look at Later\Season 2\General Inakappe - S02E07 - 07 Labels - Game Show - Fantastic Boyage.mp4
recycle_bin	g:\TV\Look at Later\Season 2\General Inakappe - S02E08 - 08 Filet of Soul - Golden Diskette.mp4
recycle_bin	g:\TV\Look at Later\Season 2\General Inakappe - S02E09 - 09 Snowdown - Figure Not Included - Mock 5.mp4
recycle_bin	g:\TV\Look at Later\Season 2\General Inakappe - S02E10 - 10 Eww, That's Growth - Nuclear Confusion - Germ Warfare.mp4
recycle_bin	g:\TV\Look at Later\Season 2\General Inakappe - S02E11 - 11 A Hard Day's Day - Road Rash - Ocean Commotion.mp4
recycle_bin	g:\TV\Look at Later\Season 2\General Inakappe - S02E12 - 12 The Bus Boy - Things That Go Bonk In the Night - Ol' McDexter.mp4
recycle_bin	g:\TV\Look at Later\Season 2\General Inakappe - S02E13 - 13 Sassy Comes Home - Photo Finish.mp4
recycle_bin	g:\TV\Look at Later\Season 2\General Inakappe - S02E14 - 14 Star Check Unconventional - Dexter Is Dirty - Ice Cream Scream.mp4
recycle_bin	g:\TV\Look at Later\Season 2\General Inakappe - S02E16 - 16 Techno Turtle - Surprise - Got Your Goat.mp4
recycle_bin	g:\TV\Look at Later\Season 2\General Inakappe - S02E18 - 18 Unfortunate Cookie - The Muffin King.mp4
recycle_bin	g:\TV\Look at Later\Season 2\General Inakappe - S02E19 - 19 Picture Day - Now That's a Stretch - Dexter Detention.mp4
recycle_bin	g:\TV\Look at Later\Season 2\General Inakappe - S02E20 - 20 Don't Be a Baby - Peltra - G.I.R.L. Squad.mp4
recycle_bin	g:\TV\Look at Later\Season 2\General Inakappe - S02E21 - 21 Sports a Poppin'- Koosalagoopagoop - Project Dee Dee.mp4
recycle_bin	g:\TV\Look at Later\Season 2\General Inakappe - S02E22 - 22 Topped Off - Dee Dee's Tail - No Power Trip.mp4
recycle_bin	g:\TV\Look at Later\Season 2\General Inakappe - S02E23 - 23 Sister Mom - The Laughing.mp4
recycle_bin	g:\TV\Look at Later\Season 2\General Inakappe - S02E24 - 24 Dexter's Lab, A Story - Coupon for Craziness - Better Off Wet.mp4
recycle_bin	g:\TV\Look at Later\Season 2\General Inakappe - S02E25 - 25 Critical Gas - Let's Save the World You Jerk! - Average Joe.mp4
recycle_bin	g:\TV\Look at Later\Season 2\General Inakappe - S02E26 - 26 Rushmore Rumble - A Boy and His Bug - You Vegetabelieve It.mp4
recycle_bin	g:\TV\Look at Later\Season 2\General Inakappe - S02E27 - 27 Aye, Aye, Eyes - Dee Dee and the Man.mp4
recycle_bin	g:\TV\Look at Later\Season 2\General Inakappe - S02E28 - 28 Old Flame - Don't Be a Hero - My Favorite Martian.mp4
recycle_bin	g:\TV\Look at Later\Season 2\General Inakappe - S02E29 - 29 Paper Route Bout - The Old Switcharooms - Trick or Treehouse.mp4
recycle_bin	g:\TV\Look at Later\Season 2\General Inakappe - S02E30 - 30 Quiet Riot - Accent You Hate - Catch of the Day.mp4
recycle_bin	g:\TV\Look at Later\Season 2\General Inakappe - S02E31 - 31 Dad Is Disturbed - Framed - That's Using Your Head.mp4
recycle_bin	g:\TV\Look at Later\Season 2\General Inakappe - S02E32 - 32 DiM - Just an Old Fashioned Lab Song - Repairanoid.mp4
recycle_bin	g:\TV\Look at Later\Season 2\General Inakappe - S02E33 - 33 Sdwarkacb - The Continuum of Cartoon Fool - Sun, Surf and Science.mp4
recycle_bin	g:\TV\Look at Later\Season 2\General Inakappe - S02E34 - 34 Big Bots - Gooey Aliens - Misplaced In Space.mp4
recycle_bin	g:\TV\Look at Later\Season 2\General Inakappe - S02E35 - 35 Dee Dee's Rival - Pslyghtly Psycho - Game for a Game.mp4
recycle_bin	g:\TV\Look at Later\Season 2\General Inakappe - S02E36 - 36 Blackfoot and Slim - Trapped With a Vengeance - The Parrot Trap.mp4
recycle_bin	g:\TV\Look at Later\Season 2\General Inakappe - S02E37 - 37 Dexter and Computress Get Mandark - Pain In the Mouth - Dexter vs. Santa's Claws.mp4
recycle_bin	g:\TV\Look at Later\Season 2\General Inakappe - S02E38 - 38 Dyno-Might - LABretto.mp4
recycle_bin	g:\TV\Look at Later\Season 2\General Inakappe - S02E39 - 39 Last But Not Beast.mp4
recycle_bin	g:\TV\Look at Later\Season 3\General Inakappe - S03E01 - 01 Streaky Clean - A Dad Cartoon - Sole Brother.mp4
recycle_bin	g:\TV\Look at Later\Season 3\General Inakappe - S03E02 - 02 Mind Over Chatter - A Quackor Cartoon - Momdark.mp4
recycle_bin	g:\TV\Look at Later\Season 3\General Inakappe - S03E03 - 03 Copping an Aptitude - A Failed Lab Experiment - The Grand-Daddy of All Inventions.mp4
recycle_bin	g:\TV\Look at Later\Season 3\General Inakappe - S03E04 - 04 Poppa Wheely - A Mom Cartoon - The Mock Side of the Moon.mp4
recycle_bin	g:\TV\Look at Later\Season 3\General Inakappe - S03E07 - 07 Dos Boot - A Dee Dee Cartoon - Would You Like That In the Can.mp4
recycle_bin	g:\TV\Look at Later\Season 3\General Inakappe - S03E08 - 08 That Magic Moment - A Silent Cartoon - Opposites Attract.mp4
recycle_bin	g:\TV\Look at Later\Season 3\General Inakappe - S03E10 - 10 Glove At First Sight - A Mom and Dad Cartoon - Smells Like Victory.mp4
recycle_bin	g:\TV\Look at Later\Season 3\General Inakappe - S03E11 - 11 Oh Brother - Another Dad Cartoon - Bar Exam.mp4
recycle_bin	g:\TV\Look at Later\Season 3\General Inakappe - S03E12 - 12 Jeepers Creepers, Where Is Peepers - Go, Dexter Family, Go.mp4
recycle_bin	g:\TV\Look at Later\Season 3\General Inakappe - S03E13 - 13 Scare Tactics - A Mom Cartoon - My Dad vs. Your Dad.mp4
recycle_bin	g:\TV\Look at Later\Season 4\General Inakappe - S04E02 - 02 Sis-Tem Error - Bad Cable Manners - Dexter's Library.mp4
recycle_bin	g:\TV\Look at Later\Season 4\General Inakappe - S04E05 - 05 Head Band - Stuffed Animal House - Used Ink.mp4
recycle_bin	g:\TV\Look at Later\Season 4\General Inakappe - S04E06 - 06 School Girl Crushed - Chess Mom - Father Know Least.mp4
recycle_bin	g:\TV\Look at Later\Season 4\General Inakappe - S04E09 - 09 Height Unseen - Bygone Errors - Folly Calls.mp4
recycle_bin	g:\TV\Look at Later\Season 4\General Inakappe - S04E10 - 10 Voice Over - The Blonde Leading the Blonde - Comic Stripper.mp4
recycle_bin	g:\TV\Look at Later\Season 4\General Inakappe - S04E11 - 11 Tee Party - Dexter's Wacky Races.mp4
recycle_bin	g:\TV\Look at Later\Season 4\General Inakappe - S04E12 - 12 The Lab of Tomorrow - Chicken Scratch - Garage Sale.mp4
recycle_bin	g:\TV\Look at Later\Season 4\General Inakappe - S04E13 - 13 They Got Chops - Poetic Injustice - Comedy of Feathers.mp4
recycle_bin	g:\TV\Look at Later\Season 9\General Inakappe - S09E11 - 17 Dee Dee Be Deep - 911 - Down In the Dumps.mp4
recycle_bin	g:\TV\Look at Later\Season 12\General Inakappe - S12E01 - AHS.mp4
recycle_bin	g:\TV\Look at Later\Season 2\Documentary of My Ex-Girlfriend Complex - S02E06 - S02E06. The Golden Child.avi
recycle_bin	g:\TV\Look at Later\Season 2\Documentary of My Ex-Girlfriend Complex - S02E07 - S02E07. Family Challenge.avi
recycle_bin	g:\TV\Look at Later\Season 2\Documentary of My Ex-Girlfriend Complex - S02E08 - S02E08. I Never Ate For My Father.avi
recycle_bin	g:\TV\Look at Later\Season 2\Documentary of My Ex-Girlfriend Complex - S02E09 - S02E09. Charlene's Tale.avi
recycle_bin	g:\TV\Look at Later\Season 2\Documentary of My Ex-Girlfriend Complex - S02E10 - S02E10. Endangered Species.avi
recycle_bin	g:\TV\Look at Later\Season 2\Documentary of My Ex-Girlfriend Complex - S02E11 - S02E11. Employee Of The Month.avi
recycle_bin	g:\TV\Look at Later\Season 2\Documentary of My Ex-Girlfriend Complex - S02E12 - S02E12. When Food Goes Bad.avi
recycle_bin	g:\TV\Look at Later\Season 2\Documentary of My Ex-Girlfriend Complex - S02E13 - S02E13. Career Opportunities.avi
recycle_bin	g:\TV\Look at Later\Season 2\Documentary of My Ex-Girlfriend Complex - S02E14 - S02E14. Unmarried ... With Children.avi
recycle_bin	g:\TV\Look at Later\Season 2\Documentary of My Ex-Girlfriend Complex - S02E15 - S02E15. How To Pick Up Girls.avi
recycle_bin	g:\TV\Look at Later\Season 2\Documentary of My Ex-Girlfriend Complex - S02E16 - S02E16. Switched At Birth.avi
recycle_bin	g:\TV\Look at Later\Season 2\Documentary of My Ex-Girlfriend Complex - S02E17 - S02E17. Refrigerator Day.avi
recycle_bin	g:\TV\Look at Later\Season 2\Documentary of My Ex-Girlfriend Complex - S02E18 - S02E18. What 'Sexual Harris' Meant.avi
recycle_bin	g:\TV\Look at Later\Season 2\Documentary of My Ex-Girlfriend Complex - S02E19 - S02E19. Fran Live.avi
recycle_bin	g:\TV\Look at Later\Season 2\Documentary of My Ex-Girlfriend Complex - S02E20 - S02E20. Power Erupts.avi
recycle_bin	g:\TV\Look at Later\Season 2\Documentary of My Ex-Girlfriend Complex - S02E21 - S02E21. The Clip Show.avi
recycle_bin	g:\TV\Look at Later\Season 2\Documentary of My Ex-Girlfriend Complex - S02E22 - S02E22. A New Leaf.avi
recycle_bin	g:\TV\Look at Later\Season 2\Documentary of My Ex-Girlfriend Complex - S02E23 - S02E23. The Last Temptation Of Ethyl.avi
recycle_bin	g:\TV\Look at Later\Season 2\Documentary of My Ex-Girlfriend Complex - S02E24 - S02E24. Nuts To War (1).avi
recycle_bin	g:\TV\Look at Later\Season 2\Documentary of My Ex-Girlfriend Complex - S02E25 - S02E25. Nuts To War (2).avi
recycle_bin	g:\TV\Look at Later\Season 2\Documentary of My Ex-Girlfriend Complex - S02E26 - S02E26. And The Winner Is.avi
recycle_bin	g:\TV\Look at Later\Season 2\Documentary of My Ex-Girlfriend Complex - S02E27 - S02E27. Slave To Fashion.avi
recycle_bin	g:\TV\Look at Later\Season 2\Documentary of My Ex-Girlfriend Complex - S02E28 - S02E28. Leader Of The Pack.avi
recycle_bin	g:\TV\Look at Later\Season 2\Documentary of My Ex-Girlfriend Complex - S02E29 - S02E29. WESAYSO Knows Best.avi
recycle_bin	g:\TV\Look at Later\Season 3\Documentary of My Ex-Girlfriend Complex - S03E30 - S03E30. Nature Calls.avi
recycle_bin	g:\TV\Look at Later\Season 3\Documentary of My Ex-Girlfriend Complex - S03E31 - S03E31. Baby Talk.avi
recycle_bin	g:\TV\Look at Later\Season 3\Documentary of My Ex-Girlfriend Complex - S03E32 - S03E32. Network Genius.avi
recycle_bin	g:\TV\Look at Later\Season 3\Documentary of My Ex-Girlfriend Complex - S03E33 - S03E33. The Discovery.avi
recycle_bin	g:\TV\Look at Later\Season 3\Documentary of My Ex-Girlfriend Complex - S03E34 - S03E34. Little Boy Boo.avi
recycle_bin	g:\TV\Look at Later\Season 3\Documentary of My Ex-Girlfriend Complex - S03E35 - S03E35. Germ Warfare.avi
recycle_bin	g:\TV\Look at Later\Season 3\Documentary of My Ex-Girlfriend Complex - S03E36 - S03E36. Hungry For Love.avi
recycle_bin	g:\TV\Look at Later\Season 3\Documentary of My Ex-Girlfriend Complex - S03E37 - S03E37. License To Parent.avi
recycle_bin	g:\TV\Look at Later\Season 3\Documentary of My Ex-Girlfriend Complex - S03E38 - S03E38. Charlene's Flat World.avi
recycle_bin	g:\TV\Look at Later\Season 3\Documentary of My Ex-Girlfriend Complex - S03E39 - S03E39. Wilderness Weekend.avi
recycle_bin	g:\TV\Look at Later\Season 3\Documentary of My Ex-Girlfriend Complex - S03E40 - S03E40. The Son Also Rises.avi
recycle_bin	g:\TV\Look at Later\Season 3\Documentary of My Ex-Girlfriend Complex - S03E41 - S03E41. Getting To Know You.avi
recycle_bin	g:\TV\Look at Later\Season 3\Documentary of My Ex-Girlfriend Complex - S03E42 - S03E42. Green Card.avi
recycle_bin	g:\TV\Look at Later\Season 3\Documentary of My Ex-Girlfriend Complex - S03E43 - S03E43. Out Of The Frying Pan.avi
recycle_bin	g:\TV\Look at Later\Season 3\Documentary of My Ex-Girlfriend Complex - S03E44 - S03E44. Steroids To Heaven.avi
recycle_bin	g:\TV\Look at Later\Season 3\Documentary of My Ex-Girlfriend Complex - S03E45 - S03E45. Honey, I Miss The Kids.avi
recycle_bin	g:\TV\Look at Later\Season 3\Documentary of My Ex-Girlfriend Complex - S03E46 - S03E46. Swamp Music.avi
recycle_bin	g:\TV\Look at Later\Season 3\Documentary of My Ex-Girlfriend Complex - S03E47 - S03E47. Dirty Dancin'.avi
recycle_bin	g:\TV\Look at Later\Season 3\Documentary of My Ex-Girlfriend Complex - S03E48 - S03E48. If I Were A Tree.avi
recycle_bin	g:\TV\Look at Later\Season 3\Documentary of My Ex-Girlfriend Complex - S03E49 - S03E49. We Are Not Alone.avi
recycle_bin	g:\TV\Look at Later\Season 3\Documentary of My Ex-Girlfriend Complex - S03E50 - S03E50. Charlene And Her Amazing Humans.avi
recycle_bin	g:\TV\Look at Later\Season 3\Documentary of My Ex-Girlfriend Complex - S03E51 - S03E51. The Clip Show II.avi
recycle_bin	g:\TV\Look at Later\Season 4\Documentary of My Ex-Girlfriend Complex - S04E52 - S04E52. Monster Under The Bed.avi
recycle_bin	g:\TV\Look at Later\Season 4\Documentary of My Ex-Girlfriend Complex - S04E53 - S04E53. Earl, Don't Be A Hero.avi
recycle_bin	g:\TV\Look at Later\Season 4\Documentary of My Ex-Girlfriend Complex - S04E54 - S04E54. The Greatest Story Ever Sold.avi
recycle_bin	g:\TV\Look at Later\Season 4\Documentary of My Ex-Girlfriend Complex - S04E55 - S04E55. Driving Miss Ethyl.avi
recycle_bin	g:\TV\Look at Later\Season 4\Documentary of My Ex-Girlfriend Complex - S04E56 - S04E56. Earl's Big Jackpot.avi
recycle_bin	g:\TV\Look at Later\Season 4\Documentary of My Ex-Girlfriend Complex - S04E57 - S04E57. Terrible Twos.avi
recycle_bin	g:\TV\Look at Later\Season 4\Documentary of My Ex-Girlfriend Complex - S04E58 - S04E58. Changing Nature.avi
recycle_bin	g:\TV\Look at Later\Season 4\Documentary of My Ex-Girlfriend Complex - S04E59 - S04E59. Scent Of A Reptile.avi
recycle_bin	g:\TV\Look at Later\Season 4\Documentary of My Ex-Girlfriend Complex - S04E60 - S04E60. Earl And Pearl.avi
recycle_bin	g:\TV\Look at Later\Season 4\Documentary of My Ex-Girlfriend Complex - S04E61 - S04E61. Life In The Faust Line.avi
recycle_bin	g:\TV\Look at Later\Season 4\Documentary of My Ex-Girlfriend Complex - S04E62 - S04E62. Variations On A Theme Park.avi
recycle_bin	g:\TV\Look at Later\Season 4\Documentary of My Ex-Girlfriend Complex - S04E63 - S04E63. Working Girl.avi
recycle_bin	g:\TV\Look at Later\Season 4\Documentary of My Ex-Girlfriend Complex - S04E64 - S04E64. Into The Woods.avi
recycle_bin	g:\TV\Look at Later\Season 4\Documentary of My Ex-Girlfriend Complex - S04E65 - S04E65. Georgie Must Die!.avi
recycle_bin	g:\TV\Look at Later\Season 1\Documentary of My Ex-Girlfriend Complex - S01E09 - Gummi Bears 1x09 - A Gummi By Any Other Name.mp4
recycle_bin	g:\TV\Look at Later\Season 1\Documentary of My Ex-Girlfriend Complex - S01E10 - Gummi Bears 1x10 - Loopy Go Home.mp4
recycle_bin	g:\TV\Look at Later\Season 1\Documentary of My Ex-Girlfriend Complex - S01E11 - Gummi Bears 1x11 - A Hunting We Will Go.mp4
recycle_bin	g:\TV\Look at Later\Season 1\Documentary of My Ex-Girlfriend Complex - S01E12 - Gummi Bears 1x12 - The Fence Sitter.mp4
recycle_bin	g:\TV\Look at Later\Season 1\Documentary of My Ex-Girlfriend Complex - S01E13 - Gummi Bears 1x13 - Night Of The Gargoyle.mp4
recycle_bin	g:\TV\Look at Later\Season 1\Documentary of My Ex-Girlfriend Complex - S01E14 - Gummi Bears 1x14 - The Secret Of The Juice.mp4
recycle_bin	g:\TV\Look at Later\Season 1\Documentary of My Ex-Girlfriend Complex - S01E15 - Gummi Bears 1x15 - Sweet And Sour Gruffi.mp4
recycle_bin	g:\TV\Look at Later\Season 1\Documentary of My Ex-Girlfriend Complex - S01E16 - Gummi Bears 1x16 - Duel Of The Wizards.mp4
recycle_bin	g:\TV\Look at Later\Season 1\Documentary of My Ex-Girlfriend Complex - S01E17 - Gummi Bears 1x17 - What You See Is Me.mp4
recycle_bin	g:\TV\Look at Later\Season 1\Documentary of My Ex-Girlfriend Complex - S01E18 - Gummi Bears 1x18 - Toadie's Wild Ride.mp4
recycle_bin	g:\TV\Look at Later\Season 1\Documentary of My Ex-Girlfriend Complex - S01E19 - Gummi Bears 1x19 - Bubble Trouble.mp4
recycle_bin	g:\TV\Look at Later\Season 1\Documentary of My Ex-Girlfriend Complex - S01E20 - Gummi Bears 1x20 - Gummi In A Strange Land.mp4
recycle_bin	g:\TV\Look at Later\Season 1\Documentary of My Ex-Girlfriend Complex - S01E21 - Gummi Bears 1x21 - Light Makes Right.mp4
recycle_bin	g:\TV\Look at Later\Season 2\Documentary of My Ex-Girlfriend Complex - S02E01 - Gummi Bears 2x01 - Up Up And Away.mp4
recycle_bin	g:\TV\Look at Later\Season 2\Documentary of My Ex-Girlfriend Complex - S02E02 - Gummi Bears 2x02 - Faster Than A Speeding Tummi.mp4
recycle_bin	g:\TV\Look at Later\Season 2\Documentary of My Ex-Girlfriend Complex - S02E03 - Gummi Bears 2x03 - For A Few Sovereigns More.mp4
recycle_bin	g:\TV\Look at Later\Season 2\Documentary of My Ex-Girlfriend Complex - S02E04 - Gummi Bears 2x04 - Over The River And Through The Trolls.mp4
recycle_bin	g:\TV\Look at Later\Season 2\Documentary of My Ex-Girlfriend Complex - S02E05 - Gummi Bears 2x05 - You Snooze You Lose.mp4
recycle_bin	g:\TV\Look at Later\Season 2\Documentary of My Ex-Girlfriend Complex - S02E06 - Gummi Bears 2x06 - The Crimson Avenger.mp4
recycle_bin	g:\TV\Look at Later\Season 2\Documentary of My Ex-Girlfriend Complex - S02E07 - Gummi Bears 2x07 - A Hard Dazed Knight.mp4
recycle_bin	g:\TV\Look at Later\Season 2\Documentary of My Ex-Girlfriend Complex - S02E08 - Gummi Bears 2x08 - Do Unto Ogres.mp4
recycle_bin	g:\TV\Look at Later\Season 2\Documentary of My Ex-Girlfriend Complex - S02E09 - Gummi Bears 2x09 - For Whom The Spells Holds.mp4
recycle_bin	g:\TV\Look at Later\Season 2\Documentary of My Ex-Girlfriend Complex - S02E10 - Gummi Bears 2x10 - Little Bears Lost.mp4
recycle_bin	g:\TV\Look at Later\Season 2\Documentary of My Ex-Girlfriend Complex - S02E11 - Gummi Bears 2x11 - Guess Who's Gumming To Dinner.mp4
recycle_bin	g:\TV\Look at Later\Season 2\Documentary of My Ex-Girlfriend Complex - S02E12 - Gummi Bears 2x12 - My Gummi Lies Over The Ocean.mp4
recycle_bin	g:\TV\Look at Later\Season 3\Documentary of My Ex-Girlfriend Complex - S03E01 - Gummi Bears 3x01 - Too Many Cooks.mp4
recycle_bin	g:\TV\Look at Later\Season 3\Documentary of My Ex-Girlfriend Complex - S03E02 - Gummi Bears 3x02 - Just A Tad Smarter.mp4
recycle_bin	g:\TV\Look at Later\Season 3\Documentary of My Ex-Girlfriend Complex - S03E03 - Gummi Bears 3x03 - If I Were You.mp4
recycle_bin	g:\TV\Look at Later\Season 3\Documentary of My Ex-Girlfriend Complex - S03E04 - Gummi Bears 3x04 - Eye Of The Beholder.mp4
recycle_bin	g:\TV\Look at Later\Season 3\Documentary of My Ex-Girlfriend Complex - S03E05 - Gummi Bears 3x05 - Presto Gummo.mp4
recycle_bin	g:\TV\Look at Later\Season 3\Documentary of My Ex-Girlfriend Complex - S03E06 - Gummi Bears 3x06 - A Tree Grows In Dunwyn.mp4
recycle_bin	g:\TV\Look at Later\Season 3\Documentary of My Ex-Girlfriend Complex - S03E07 - Gummi Bears 3x07 - Day Of The Beevilweevils.mp4
recycle_bin	g:\TV\Look at Later\Season 3\Documentary of My Ex-Girlfriend Complex - S03E08 - Gummi Bears 3x08 - Water Way To Go.mp4
recycle_bin	g:\TV\Look at Later\Season 3\Documentary of My Ex-Girlfriend Complex - S03E09 - Gummi Bears 3x09 - Close Encounters Of The Gummi Kind.mp4
recycle_bin	g:\TV\Look at Later\Season 3\Documentary of My Ex-Girlfriend Complex - S03E10 - Gummi Bears 3x10 - Snows Your Old Man.mp4
recycle_bin	g:\TV\Look at Later\Season 3\Documentary of My Ex-Girlfriend Complex - S03E11 - Gummi Bears 3x11 - Boggling The Bears.mp4
recycle_bin	g:\TV\Look at Later\Season 3\Documentary of My Ex-Girlfriend Complex - S03E12 - Gummi Bears 3x12 - The Knights Of Gummadoon.mp4
recycle_bin	g:\TV\Look at Later\Season 3\Documentary of My Ex-Girlfriend Complex - S03E13 - Gummi Bears 3x13 - Mirthy Me.mp4
recycle_bin	g:\TV\Look at Later\Season 3\Documentary of My Ex-Girlfriend Complex - S03E14 - Gummi Bears 3x14 - Gummi Dearest.mp4
recycle_bin	g:\TV\Look at Later\Season 4\General Inakappe - S04E01 - Gummi Bears S04E01 - The Magnificent Seven Gummies.avi
recycle_bin	g:\TV\Look at Later\Season 4\General Inakappe - S04E02 - (1.avi
recycle_bin	g:\TV\Look at Later\Season 4\General Inakappe - S04E03 - Gummi Bears S04E03 - Dress For Success.avi
recycle_bin	g:\TV\Look at Later\Season 4\General Inakappe - S04E04 - Gummi Bears S04E04 - A Knight To Remember.avi
recycle_bin	g:\TV\Look at Later\Season 4\General Inakappe - S04E05 - Gummi Bears S04E05 - Gummies Just Want to Have Fun.avi
recycle_bin	g:\TV\Look at Later\Season 4\General Inakappe - S04E06 - Gummi Bears S04E06 - There´s No Place Like Home.avi
recycle_bin	g:\TV\Look at Later\Season 4\General Inakappe - S04E07 - Gummi Bears S04E07 - Color Me Gummi.avi
recycle_bin	g:\TV\Look at Later\Season 4\General Inakappe - S04E08 - Gummi Bears S04E08 - He Who Laughs Last.avi
recycle_bin	g:\TV\Look at Later\Season 4\General Inakappe - S04E09 - Gummi Bears S04E09 - Tummi´s Last Stand.avi
recycle_bin	g:\TV\Look at Later\Season 4\General Inakappe - S04E10 - Gummi Bears S04E10 - The Crimson Avenger Strikes Again.avi
recycle_bin	g:\TV\Look at Later\Season 4\General Inakappe - S04E11 - Gummi Bears S04E11 - Ogre Baby Boom.avi
recycle_bin	g:\TV\Look at Later\Season 4\General Inakappe - S04E12 - Gummi Bears S04E12 - The White Knight.avi
recycle_bin	g:\TV\Look at Later\Season 4\General Inakappe - S04E13 - Gummi Bears S04E13 - Good Neighbor Gummi.avi
recycle_bin	g:\TV\Look at Later\Season 4\General Inakappe - S04E14 - Gummi Bears S04E14 - Girl´s Knight Out.avi
recycle_bin	g:\TV\Look at Later\Season 4\General Inakappe - S04E15 - Gummi Bears S04E15 - Top Gum.avi
recycle_bin	g:\TV\Look at Later\Season 4\General Inakappe - S04E16 - Gummi Bears S04E16 - Gummi´s At Sea.avi
recycle_bin	g:\TV\Look at Later\Season 5\General Inakappe - S05E01 - Gummi Bears S05E01 - A Gummi a Day Keeps the Doctor Away.avi
recycle_bin	g:\TV\Look at Later\Season 5\General Inakappe - S05E02 - Gummi Bears S05E02 - Let Sleeping Giants Lie.avi
recycle_bin	g:\TV\Look at Later\Season 5\General Inakappe - S05E03 - Gummi Bears S05E03 - The Road To Ursalia.avi
recycle_bin	g:\TV\Look at Later\Season 5\General Inakappe - S05E04 - Gummi Bears S05E04 - Bridge On The River Gummi.avi
recycle_bin	g:\TV\Look at Later\Season 5\General Inakappe - S05E05 - Gummi Bears S05E05 - Life Of The Party.avi
recycle_bin	g:\TV\Look at Later\Season 5\General Inakappe - S05E06 - Gummi Bears S05E06 - My Kingdom for a Pie.avi
recycle_bin	g:\TV\Look at Later\Season 5\General Inakappe - S05E07 - Gummi Bears S05E07 - The World According To Gusto.avi
recycle_bin	g:\TV\Look at Later\Season 5\General Inakappe - S05E08 - Gummi Bears S05E08 - Ogre For A Day.avi
recycle_bin	g:\TV\Look at Later\Season 5\General Inakappe - S05E09 - Gummi Bears S05E09 - Princess Problems.mov
recycle_bin	g:\TV\Look at Later\Season 5\General Inakappe - S05E10 - Gummi Bears S05E10 - A Gummi Is A Gummi´s Best Friend.avi
recycle_bin	g:\TV\Look at Later\Season 5\General Inakappe - S05E11 - Gummi Bears S05E11 - Beg Burrow And Steal.avi
recycle_bin	g:\TV\Look at Later\Season 5\General Inakappe - S05E12 - Gummi Bears S05E12 - Return To Ursalia.avi
recycle_bin	g:\TV\Look at Later\Season 6\General Inakappe - S06E01 - Gummi Bears S06E01 - A Gummi's Work Is Never Done.avi
recycle_bin	g:\TV\Look at Later\Season 6\General Inakappe - S06E02 - Gummi Bears S06E02 - Friar Tum.avi
recycle_bin	g:\TV\Look at Later\Season 6\General Inakappe - S06E03 - Gummi Bears S06E03 - Tuxford´s Turnaround.avi
recycle_bin	g:\TV\Look at Later\Season 6\General Inakappe - S06E04 - Gummi Bears S06E04 - Toadie The Conqueror.avi
recycle_bin	g:\TV\Look at Later\Season 6\General Inakappe - S06E05 - Gummi Bears S06E05 - Zummi In Slumberland.avi
recycle_bin	g:\TV\Look at Later\Season 6\General Inakappe - S06E06 - Gummi Bears S06E06 - Patchwork Gummi.avi
recycle_bin	g:\TV\Look at Later\Season 6\General Inakappe - S06E07 - Gummi Bears S06E07 - Thornberry To The Rescue.avi
recycle_bin	g:\TV\Look at Later\Season 6\General Inakappe - S06E08 - Gummi Bears S06E08 - Never Give a Gummi an Even Break.avi
recycle_bin	g:\TV\Look at Later\Season 6\General Inakappe - S06E09 - Gummi Bears S06E09 - Once More The Crimson Avenger.avi
recycle_bin	g:\TV\Look at Later\Season 6\General Inakappe - S06E10 - Gummi Bears S06E10 - A Recipe for Trouble.avi
recycle_bin	g:\TV\Look at Later\Season 6\General Inakappe - S06E11 - Gummi Bears S06E11 - Queen Of The Carpies.avi
recycle_bin	g:\TV\Look at Later\Season 6\General Inakappe - S06E12 - Gummi Bears S06E12 - True Gritty.avi
recycle_bin	g:\TV\Look at Later\Season 6\General Inakappe - S06E13 - Gummi Bears S06E13 - King Igthorn (Part 1).avi
recycle_bin	g:\TV\Look at Later\Season 6\General Inakappe - S06E14 - Gummi Bears S06E14 - King Igthorn (Part 2).avi
recycle_bin	g:\TV\Look at Later\Season 6\General Inakappe - S06E15 - Gummi Bears S06E15 - Tummi Trouble.avi
recycle_bin	g:\TV\Look at Later\Season 6\General Inakappe - S06E16 - Gummi Bears S06E16 - Rocking Chair Bear.avi
recycle_bin	g:\TV\Look at Later\Season 6\General Inakappe - S06E17 - Gummi Bears S06E17 - Trading Faces.avi
recycle_bin	g:\TV\Look at Later\Season 6\General Inakappe - S06E18 - Gummi Bears S06E18 - May The Best Princess Win.avi
recycle_bin	g:\TV\Look at Later\Season 6\General Inakappe - S06E19 - Gummi Bears S06E19 - Wings Over Dunwynn.avi
recycle_bin	g:\TV\Look at Later\Season 6\General Inakappe - S06E20 - Gummi Bears S06E20 - The Rite Stuff.avi
recycle_bin	g:\TV\Look at Later\Season 2\General Inakappe - S02E05 - House of Mouse 205 Max's New Car.avi
recycle_bin	g:\TV\Look at Later\Season 2\General Inakappe - S02E07 - House of Mouse 207 Max's Embarrassing Date.avi
recycle_bin	g:\TV\Look at Later\Season 3\General Inakappe - S03E01 - Doc.Martin.S03E01.(24 September.avi
recycle_bin	g:\TV\Look at Later\Season 3\General Inakappe - S03E02 - Doc.Martin.S03E02.avi
recycle_bin	g:\TV\Look at Later\Season 3\General Inakappe - S03E03 - Doc.Martin.S03E03.avi
recycle_bin	g:\TV\Look at Later\Season 3\General Inakappe - S03E04 - Doc.Martin.S03E04.avi
recycle_bin	g:\TV\Look at Later\Season 3\General Inakappe - S03E05 - Doc.Martin.S03E05.avi
recycle_bin	g:\TV\Look at Later\Season 3\General Inakappe - S03E06 - Doc.Martin.S03E06.avi
recycle_bin	g:\TV\Look at Later\Season 3\General Inakappe - S03E07 - Doc.Martin.S03E07.avi
recycle_bin	g:\TV\Look at Later\Season 4\General Inakappe - S04E01 - doc martin.4x01.avi
recycle_bin	g:\TV\Look at Later\Season 4\General Inakappe - S04E02 - doc martin.4x02.uneasy lies the head.avi
recycle_bin	g:\TV\Look at Later\Season 4\General Inakappe - S04E03 - doc martin.4x03.perish together as fools.avi
recycle_bin	g:\TV\Look at Later\Season 4\General Inakappe - S04E04 - doc martin.4x04.driving mr mclynn.avi
recycle_bin	g:\TV\Look at Later\Season 4\General Inakappe - S04E05 - doc martin.4x05.the departed.avi
recycle_bin	g:\TV\Look at Later\Season 4\General Inakappe - S04E06 - doc martin.4x06.avi
recycle_bin	g:\TV\Look at Later\Season 4\General Inakappe - S04E07 - doc martin.4x07.avi
recycle_bin	g:\TV\Look at Later\Season 4\General Inakappe - S04E08 - doc martin.4x08.avi
recycle_bin	g:\TV\Look at Later\Season 5\General Inakappe - S05E01 - doc.martin.s05e01.avi
recycle_bin	g:\TV\Look at Later\Season 5\General Inakappe - S05E02 - doc.martin.s05e02.avi
recycle_bin	g:\TV\Look at Later\Season 5\General Inakappe - S05E03 - doc.martin.s05e03.avi
recycle_bin	g:\TV\Look at Later\Season 5\General Inakappe - S05E04 - doc.martin.s05e04.avi
recycle_bin	g:\TV\Look at Later\Season 5\General Inakappe - S05E05 - doc.martin.s05e05.real.avi
recycle_bin	g:\TV\Look at Later\Season 5\General Inakappe - S05E06 - doc_martin.5x06.dont_let_go.avi
recycle_bin	g:\TV\Look at Later\Season 5\General Inakappe - S05E07 - doc_martin.5x07.cats_and_sharks.avi
recycle_bin	g:\TV\Look at Later\Season 5\General Inakappe - S05E08 - doc.martin.s05e08.avi
recycle_bin	g:\TV\Look at Later\Season 2\General Inakappe - S02E01 - 201 - The Big Storm.avi
recycle_bin	g:\TV\Look at Later\Season 2\General Inakappe - S02E02 - 202 - Rapido Tico.avi
recycle_bin	g:\TV\Look at Later\Season 2\General Inakappe - S02E03 - 203 - The Magic Stick.avi
recycle_bin	g:\TV\Look at Later\Season 2\General Inakappe - S02E04 - 204 - The Missing Piece.avi
recycle_bin	g:\TV\Look at Later\Season 2\General Inakappe - S02E05 - 205 - Lost Squeaky.avi
recycle_bin	g:\TV\Look at Later\Season 2\General Inakappe - S02E06 - 206 - Rojo, the Fire Truck.avi
recycle_bin	g:\TV\Look at Later\Season 2\General Inakappe - S02E07 - 207 - Lost Map.avi
recycle_bin	g:\TV\Look at Later\Season 2\General Inakappe - S02E08 - 208 - El DÃa de las Madres.avi
recycle_bin	g:\TV\Look at Later\Season 2\General Inakappe - S02E09 - 209 - The Golden Explorers.avi
recycle_bin	g:\TV\Look at Later\Season 2\General Inakappe - S02E10 - 210 - A Present for Santa.avi
recycle_bin	g:\TV\Look at Later\Season 2\General Inakappe - S02E11 - 211 - Doctor Dora.avi
recycle_bin	g:\TV\Look at Later\Season 2\General Inakappe - S02E12 - 212 - Pinto, the Pony Express.avi
recycle_bin	g:\TV\Look at Later\Season 2\General Inakappe - S02E13 - 213 - Leon, The Circus Lion.avi
recycle_bin	g:\TV\Look at Later\Season 2\General Inakappe - S02E14 - 214 - The Big PiÃ±ata.avi
recycle_bin	g:\TV\Look at Later\Season 2\General Inakappe - S02E15 - 215 - The Happy Old Troll.avi
recycle_bin	g:\TV\Look at Later\Season 2\General Inakappe - S02E16 - 216 - Super Map.avi
recycle_bin	g:\TV\Look at Later\Season 2\General Inakappe - S02E17 - 217 - A Letter For Swiper.avi
recycle_bin	g:\TV\Look at Later\Season 2\General Inakappe - S02E18 - 218 - To the Monkey Bars.avi
recycle_bin	g:\TV\Look at Later\Season 2\General Inakappe - S02E19 - 219 - Dora, La Musica.avi
recycle_bin	g:\TV\Look at Later\Season 2\General Inakappe - S02E20 - 220 - Hide and Go Seek.avi
recycle_bin	g:\TV\Look at Later\Season 2\General Inakappe - S02E21 - 221 - Click.avi
recycle_bin	g:\TV\Look at Later\Season 2\General Inakappe - S02E22 - 222 - Dora's Egg Hunt Adventure.avi
recycle_bin	g:\TV\Look at Later\Season 2\General Inakappe - S02E24 - 224 - School Pet.avi
recycle_bin	g:\TV\Look at Later\Season 2\General Inakappe - S02E25 - 225 - Whose Birthday Is It.avi
recycle_bin	g:\TV\Look at Later\Season 2\General Inakappe - S02E26 - 226 - Quack! Quack!.avi
recycle_bin	g:\TV\Look at Later\Season 3\General Inakappe - S03E01 - 301 - Dora Had a Little Lamb.avi
recycle_bin	g:\TV\Look at Later\Season 3\General Inakappe - S03E02 - 302 - Stuck Truck.avi
recycle_bin	g:\TV\Look at Later\Season 3\General Inakappe - S03E03 - 303 Louder.avi
recycle_bin	g:\TV\Look at Later\Season 3\General Inakappe - S03E04 - 304 - Roberto the Robot.avi
recycle_bin	g:\TV\Look at Later\Season 3\General Inakappe - S03E05 - 305 - The Big Potato.avi
recycle_bin	g:\TV\Look at Later\Season 3\General Inakappe - S03E06 - 306 - Journey to the Purple Planet.avi
recycle_bin	g:\TV\Look at Later\Season 3\General Inakappe - S03E07 - 307 - City of Lost Toys.avi
recycle_bin	g:\TV\Look at Later\Season 3\General Inakappe - S03E08 - 308 Meet Diego.avi
recycle_bin	g:\TV\Look at Later\Season 3\General Inakappe - S03E09 - 309 - Save the Puppies.avi
recycle_bin	g:\TV\Look at Later\Season 3\General Inakappe - S03E10 - 310 - Por Favor.avi
recycle_bin	g:\TV\Look at Later\Season 3\General Inakappe - S03E11 - 311 - Baby Dino.avi
recycle_bin	g:\TV\Look at Later\Season 3\General Inakappe - S03E12 - 312 - Boots' Special Day.avi
recycle_bin	g:\TV\Look at Later\Season 3\General Inakappe - S03E13 - 313 - To the South Pole.avi
recycle_bin	g:\TV\Look at Later\Season 3\General Inakappe - S03E14 - 314 - Dora Saves the Game.avi
recycle_bin	g:\TV\Look at Later\Season 3\General Inakappe - S03E15 - 315 - Boo!.avi
recycle_bin	g:\TV\Look at Later\Season 3\General Inakappe - S03E16 - 316 - What Happens Next.avi
recycle_bin	g:\TV\Look at Later\Season 3\General Inakappe - S03E17 - 317 - Rescue, Rescue, Rescue.avi
recycle_bin	g:\TV\Look at Later\Season 3\General Inakappe - S03E18 - 318 - Boots' Cuddly Dinosaur.avi
recycle_bin	g:\TV\Look at Later\Season 3\General Inakappe - S03E19 - 319 - The Super Silly Fiesta.avi
recycle_bin	g:\TV\Look at Later\Season 3\General Inakappe - S03E20 - 320 - I've Got a Hole in My Boot.avi
recycle_bin	g:\TV\Look at Later\Season 3\General Inakappe - S03E21 - 321 - Baseball Boots.avi
recycle_bin	g:\TV\Look at Later\Season 3\General Inakappe - S03E22 - 322 - Best Friends.avi
recycle_bin	g:\TV\Look at Later\Season 3\General Inakappe - S03E23 - 323 - ABC Animals.avi
recycle_bin	g:\TV\Look at Later\Season 3\General Inakappe - S03E24 - 324 - Jobs, Jobs, Jobs.avi
recycle_bin	g:\TV\Look at Later\Season 4\General Inakappe - S04E01 - 401 - Dora's Starcatching Adventure.avi
recycle_bin	g:\TV\Look at Later\Season 4\General Inakappe - S04E02 - 402 - Dora's First Trip.avi
recycle_bin	g:\TV\Look at Later\Season 4\General Inakappe - S04E03 - 403 Star Mountain.avi
recycle_bin	g:\TV\Look at Later\Season 4\General Inakappe - S04E05 - Video.avi
recycle_bin	g:\TV\Look at Later\Season 4\General Inakappe - S04E06 - 406 - Daisy, la Quinceanera.avi
recycle_bin	g:\TV\Look at Later\Season 4\General Inakappe - S04E07 - 407 Save Diego - Animal Adventures.avi
recycle_bin	g:\TV\Look at Later\Season 4\General Inakappe - S04E08 - 408 - Baby Jaguar's Roar.avi
recycle_bin	g:\TV\Look at Later\Season 4\General Inakappe - S04E09 - 409 - A Crown for King Juan el Bobo.avi
recycle_bin	g:\TV\Look at Later\Season 4\General Inakappe - S04E10 - 410 - Dora's Got a Puppy.avi
recycle_bin	g:\TV\Look at Later\Season 4\General Inakappe - S04E11 - 411 - Big Sister Dora.avi
recycle_bin	g:\TV\Look at Later\Season 4\General Inakappe - S04E12 - 412 - Boots to the Rescue.avi
recycle_bin	g:\TV\Look at Later\Season 4\General Inakappe - S04E13 - 413 - Super Babies.avi
recycle_bin	g:\TV\Look at Later\Season 4\General Inakappe - S04E14 - Video.avi
recycle_bin	g:\TV\Look at Later\Season 4\General Inakappe - S04E15 - 415 - The Mixed-Up Seasons.avi
recycle_bin	g:\TV\Look at Later\Season 4\General Inakappe - S04E18 - 418 - Swiper The Explorer.avi
recycle_bin	g:\TV\Look at Later\Season 4\General Inakappe - S04E19 - 419 - Catch the Babies.avi
recycle_bin	g:\TV\Look at Later\Season 4\General Inakappe - S04E20 - 420 - Dora and Diego to the Rescue.avi
recycle_bin	g:\TV\Look at Later\Season 4\General Inakappe - S04E21 - 421 Fairytale Adventure.mp4
recycle_bin	g:\TV\Look at Later\Season 4\General Inakappe - S04E23 - 423 - Dora's Dance to the Rescue.avi
recycle_bin	g:\TV\Look at Later\Season 1\Documentary of My Ex-Girlfriend Complex - S01E09 - Doug - S1E09 - Doug's Big Catch ~ Doug Needs Money.avi
recycle_bin	g:\TV\Look at Later\Season 1\Documentary of My Ex-Girlfriend Complex - S01E10 - Doug - S1E10A - Doug's Doodle.avi
recycle_bin	g:\TV\Look at Later\Season 1\Documentary of My Ex-Girlfriend Complex - S01E11 - Doug - S1E11A - Doug's Cookin'.avi
recycle_bin	g:\TV\Look at Later\Season 1\Documentary of My Ex-Girlfriend Complex - S01E12 - Doug - S1E12A - Doug Out in Left Field.avi
recycle_bin	g:\TV\Look at Later\Season 1\Documentary of My Ex-Girlfriend Complex - S01E13 - Doug - S1E13 - Doug's Fair Lady ~ Doug Says Goodbye.avi
recycle_bin	g:\TV\Look at Later\Season 2\Documentary of My Ex-Girlfriend Complex - S02E01 - Doug - S2E01A - Doug Takes the Case.mpg
recycle_bin	g:\TV\Look at Later\Season 2\Documentary of My Ex-Girlfriend Complex - S02E02 - Doug - S2E02 - Doug's Got No Gift ~ Doug VS the Klotzoid Zombies.avi
recycle_bin	g:\TV\Look at Later\Season 2\Documentary of My Ex-Girlfriend Complex - S02E03 - Doug - S2E03 - Doug's Secret Admirer ~ Doug's On TV.avi
recycle_bin	g:\TV\Look at Later\Season 2\Documentary of My Ex-Girlfriend Complex - S02E04 - Doug - S2E04A - Doug's Dinner Date.avi
recycle_bin	g:\TV\Look at Later\Season 2\Documentary of My Ex-Girlfriend Complex - S02E05 - Doug - S2E05A - Doug's On Stage.avi
recycle_bin	g:\TV\Look at Later\Season 2\Documentary of My Ex-Girlfriend Complex - S02E06 - Doug - S2E06 - Doug's Derby Dilemma ~ Doug's On His Own.avi
recycle_bin	g:\TV\Look at Later\Season 2\Documentary of My Ex-Girlfriend Complex - S02E07 - Doug - S2E07A - Doug Battles the Rulemeister.avi
recycle_bin	g:\TV\Look at Later\Season 2\Documentary of My Ex-Girlfriend Complex - S02E08 - Doug - S2E08 - Doug Saves Roger ~ Doug's Big News.avi
recycle_bin	g:\TV\Look at Later\Season 2\Documentary of My Ex-Girlfriend Complex - S02E09 - Doug - S2E09 - Doug's A Big Fat Liar ~ Doug Wears Tights.avi
recycle_bin	g:\TV\Look at Later\Season 2\Documentary of My Ex-Girlfriend Complex - S02E10 - Doug - S2E10 - Doug on the Trail ~ Doug Meets Robobone.avi
recycle_bin	g:\TV\Look at Later\Season 2\Documentary of My Ex-Girlfriend Complex - S02E11 - Doug - S2E11 - Doug Pumps Up ~ Doug Goes To Hollywood.avi
recycle_bin	g:\TV\Look at Later\Season 2\Documentary of My Ex-Girlfriend Complex - S02E12 - Doug - S2E12 - Doug's Hot Ticket ~ Doug's Dental Disaster.avi
recycle_bin	g:\TV\Look at Later\Season 2\Documentary of My Ex-Girlfriend Complex - S02E13 - Doug - S2E13 - Doug's Lost Weekend ~ Doug's Lucky Hat.avi
recycle_bin	g:\TV\Look at Later\Season 3\Documentary of My Ex-Girlfriend Complex - S03E01 - Doug - S3E01 - Doug's Fat Cat ~ Doug and Patti P.I.avi
recycle_bin	g:\TV\Look at Later\Season 3\Documentary of My Ex-Girlfriend Complex - S03E02 - Doug - S3E02 - Doug's Servitude ~ Doug Rocks the House.avi
recycle_bin	g:\TV\Look at Later\Season 3\Documentary of My Ex-Girlfriend Complex - S03E03 - Doug - S3E03 - Doug's Comic Collaboration ~ Doug's Pet Capades.avi
recycle_bin	g:\TV\Look at Later\Season 3\Documentary of My Ex-Girlfriend Complex - S03E04 - Doug - S3E04 - Doug's Career Anxiety ~ Doug's Big Brawl.avi
recycle_bin	g:\TV\Look at Later\Season 3\Documentary of My Ex-Girlfriend Complex - S03E05 - Doug - S3E05A - Doug's Huge Zit.avi
recycle_bin	g:\TV\Look at Later\Season 3\Documentary of My Ex-Girlfriend Complex - S03E06 - Doug - S3E06 - Doug and the Weird Kids ~ Doug's Behind the Wheel.avi
recycle_bin	g:\TV\Look at Later\Season 3\Documentary of My Ex-Girlfriend Complex - S03E07 - Doug - S3E07A - Doug's New Teacher.mpg
recycle_bin	g:\TV\Look at Later\Season 3\Documentary of My Ex-Girlfriend Complex - S03E08 - Doug - S3E08A - Doug's Cartoon.avi
recycle_bin	g:\TV\Look at Later\Season 3\Documentary of My Ex-Girlfriend Complex - S03E09 - Doug - S3E09 - Doug's Hot Property ~ Doug & The Little Liar.avi
recycle_bin	g:\TV\Look at Later\Season 3\Documentary of My Ex-Girlfriend Complex - S03E10 - Doug - S3E10A - Doug Inc.mpg
recycle_bin	g:\TV\Look at Later\Season 3\Documentary of My Ex-Girlfriend Complex - S03E11 - Doug - S3E11 - Doug's Shock Therapy ~ Doug is Hamburger Boy.avi
recycle_bin	g:\TV\Look at Later\Season 3\Documentary of My Ex-Girlfriend Complex - S03E12 - Doug - S3E12A - Doug and the Yard of Doom.avi
recycle_bin	g:\TV\Look at Later\Season 3\Documentary of My Ex-Girlfriend Complex - S03E13 - Doug - S3E13 - Doug's Great Beet War ~ Doug's Magic Act.avi
recycle_bin	g:\TV\Look at Later\Season 4\Documentary of My Ex-Girlfriend Complex - S04E01 - Doug - S4E01 - Doug's Math Problem ~ Doug's Big Feat.avi
recycle_bin	g:\TV\Look at Later\Season 4\Documentary of My Ex-Girlfriend Complex - S04E02 - Doug - S4E02 - Doug's Bum Rap ~ Doug & Patti Sittin' in a Tree.avi
recycle_bin	g:\TV\Look at Later\Season 4\Documentary of My Ex-Girlfriend Complex - S04E03 - Doug - S4E03 - Doug Door to Door ~ Doug Tips The Scale.avi
recycle_bin	g:\TV\Look at Later\Season 4\Documentary of My Ex-Girlfriend Complex - S04E04 - Doug - S4E04 - Doug En Vogue ~ Doug's Mail Order Mania.avi
recycle_bin	g:\TV\Look at Later\Season 4\Documentary of My Ex-Girlfriend Complex - S04E05 - Doug - S4E05A - Doug's Birthday Present.avi
recycle_bin	g:\TV\Look at Later\Season 4\Documentary of My Ex-Girlfriend Complex - S04E06 - Doug - S4E06 - Doug Runs ~ Doug Clobbers Patti.avi
recycle_bin	g:\TV\Look at Later\Season 4\Documentary of My Ex-Girlfriend Complex - S04E07 - Doug - S4E07 - Doug's Treasure Hunt ~ Doug's Brainy Buddy.avi
recycle_bin	g:\TV\Look at Later\Season 4\Documentary of My Ex-Girlfriend Complex - S04E08 - Doug - S4E08 - Doug Ripped Off! ~ Doug's Babysitter.avi
recycle_bin	g:\TV\Look at Later\Season 4\Documentary of My Ex-Girlfriend Complex - S04E09 - Doug - S4E09 - Doug's in the Money ~ Doug's Sister Act.avi
recycle_bin	g:\TV\Look at Later\Season 4\Documentary of My Ex-Girlfriend Complex - S04E10 - Doug - S4E10 - Doug Throws a Party ~ Doug Way Out West.avi
recycle_bin	g:\TV\Look at Later\Season 4\Documentary of My Ex-Girlfriend Complex - S04E11 - Doug - S4E11 - Doug Graduates ~ Doug's Bad Trip.avi
recycle_bin	g:\TV\Look at Later\Season 4\Documentary of My Ex-Girlfriend Complex - S04E12 - Doug - S4E12 - Doug's Halloween Adventure.avi
recycle_bin	g:\TV\Look at Later\Season 4\Documentary of My Ex-Girlfriend Complex - S04E13 - Doug - S4E13 - Doug's Christmas Story.avi
recycle_bin	g:\TV\Look at Later\Season 2\General Inakappe - S02E14 - Dragnet.mp4
recycle_bin	g:\TV\Look at Later\Season 2\General Inakappe - S02E28 - Dragnet.mp4
recycle_bin	g:\TV\Look at Later\Season 3\General Inakappe - S03E01 - Dragnet.mp4
recycle_bin	g:\TV\Look at Later\Season 3\General Inakappe - S03E02 - Dragnet.mp4
recycle_bin	g:\TV\Look at Later\Season 3\General Inakappe - S03E03 - Dragnet.mp4
recycle_bin	g:\TV\Look at Later\Season 3\General Inakappe - S03E04 - Dragnet.mp4
recycle_bin	g:\TV\Look at Later\Season 3\General Inakappe - S03E05 - Dragnet.mp4
recycle_bin	g:\TV\Look at Later\Season 3\General Inakappe - S03E06 - Dragnet.mp4
recycle_bin	g:\TV\Look at Later\Season 3\General Inakappe - S03E07 - Dragnet.mp4
recycle_bin	g:\TV\Look at Later\Season 3\General Inakappe - S03E08 - Dragnet.mp4
recycle_bin	g:\TV\Look at Later\Season 3\General Inakappe - S03E09 - Dragnet.mp4
recycle_bin	g:\TV\Look at Later\Season 3\General Inakappe - S03E10 - Dragnet.mp4
recycle_bin	g:\TV\Look at Later\Season 3\General Inakappe - S03E11 - Dragnet.mp4
recycle_bin	g:\TV\Look at Later\Season 3\General Inakappe - S03E12 - Dragnet.mp4
recycle_bin	g:\TV\Look at Later\Season 3\General Inakappe - S03E13 - Dragnet.mp4
recycle_bin	g:\TV\Look at Later\Season 3\General Inakappe - S03E14 - Dragnet.mp4
recycle_bin	g:\TV\Look at Later\Season 3\General Inakappe - S03E15 - Dragnet.mp4
recycle_bin	g:\TV\Look at Later\Season 3\General Inakappe - S03E16 - Dragnet.mp4
recycle_bin	g:\TV\Look at Later\Season 3\General Inakappe - S03E17 - Dragnet.mp4
recycle_bin	g:\TV\Look at Later\Season 3\General Inakappe - S03E18 - Dragnet.mp4
recycle_bin	g:\TV\Look at Later\Season 3\General Inakappe - S03E20 - Dragnet.mp4
recycle_bin	g:\TV\Look at Later\Season 3\General Inakappe - S03E21 - Dragnet.mp4
recycle_bin	g:\TV\Look at Later\Season 3\General Inakappe - S03E22 - Dragnet.mp4
recycle_bin	g:\TV\Look at Later\Season 3\General Inakappe - S03E23 - Dragnet.mp4
recycle_bin	g:\TV\Look at Later\Season 3\General Inakappe - S03E24 - Dragnet.mp4
recycle_bin	g:\TV\Look at Later\Season 3\General Inakappe - S03E25 - Dragnet.mp4
recycle_bin	g:\TV\Look at Later\Season 3\General Inakappe - S03E26 - Dragnet.mp4
recycle_bin	g:\TV\Look at Later\Season 4\General Inakappe - S04E01 - Dragnet.mp4
recycle_bin	g:\TV\Look at Later\Season 4\General Inakappe - S04E02 - Dragnet.mp4
recycle_bin	g:\TV\Look at Later\Season 4\General Inakappe - S04E03 - Dragnet.mp4
recycle_bin	g:\TV\Look at Later\Season 4\General Inakappe - S04E04 - Dragnet.mp4
recycle_bin	g:\TV\Look at Later\Season 4\General Inakappe - S04E05 - Dragnet.mp4
recycle_bin	g:\TV\Look at Later\Season 4\General Inakappe - S04E06 - Dragnet.mp4
recycle_bin	g:\TV\Look at Later\Season 4\General Inakappe - S04E07 - Dragnet.mp4
recycle_bin	g:\TV\Look at Later\Season 4\General Inakappe - S04E08 - Dragnet.mp4
recycle_bin	g:\TV\Look at Later\Season 4\General Inakappe - S04E09 - Dragnet.mp4
recycle_bin	g:\TV\Look at Later\Season 4\General Inakappe - S04E10 - Dragnet.mp4
recycle_bin	g:\TV\Look at Later\Season 4\General Inakappe - S04E11 - Dragnet.mp4
recycle_bin	g:\TV\Look at Later\Season 4\General Inakappe - S04E12 - Dragnet.mp4
recycle_bin	g:\TV\Look at Later\Season 4\General Inakappe - S04E13 - Dragnet.mp4
recycle_bin	g:\TV\Look at Later\Season 4\General Inakappe - S04E14 - Dragnet.mp4
recycle_bin	g:\TV\Look at Later\Season 4\General Inakappe - S04E15 - Dragnet.mp4
recycle_bin	g:\TV\Look at Later\Season 4\General Inakappe - S04E16 - Dragnet.mp4
recycle_bin	g:\TV\Look at Later\Season 4\General Inakappe - S04E17 - Dragnet.mp4
recycle_bin	g:\TV\Look at Later\Season 4\General Inakappe - S04E18 - Dragnet.mp4
recycle_bin	g:\TV\Look at Later\Season 4\General Inakappe - S04E19 - Dragnet.mp4
recycle_bin	g:\TV\Look at Later\Season 4\General Inakappe - S04E21 - Dragnet.mp4
recycle_bin	g:\TV\Look at Later\Season 4\General Inakappe - S04E22 - Dragnet.mp4
recycle_bin	g:\TV\Look at Later\Season 4\General Inakappe - S04E23 - Dragnet.mp4
recycle_bin	g:\TV\Look at Later\Season 4\General Inakappe - S04E24 - Dragnet.mp4
recycle_bin	g:\TV\Look at Later\Season 4\General Inakappe - S04E25 - Dragnet.mp4
recycle_bin	g:\TV\Look at Later\Season 2\General Inakappe - S02E08 - Dragon Tales 2x08- A Crown for Princess Kidoodle; Three's a Crowd.avi
recycle_bin	g:\TV\Look at Later\Season 3\General Inakappe - S03E01 - Dragon Tales 3x01 - To Fly with a New Friend.avi
recycle_bin	g:\TV\Look at Later\Season 3\General Inakappe - S03E02 - Dragon Tales 3x02 - Rise and Bloom; Super Snow Day.avi
recycle_bin	g:\TV\Look at Later\Season 3\General Inakappe - S03E07 - Dragon Tales 3x07 - A New Friend; El Dia del Maestro.avi
recycle_bin	g:\TV\Look at Later\Season 3\General Inakappe - S03E14 - Dragon Tales 3x14 - All that Glitters; Dragonberry Drought.avi
recycle_bin	g:\TV\Look at Later\Season 3\General Inakappe - S03E17 - Dragon Tales 3x17 - All Together Now; Team Work.avi
recycle_bin	g:\TV\Look at Later\Season 1\General Inakappe - S01E00 - DuckTales - 100 - Attack of The Metal Mites.mpg
recycle_bin	g:\TV\Look at Later\Season 1\General Inakappe - S01E16 - Episode 16.mpg
recycle_bin	g:\TV\Look at Later\Season 1\General Inakappe - S01E17 - Episode 17.mpg
recycle_bin	g:\TV\Look at Later\Season 1\General Inakappe - S01E18 - Episode 18.mpg
recycle_bin	g:\TV\Look at Later\Season 1\General Inakappe - S01E19 - Episode 19.mpg
recycle_bin	g:\TV\Look at Later\Season 1\General Inakappe - S01E20 - Episode 20.mpg
recycle_bin	g:\TV\Look at Later\Season 1\General Inakappe - S01E21 - Episode 21.mpg
recycle_bin	g:\TV\Look at Later\Season 1\General Inakappe - S01E22 - Episode 22.mpg
recycle_bin	g:\TV\Look at Later\Season 1\General Inakappe - S01E23 - Episode 23.mpg
recycle_bin	g:\TV\Look at Later\Season 1\General Inakappe - S01E24 - Episode 24.mpg
recycle_bin	g:\TV\Look at Later\Season 1\General Inakappe - S01E25 - Episode 25.mpg
recycle_bin	g:\TV\Look at Later\Season 1\General Inakappe - S01E26 - Episode 26.mpg
recycle_bin	g:\TV\Look at Later\Season 1\General Inakappe - S01E27 - Episode 27.mpg
recycle_bin	g:\TV\Look at Later\Season 1\General Inakappe - S01E28 - Episode 28.mpg
recycle_bin	g:\TV\Look at Later\Season 1\General Inakappe - S01E29 - Episode 29.mpg
recycle_bin	g:\TV\Look at Later\Season 1\General Inakappe - S01E30 - Episode 30.mpg
recycle_bin	g:\TV\Look at Later\Season 1\General Inakappe - S01E31 - Episode 31.mpg
recycle_bin	g:\TV\Look at Later\Season 1\General Inakappe - S01E32 - Episode 32.mpg
recycle_bin	g:\TV\Look at Later\Season 1\General Inakappe - S01E33 - Episode 33.mpg
recycle_bin	g:\TV\Look at Later\Season 1\General Inakappe - S01E34 - Episode 34.mpg
recycle_bin	g:\TV\Look at Later\Season 1\General Inakappe - S01E37 - Episode 37.mpg
recycle_bin	g:\TV\Look at Later\Season 1\General Inakappe - S01E38 - Episode 38.mpg
recycle_bin	g:\TV\Look at Later\Season 1\General Inakappe - S01E39 - Episode 39.mpg
recycle_bin	g:\TV\Look at Later\Season 1\General Inakappe - S01E44 - Episode 44.mpg
recycle_bin	g:\TV\Look at Later\Season 1\General Inakappe - S01E49 - Episode 49.mpg
recycle_bin	g:\TV\Look at Later\Season 1\General Inakappe - S01E52 - Episode 52.mpg
recycle_bin	g:\TV\Look at Later\Season 1\General Inakappe - S01E55 - Episode 55.mpg
recycle_bin	g:\TV\Look at Later\Season 1\General Inakappe - S01E57 - Episode 57.mpg
recycle_bin	g:\TV\Look at Later\Season 1\General Inakappe - S01E63 - Episode 63.mpg
recycle_bin	g:\TV\Look at Later\Season 1\General Inakappe - S01E64 - Episode 64.mpg
recycle_bin	g:\TV\Look at Later\Season 2\General Inakappe - S02E01 - DuckTales - s02e001 - 066 - Marking Time (part 1 of 5).mpg
recycle_bin	g:\TV\Look at Later\Season 2\General Inakappe - S02E02 - DuckTales - s02e002 - 067 - The Duck Who Would Be King (part 2 of 5).mpg
recycle_bin	g:\TV\Look at Later\Season 2\General Inakappe - S02E03 - DuckTales - s02e003 - 068 - Bubba Trubba (part 3 of 5).mpg
recycle_bin	g:\TV\Look at Later\Season 2\General Inakappe - S02E04 - DuckTales - s02e004 - 069 - Ducks On The Lam (part 4 of 5).mpg
recycle_bin	g:\TV\Look at Later\Season 2\General Inakappe - S02E05 - DuckTales - s02e005 - 070 - Ali Bubba's Cave (part 5 of 5).mpg
recycle_bin	g:\TV\Look at Later\Season 2\General Inakappe - S02E06 - DuckTales - s02e006 - 071 - Attack Of The Fifty-Foot Webby.mpg
recycle_bin	g:\TV\Look at Later\Season 2\General Inakappe - S02E07 - DuckTales - s02e007 - 072 - Ducky Montain High.mpg
recycle_bin	g:\TV\Look at Later\Season 2\General Inakappe - S02E08 - DuckTales - s02e008 - 073 - Yuppy Ducks.mpg
recycle_bin	g:\TV\Look at Later\Season 2\General Inakappe - S02E09 - DuckTales - s02e009 - 074 - The Bride Wore Stripes.mpg
recycle_bin	g:\TV\Look at Later\Season 2\General Inakappe - S02E10 - DuckTales - s02e010 - 075 - Bubbeo And Juliet.mpg
recycle_bin	g:\TV\Look at Later\General Inakappe - S00E65 - DuckTales - 065 - The Uncrashable Hindentanic (fixed).mpg
recycle_bin	g:\TV\Look at Later\General Inakappe - S00E76 - DuckTales - 076 - The Good Muddahs.mpg
recycle_bin	g:\TV\Look at Later\General Inakappe - S00E77 - DuckTales - 077 - Bubba's Big Brainstorm.mpg
recycle_bin	g:\TV\Look at Later\General Inakappe - S00E78 - DuckTales - 078 - Beaglemania.avi
recycle_bin	g:\TV\Look at Later\General Inakappe - S00E79 - DuckTales - 079 - The Golden Goose (part 1 of 2).mpg
recycle_bin	g:\TV\Look at Later\General Inakappe - S00E80 - DuckTales - 080 - The Golden Goose (part 2 of 2).mpg
recycle_bin	g:\TV\Look at Later\General Inakappe - S00E81 - DuckTales - 081 - Liquid Assets (part1 of 5).mpg
recycle_bin	g:\TV\Look at Later\General Inakappe - S00E82 - DuckTales - 082 - Frozen Assets (part 2 of 5).mpg
recycle_bin	g:\TV\Look at Later\General Inakappe - S00E83 - DuckTales - 083 - Full Metal Duck (part 3 of 5).mpg
recycle_bin	g:\TV\Look at Later\General Inakappe - S00E84 - DuckTales - 084 - The Billionaire Beagle Boys Club (part 4 of 5).mpg
recycle_bin	g:\TV\Look at Later\General Inakappe - S00E85 - DuckTales - 085 - Money To Burn (part 5 of 5).mpg
recycle_bin	g:\TV\Look at Later\General Inakappe - S00E86 - DuckTales - 086 - Metal Attraction.mpg
recycle_bin	g:\TV\Look at Later\General Inakappe - S00E87 - DuckTales - 087 - A Case Of Mistaken Secret Identity.mpg
recycle_bin	g:\TV\Look at Later\General Inakappe - S00E88 - DuckTales - 088 - New Gizmo Kids On The Block.mpg
recycle_bin	g:\TV\Look at Later\General Inakappe - S00E89 - DuckTales - 089 - The Unbreakable Bin.mpg
recycle_bin	g:\TV\Look at Later\General Inakappe - S00E90 - DuckTales - 090 - Dough Ray Me.mpg
recycle_bin	g:\TV\Look at Later\General Inakappe - S00E91 - DuckTales - 091 - The Masked Mallard.mpg
recycle_bin	g:\TV\Look at Later\General Inakappe - S00E92 - DuckTales - 092 - Scrooge's Last Adventure.mpg
recycle_bin	g:\TV\Look at Later\General Inakappe - S00E93 - DuckTales - 093 - A Ducktales Valentine.mpg
recycle_bin	g:\TV\Look at Later\General Inakappe - S00E94 - DuckTales - 094 - Blue Collar Scrooge.mpg
recycle_bin	g:\TV\Look at Later\General Inakappe - S00E95 - DuckTales - 095 - Allowance Day.mpg
recycle_bin	g:\TV\Look at Later\General Inakappe - S00E96 - DuckTales - 096 - Land of Trala La.mpg
recycle_bin	g:\TV\Look at Later\General Inakappe - S00E97 - DuckTales - 097 - My Mother The Psychic.mpg
recycle_bin	g:\TV\Look at Later\General Inakappe - S00E98 - DuckTales - 098 - The Big Flub.mpg
recycle_bin	g:\TV\Look at Later\General Inakappe - S00E99 - DuckTales - 099 - The Duck Who Knew Too Much.mpg
recycle_bin	g:\TV\Look at Later\Season 2\General Inakappe - S02E01 - Early Edition 2x01 - Home.avi
recycle_bin	g:\TV\Look at Later\Season 2\General Inakappe - S02E04 - Early Edition 2x04 - Jenny Sloan.avi
recycle_bin	g:\TV\Look at Later\Season 2\General Inakappe - S02E05 - Early Edition 2x05 - Downsized.avi
recycle_bin	g:\TV\Look at Later\Season 2\General Inakappe - S02E06 - Early Edition 2x06 - Angels And Devils.avi
recycle_bin	g:\TV\Look at Later\Season 2\General Inakappe - S02E07 - Early Edition 2x07 - Redfellas.avi
recycle_bin	g:\TV\Look at Later\Season 2\General Inakappe - S02E08 - Early Edition 2x08 - March In Time.avi
recycle_bin	g:\TV\Look at Later\Season 2\General Inakappe - S02E09 - Early Edition 2x09 - A Regular Joe.avi
recycle_bin	g:\TV\Look at Later\Season 2\General Inakappe - S02E10 - Early Edition 2x10 - A Bris Is Just A Bris.avi
recycle_bin	g:\TV\Look at Later\Season 2\General Inakappe - S02E11 - Early Edition 2x11 - A Minor Miracle Enigel.avi
recycle_bin	g:\TV\Look at Later\Season 2\General Inakappe - S02E12 - Early Edition 2x12 - Romancing The Throne.avi
recycle_bin	g:\TV\Look at Later\Season 2\General Inakappe - S02E13 - Early Edition 2x13 - Walk, Don't Run.avi
recycle_bin	g:\TV\Look at Later\Season 2\General Inakappe - S02E14 - Early Edition 2x14 - The Return Of Crumb.avi
recycle_bin	g:\TV\Look at Later\Season 2\General Inakappe - S02E15 - Early Edition 2x15 - Mum's The Word.avi
recycle_bin	g:\TV\Look at Later\Season 2\General Inakappe - S02E16 - Early Edition 2x16 - Where Or When.avi
recycle_bin	g:\TV\Look at Later\Season 2\General Inakappe - S02E17 - Early Edition 2x17 - The Fourth Carpathian.avi
recycle_bin	g:\TV\Look at Later\Season 2\General Inakappe - S02E18 - Early Edition 2x18 - The Quality Of Mercy.avi
recycle_bin	g:\TV\Look at Later\Season 2\General Inakappe - S02E19 - Early Edition 2x19 - Show Me The Monet.avi
recycle_bin	g:\TV\Look at Later\Season 2\General Inakappe - S02E20 - Early Edition 2x20 - Don't Walk Away, Renee.avi
recycle_bin	g:\TV\Look at Later\Season 2\General Inakappe - S02E21 - Early Edition 2x21 - Hot Time In The Old Town.avi
recycle_bin	g:\TV\Look at Later\Season 2\General Inakappe - S02E22 - Early Edition 2x22 - Second Sight.avi
recycle_bin	g:\TV\Look at Later\Season 3\General Inakappe - S03E01 - Early Edition 3x01 - Blackout.avi
recycle_bin	g:\TV\Look at Later\Season 3\General Inakappe - S03E02 - Early Edition 3x02 - Collision.avi
recycle_bin	g:\TV\Look at Later\Season 3\General Inakappe - S03E03 - Early Edition 3x03 - A Horse Is A Horse.avi
recycle_bin	g:\TV\Look at Later\Season 3\General Inakappe - S03E04 - Early Edition 3x04 - Lt Hobson, Usn.avi
recycle_bin	g:\TV\Look at Later\Season 3\General Inakappe - S03E05 - Early Edition 3x05 - Saint Nick.avi
recycle_bin	g:\TV\Look at Later\Season 3\General Inakappe - S03E06 - Early Edition 3x06 - Halloween.avi
recycle_bin	g:\TV\Look at Later\Season 3\General Inakappe - S03E07 - Early Edition 3x07 - Up Chuck.avi
recycle_bin	g:\TV\Look at Later\Season 3\General Inakappe - S03E08 - Early Edition 3x08 - Deadline.avi
recycle_bin	g:\TV\Look at Later\Season 3\General Inakappe - S03E09 - Early Edition 3x09 - In Gary We Trust.avi
recycle_bin	g:\TV\Look at Later\Season 3\General Inakappe - S03E10 - Early Edition 3x10 - Nest Egg.avi
recycle_bin	g:\TV\Look at Later\Season 3\General Inakappe - S03E11 - Early Edition 3x11 - Teen Angels.avi
recycle_bin	g:\TV\Look at Later\Season 3\General Inakappe - S03E12 - Early Edition 3x12 - Slippity-Doo-Dah.avi
recycle_bin	g:\TV\Look at Later\Season 3\General Inakappe - S03E13 - Early Edition 3x13 - The Last Untouchable.avi
recycle_bin	g:\TV\Look at Later\Season 3\General Inakappe - S03E14 - Early Edition 3x14 - Just One Of Those Things.avi
recycle_bin	g:\TV\Look at Later\Season 3\General Inakappe - S03E15 - Early Edition 3x15 - Funny Valentine.avi
recycle_bin	g:\TV\Look at Later\Season 3\General Inakappe - S03E16 - Early Edition 3x16 - Number One With A Bullet.avi
recycle_bin	g:\TV\Look at Later\Season 3\General Inakappe - S03E17 - Early Edition 3x17 - Two To Tangle.avi
recycle_bin	g:\TV\Look at Later\Season 3\General Inakappe - S03E18 - Early Edition 3x18 - Fate.avi
recycle_bin	g:\TV\Look at Later\Season 3\General Inakappe - S03E19 - Early Edition 3x19 - Crumb Again.avi
recycle_bin	g:\TV\Look at Later\Season 3\General Inakappe - S03E20 - Early Edition 3x20 - Pinch Hitters.avi
recycle_bin	g:\TV\Look at Later\Season 3\General Inakappe - S03E21 - Early Edition 3x21 - Home Groan.avi
recycle_bin	g:\TV\Look at Later\Season 3\General Inakappe - S03E22 - Early Edition 3x22 - Play It Again Sammo.avi
recycle_bin	g:\TV\Look at Later\Season 3\General Inakappe - S03E23 - Early Edition 3x23 - Blowing Up Is Hard To Do.avi
recycle_bin	g:\TV\Look at Later\Season 4\General Inakappe - S04E01 - Early Edition 4x01 - The Out-Of-Towner.avi
recycle_bin	g:\TV\Look at Later\Season 4\General Inakappe - S04E02 - Early Edition 4x02 - Duck Day Afternoon.avi
recycle_bin	g:\TV\Look at Later\Season 4\General Inakappe - S04E03 - Early Edition 4x03 - Take Me Out To The Ballgame.avi
recycle_bin	g:\TV\Look at Later\Season 4\General Inakappe - S04E04 - Early Edition 4x04 - The Iceman Taketh.avi
recycle_bin	g:\TV\Look at Later\Season 4\General Inakappe - S04E05 - Early Edition 4x05 - Camera Shy.avi
recycle_bin	g:\TV\Look at Later\Season 4\General Inakappe - S04E06 - Early Edition 4x06 - Wild Card.avi
recycle_bin	g:\TV\Look at Later\Season 4\General Inakappe - S04E07 - Early Edition 4x07 - Fatal Edition (Part 1).avi
recycle_bin	g:\TV\Look at Later\Season 4\General Inakappe - S04E08 - Early Edition 4x08 - Fatal Edition (Part 2).avi
recycle_bin	g:\TV\Look at Later\Season 4\General Inakappe - S04E09 - Early Edition 4x09 - Weathergirl.avi
recycle_bin	g:\TV\Look at Later\Season 4\General Inakappe - S04E10 - Early Edition 4x10 - Run, Gary, Run.avi
recycle_bin	g:\TV\Look at Later\Season 4\General Inakappe - S04E11 - Early Edition 4x11 - Rose.avi
recycle_bin	g:\TV\Look at Later\Season 4\General Inakappe - S04E12 - Early Edition 4x12 - Snow Angels.avi
recycle_bin	g:\TV\Look at Later\Season 4\General Inakappe - S04E13 - Early Edition 4x13 - Gifted.avi
recycle_bin	g:\TV\Look at Later\Season 4\General Inakappe - S04E14 - Early Edition 4x14 - Performance Anxiety.avi
recycle_bin	g:\TV\Look at Later\Season 4\General Inakappe - S04E15 - Early Edition 4x15 - False Witness.avi
recycle_bin	g:\TV\Look at Later\Season 4\General Inakappe - S04E16 - Early Edition 4x16 - The Play's The Thing.avi
recycle_bin	g:\TV\Look at Later\Season 4\General Inakappe - S04E17 - Early Edition 4x17 - Blind Faith.avi
recycle_bin	g:\TV\Look at Later\Season 4\General Inakappe - S04E18 - Early Edition 4x18 - Occasionally Amber.avi
recycle_bin	g:\TV\Look at Later\Season 4\General Inakappe - S04E19 - Early Edition 4x19 - Mel Schwartz, Bounty Hunter.avi
recycle_bin	g:\TV\Look at Later\Season 4\General Inakappe - S04E20 - Early Edition 4x20 - Time.avi
recycle_bin	g:\TV\Look at Later\Season 4\General Inakappe - S04E21 - Early Edition 4x21 - Everybody Goes To Rick's.avi
recycle_bin	g:\TV\Look at Later\Season 4\General Inakappe - S04E22 - Early Edition 4x22 - Luck.o' The Irish.avi
recycle_bin	g:\TV\Look at Later\Season 2\General Inakappe - S02E01 - Ever After High - S02E01 - Blondie's Just Right.mp4
recycle_bin	g:\TV\Look at Later\Season 2\General Inakappe - S02E02 - Ever After High - S02E02 - True Hearts Day,.mp4
recycle_bin	g:\TV\Look at Later\Season 2\General Inakappe - S02E03 - Ever After High - S02E03 - True Hearts Day, Part 3.mp4
recycle_bin	g:\TV\Look at Later\Season 2\General Inakappe - S02E05 - Ever After High - S02E05 - Class Confusion.mp4
recycle_bin	g:\TV\Look at Later\General Inakappe - S00E01 - Ever After High - S00E01 - The World of Ever After High.mp4
recycle_bin	g:\TV\Look at Later\General Inakappe - S00E02 - Ever After High - S00E02 - Raven's Tale, The Story of a Rebel.mp4
recycle_bin	g:\TV\Look at Later\General Inakappe - S00E03 - Ever After High - S00E03 - Apple's Tale, The Story of a Royal.mp4
recycle_bin	g:\TV\Look at Later\General Inakappe - S00E04 - Ever After High - S00E04 - The Tale of Legacy Day.mp4
recycle_bin	g:\TV\Look at Later\Season 2\General Inakappe - S02E06 - every.witch.way.s02e06.mp4
recycle_bin	g:\TV\Look at Later\Season 2\General Inakappe - S02E07 - every.witch.way.s02e07.mp4
recycle_bin	g:\TV\Look at Later\Season 2\General Inakappe - S02E12 - every.witch.way.s02e12.mp4
recycle_bin	g:\TV\Look at Later\Season 2\General Inakappe - S02E20 - every.witch.way.s02e20.mkv
recycle_bin	g:\TV\Look at Later\Season 2\General Inakappe - S02E01 - Family Guy - 201 - Peter Peter Caviar Eater.avi
recycle_bin	g:\TV\Look at Later\Season 2\General Inakappe - S02E02 - Family Guy - 202 - Holy Crap.avi
recycle_bin	g:\TV\Look at Later\Season 2\General Inakappe - S02E03 - Family Guy - 203 - Da Boom.avi
recycle_bin	g:\TV\Look at Later\Season 2\General Inakappe - S02E04 - Family Guy - 204 - Brian in Love.avi
recycle_bin	g:\TV\Look at Later\Season 2\General Inakappe - S02E05 - Family Guy - 205 - Love Thy Trophy.avi
recycle_bin	g:\TV\Look at Later\Season 2\General Inakappe - S02E06 - Family Guy - 206 - Death is a Bitch.avi
recycle_bin	g:\TV\Look at Later\Season 2\General Inakappe - S02E07 - Family Guy - 207 - The King is Dead.avi
recycle_bin	g:\TV\Look at Later\Season 2\General Inakappe - S02E08 - Family Guy - 208 - I am Peter, Hear Me Roar.avi
recycle_bin	g:\TV\Look at Later\Season 2\General Inakappe - S02E09 - Family Guy - 209 - If I'm Dyin', I'm Lyin'.avi
recycle_bin	g:\TV\Look at Later\Season 2\General Inakappe - S02E10 - Family Guy - 210 - Running Mates.avi
recycle_bin	g:\TV\Look at Later\Season 2\General Inakappe - S02E11 - Family Guy - 211 - A Picture's Worth a Thousand Bucks.avi
recycle_bin	g:\TV\Look at Later\Season 2\General Inakappe - S02E12 - Family Guy - 212 - Fifteen Minutes of Shame.avi
recycle_bin	g:\TV\Look at Later\Season 2\General Inakappe - S02E13 - Family Guy - 213 - Road to Rhode Island.avi
recycle_bin	g:\TV\Look at Later\Season 2\General Inakappe - S02E14 - Family Guy - 214 - Let's go to the Hop.avi
recycle_bin	g:\TV\Look at Later\Season 2\General Inakappe - S02E15 - Family Guy - 215 - Dammit, Janet.avi
recycle_bin	g:\TV\Look at Later\Season 2\General Inakappe - S02E16 - Family Guy - 216 - There's Something about Paulie.avi
recycle_bin	g:\TV\Look at Later\Season 2\General Inakappe - S02E17 - Family Guy - 217 - He's Too Sexy for His Fat.avi
recycle_bin	g:\TV\Look at Later\Season 2\General Inakappe - S02E18 - Family Guy - 218 - E. Peterbus Enum.avi
recycle_bin	g:\TV\Look at Later\Season 2\General Inakappe - S02E19 - Family Guy - 219 - The Story on Page One.avi
recycle_bin	g:\TV\Look at Later\Season 2\General Inakappe - S02E20 - Family Guy - 220 - Wasted Talent.avi
recycle_bin	g:\TV\Look at Later\Season 2\General Inakappe - S02E21 - Family Guy - 221 - Fore Father.avi
recycle_bin	g:\TV\Look at Later\Season 3\General Inakappe - S03E01 - Family Guy - 301 - The Thin White Line.avi
recycle_bin	g:\TV\Look at Later\Season 3\General Inakappe - S03E02 - Family Guy - 302 - Brian Does Hollywood.avi
recycle_bin	g:\TV\Look at Later\Season 3\General Inakappe - S03E03 - Family Guy - 303 - Mr. Griffin Goes to Washington.avi
recycle_bin	g:\TV\Look at Later\Season 3\General Inakappe - S03E04 - Family Guy - 304 - One if by Clam, Two if by Sea.avi
recycle_bin	g:\TV\Look at Later\Season 3\General Inakappe - S03E09 - Family Guy - 309 - Mr. Saturday Knight.avi
recycle_bin	g:\TV\Look at Later\Season 3\General Inakappe - S03E10 - Family Guy - 310 - A Fish Out of Water.avi
recycle_bin	g:\TV\Look at Later\Season 3\General Inakappe - S03E11 - Family Guy - 311 - Emission Impossible.avi
recycle_bin	g:\TV\Look at Later\Season 3\General Inakappe - S03E12 - Family Guy - 312 - To Live and Die in Dixie.avi
recycle_bin	g:\TV\Look at Later\Season 3\General Inakappe - S03E13 - Family Guy - 313 - Screwed the Pooch.avi
recycle_bin	g:\TV\Look at Later\Season 3\General Inakappe - S03E14 - Family Guy - 314 - Peter Griffin, Husband, Father...Brother.avi
recycle_bin	g:\TV\Look at Later\Season 3\General Inakappe - S03E15 - Family Guy - 315 - Ready, Willing, and Disabled.avi
recycle_bin	g:\TV\Look at Later\Season 3\General Inakappe - S03E16 - Family Guy - 316 - A Very Special Family Guy Freakin' Christmas.avi
recycle_bin	g:\TV\Look at Later\Season 3\General Inakappe - S03E17 - Family Guy - 317 - Brian Wallows and Peter's Swallows.avi
recycle_bin	g:\TV\Look at Later\Season 3\General Inakappe - S03E18 - Family Guy - 318 - From Method to Madness.avi
recycle_bin	g:\TV\Look at Later\Season 3\General Inakappe - S03E19 - Family Guy - 319 - Stuck Together, Torn Apart.avi
recycle_bin	g:\TV\Look at Later\Season 3\General Inakappe - S03E20 - Family Guy - 320 - European Road Show.avi
recycle_bin	g:\TV\Look at Later\Season 3\General Inakappe - S03E21 - Family Guy - 321 - Family Guy Viewer Mail #1.avi
recycle_bin	g:\TV\Look at Later\Season 3\General Inakappe - S03E22 - Family Guy - 322 - When you Wish Upon a Weinstein.avi
recycle_bin	g:\TV\Look at Later\Season 4\General Inakappe - S04E01 - Family Guy - 401 - North By North Quahog.avi
recycle_bin	g:\TV\Look at Later\Season 4\General Inakappe - S04E02 - Family Guy - 402 - Fast Times At Buddy Cianci Jr. high.avi
recycle_bin	g:\TV\Look at Later\Season 4\General Inakappe - S04E03 - Family Guy - 403 - Blind Ambition.avi
recycle_bin	g:\TV\Look at Later\Season 4\General Inakappe - S04E04 - Family Guy - 404 - Don't Make Me Over.avi
recycle_bin	g:\TV\Look at Later\Season 4\General Inakappe - S04E05 - Family Guy - 405 - The Cleveland-Loretta Quagmire.avi
recycle_bin	g:\TV\Look at Later\Season 4\General Inakappe - S04E06 - Family Guy - 406 - Petarded.avi
recycle_bin	g:\TV\Look at Later\Season 4\General Inakappe - S04E07 - Family Guy - 407 - Brian The Bachelor.avi
recycle_bin	g:\TV\Look at Later\Season 4\General Inakappe - S04E08 - Family Guy - 408 - Eight Simple rules For Buying My Teenage Daughter.avi
recycle_bin	g:\TV\Look at Later\Season 4\General Inakappe - S04E09 - Family Guy - 409 - Breaking Out Is Hard To Do.avi
recycle_bin	g:\TV\Look at Later\Season 4\General Inakappe - S04E10 - Family Guy - 410 - Model Misbehavior.avi
recycle_bin	g:\TV\Look at Later\Season 4\General Inakappe - S04E11 - Family Guy - 411 - Peter's Got Woods.avi
recycle_bin	g:\TV\Look at Later\Season 4\General Inakappe - S04E12 - Family Guy - 412 - Perfect Castaway.avi
recycle_bin	g:\TV\Look at Later\Season 4\General Inakappe - S04E13 - Family Guy - 413 - Jungle Love.avi
recycle_bin	g:\TV\Look at Later\Season 4\General Inakappe - S04E14 - Family Guy - 414 - PTV.avi
recycle_bin	g:\TV\Look at Later\Season 4\General Inakappe - S04E15 - Family Guy - 415 - Brian Goes Back To College.avi
recycle_bin	g:\TV\Look at Later\Season 4\General Inakappe - S04E16 - Family Guy - 416 - The Courtship of Stewie's Father.avi
recycle_bin	g:\TV\Look at Later\Season 4\General Inakappe - S04E17 - Family Guy - 417 - Fat Guy Strangler.avi
recycle_bin	g:\TV\Look at Later\Season 4\General Inakappe - S04E18 - Family Guy - 418 - The Father, The Son, and the Holy Fonz.avi
recycle_bin	g:\TV\Look at Later\Season 4\General Inakappe - S04E19 - Family Guy - 419 - Brian Sings adn Swings.avi
recycle_bin	g:\TV\Look at Later\Season 4\General Inakappe - S04E20 - Family Guy - 420 - Patriot Games.avi
recycle_bin	g:\TV\Look at Later\Season 4\General Inakappe - S04E21 - Family Guy - 421 - I Take Thee Quagmire.avi
recycle_bin	g:\TV\Look at Later\Season 4\General Inakappe - S04E22 - Family Guy - 422 - Sibling Rivalry.avi
recycle_bin	g:\TV\Look at Later\Season 4\General Inakappe - S04E23 - Family Guy - 423 - Deep Throats.avi
recycle_bin	g:\TV\Look at Later\Season 4\General Inakappe - S04E24 - Family Guy - 424 - Peterotica.avi
recycle_bin	g:\TV\Look at Later\Season 4\General Inakappe - S04E25 - Family Guy - 425 - You May Now Kiss The...Uh...Guy Who Receives.avi
recycle_bin	g:\TV\Look at Later\Season 4\General Inakappe - S04E26 - Family Guy - 426 - Petergeist.avi
recycle_bin	g:\TV\Look at Later\Season 4\General Inakappe - S04E27 - Family Guy - 427 - Untitled Griffin Family History.avi
recycle_bin	g:\TV\Look at Later\Season 5\General Inakappe - S05E01 - Family Guy S05E01 - Blue Harvest pts 1 and 2 (The Star Wars Episode) - (TVRIP.avi
recycle_bin	g:\TV\Look at Later\Season 6\General Inakappe - S06E01 - Family Guy - 601 - Blue Harvest.avi
recycle_bin	g:\TV\Look at Later\Season 5\General Inakappe - S05E02 - Family Guy - 502 - Mother Tucker.avi
recycle_bin	g:\TV\Look at Later\Season 5\General Inakappe - S05E03 - Family Guy - 503 - Hell Comes To Quahog.avi
recycle_bin	g:\TV\Look at Later\Season 5\General Inakappe - S05E04 - Family Guy - 504 - Saving Private Brian.avi
recycle_bin	g:\TV\Look at Later\Season 5\General Inakappe - S05E05 - Family Guy - 505 - Whistle While Your Wife Works.avi
recycle_bin	g:\TV\Look at Later\Season 5\General Inakappe - S05E06 - Family Guy - 506 - Prick Up Your Ears.avi
recycle_bin	g:\TV\Look at Later\Season 5\General Inakappe - S05E07 - Family Guy - 507 - Chick Cancer.avi
recycle_bin	g:\TV\Look at Later\Season 5\General Inakappe - S05E08 - Family Guy - 508 - Barely Legal.avi
recycle_bin	g:\TV\Look at Later\Season 5\General Inakappe - S05E09 - Family Guy - 509 - Road To Rupert.avi
recycle_bin	g:\TV\Look at Later\Season 5\General Inakappe - S05E10 - Family Guy - 510 - Peter's Two Dads.avi
recycle_bin	g:\TV\Look at Later\Season 5\General Inakappe - S05E11 - Family Guy - 511 - The Tan Aquatic with Steve Zissou.avi
recycle_bin	g:\TV\Look at Later\Season 5\General Inakappe - S05E12 - Family Guy - 512 - Airport '07.avi
recycle_bin	g:\TV\Look at Later\Season 5\General Inakappe - S05E13 - Family Guy - 513 - Bill And Peter's Bogus Journey.avi
recycle_bin	g:\TV\Look at Later\Season 5\General Inakappe - S05E14 - Family Guy - 514 - No Meals On Wheels.avi
recycle_bin	g:\TV\Look at Later\Season 5\General Inakappe - S05E15 - Family Guy - 515 - Boys Do Cry.avi
recycle_bin	g:\TV\Look at Later\Season 5\General Inakappe - S05E16 - Family Guy - 516 - No Chris Left Behind.avi
recycle_bin	g:\TV\Look at Later\Season 5\General Inakappe - S05E17 - Family Guy - 517 - It Takes a Village Idiot, and I Married One.avi
recycle_bin	g:\TV\Look at Later\Season 5\General Inakappe - S05E18 - Family Guy - 518 - Meet The Quagmires.avi
recycle_bin	g:\TV\Look at Later\Season 6\General Inakappe - S06E02 - Family Guy - 602 - Movin' Out (Brian's Song).avi
recycle_bin	g:\TV\Look at Later\Season 6\General Inakappe - S06E03 - Family Guy - 603 - Believe It or Not, Joe's Walking on Air.avi
recycle_bin	g:\TV\Look at Later\Season 6\General Inakappe - S06E04 - Family Guy - 604 - The Family Guy 100th Episode Special.avi
recycle_bin	g:\TV\Look at Later\Season 6\General Inakappe - S06E05 - Family Guy - 605 - Stewie Kills Lois.avi
recycle_bin	g:\TV\Look at Later\Season 6\General Inakappe - S06E06 - Family Guy - 606 - Lois Kills Stewie.avi
recycle_bin	g:\TV\Look at Later\Season 6\General Inakappe - S06E07 - Family Guy - 607 - Padre De Familia.avi
recycle_bin	g:\TV\Look at Later\Season 6\General Inakappe - S06E08 - Family Guy - 608 - McStroke.avi
recycle_bin	g:\TV\Look at Later\Season 6\General Inakappe - S06E09 - Family Guy - 609 - Back to the Woods.avi
recycle_bin	g:\TV\Look at Later\Season 6\General Inakappe - S06E10 - Family Guy - 610 - Play it Again, Brian.avi
recycle_bin	g:\TV\Look at Later\Season 6\General Inakappe - S06E11 - Family Guy - 611 - The Former Life of Brian.avi
recycle_bin	g:\TV\Look at Later\Season 6\General Inakappe - S06E12 - Family Guy - 612 - Long John Peter.avi
recycle_bin	g:\TV\Look at Later\Season 6\General Inakappe - S06E07 - Family Guy - 607 - Peter's Daughter.avi
recycle_bin	g:\TV\Look at Later\Season 7\General Inakappe - S07E01 - Family Guy - 701 - Love Blacktually.avi
recycle_bin	g:\TV\Look at Later\Season 7\General Inakappe - S07E02 - Family Guy - 702 - I Dream Of Jesus.avi
recycle_bin	g:\TV\Look at Later\Season 7\General Inakappe - S07E03 - Family Guy - 703 - Road To Germany.avi
recycle_bin	g:\TV\Look at Later\Season 7\General Inakappe - S07E04 - Family Guy - 704 - Baby Not On Board.mp4
recycle_bin	g:\TV\Look at Later\Season 7\General Inakappe - S07E05 - Family Guy - 705 - The Man with Two Brians.mp4
recycle_bin	g:\TV\Look at Later\Season 7\General Inakappe - S07E06 - Family Guy - 706 - Tales of a Third Grade Nothing.mp4
recycle_bin	g:\TV\Look at Later\Season 7\General Inakappe - S07E07 - Family Guy - 707 - Ocean's Three and a Half.avi
recycle_bin	g:\TV\Look at Later\Season 7\General Inakappe - S07E08 - Family Guy - 708 - Family Gay.avi
recycle_bin	g:\TV\Look at Later\Season 7\General Inakappe - S07E09 - Family Guy - 709 - The Juice Is Loose.avi
recycle_bin	g:\TV\Look at Later\Season 7\General Inakappe - S07E10 - family Guy - 710 - Fox-y Lady.avi
recycle_bin	g:\TV\Look at Later\Season 7\General Inakappe - S07E11 - Family Guy - 711 - Not All Dogs Go To Heavan.avi
recycle_bin	g:\TV\Look at Later\Season 7\General Inakappe - S07E13 - Family Guy - 713 - Stew-roids.avi
recycle_bin	g:\TV\Look at Later\Season 7\General Inakappe - S07E14 - Family Guy - 714 - We Love You Conrad.avi
recycle_bin	g:\TV\Look at Later\Season 7\General Inakappe - S07E15 - Family Guy - 715 - Three Kings.avi
recycle_bin	g:\TV\Look at Later\Season 7\General Inakappe - S07E16 - Family Guy - 716 - Peter's Progress.avi
recycle_bin	g:\TV\Look at Later\Season 4\General Inakappe - S04E20 - Family Guy - 712.avi
recycle_bin	g:\TV\Look at Later\Season 8\General Inakappe - S08E01 - Family Guy - 801 - Road to the Multiverse.avi
recycle_bin	g:\TV\Look at Later\Season 8\General Inakappe - S08E02 - Family Guy - 802 - Family Goy.avi
recycle_bin	g:\TV\Look at Later\Season 8\General Inakappe - S08E03 - Family Guy - 803 - Spies Remeniscent of Us.avi
recycle_bin	g:\TV\Look at Later\Season 8\General Inakappe - S08E04 - Family Guy - 804 - Brians Got a Brand New Bag.avi
recycle_bin	g:\TV\Look at Later\Season 8\General Inakappe - S08E05 - Family Guy - 805 - Hannah Banana.avi
recycle_bin	g:\TV\Look at Later\Season 8\General Inakappe - S08E06 - Family Guy - 806 - Quagmires Baby.avi
recycle_bin	g:\TV\Look at Later\Season 8\General Inakappe - S08E07 - Family Guy - 807 - Jerome is the New Black.avi
recycle_bin	g:\TV\Look at Later\Season 8\General Inakappe - S08E08 - Family Guy - 808 - Dog Gone.avi
recycle_bin	g:\TV\Look at Later\Season 8\General Inakappe - S08E09 - Family Guy - 809 - Business Guy.avi
recycle_bin	g:\TV\Look at Later\Season 8\General Inakappe - S08E10 - Family Guy - 810 - Big Man on Hippocampus.avi
recycle_bin	g:\TV\Look at Later\Season 8\General Inakappe - S08E11 - Family Guy - 811 - Dial Meg for Murder.avi
recycle_bin	g:\TV\Look at Later\Season 8\General Inakappe - S08E12 - Family Guy - 812 - Extra Large Medium.avi
recycle_bin	g:\TV\Look at Later\Season 8\General Inakappe - S08E13 - Family Guy - 813 - Go, Stewie, Go!.avi
recycle_bin	g:\TV\Look at Later\Season 8\General Inakappe - S08E14 - Family Guy - 814 - Peter-assment.avi
recycle_bin	g:\TV\Look at Later\Season 8\General Inakappe - S08E15 - Family Guy - 815 - Brian Griffin's House of Payne.avi
recycle_bin	g:\TV\Look at Later\Season 8\General Inakappe - S08E16 - Family Guy - 816 - April In Quahog.avi
recycle_bin	g:\TV\Look at Later\Season 8\General Inakappe - S08E17 - Family Guy - 817 - Brian And Stewie.avi
recycle_bin	g:\TV\Look at Later\Season 8\General Inakappe - S08E18 - Family Guy - 818 - Quagmire's Dad.avi
recycle_bin	g:\TV\Look at Later\Season 8\General Inakappe - S08E19 - Family Guy - 819 - The Splendid Source.avi
recycle_bin	g:\TV\Look at Later\Season 8\General Inakappe - S08E20 - Family Guy - 820 - Something Something Something Dark Side.avi
recycle_bin	g:\TV\Look at Later\Season 8\General Inakappe - S08E21 - Family Guy - 821 - Partial Terms of Endearment.avi
recycle_bin	g:\TV\Look at Later\Season 2\General Inakappe - S02E01 - Family Matters - 2x01 - Rachel's Place.avi
recycle_bin	g:\TV\Look at Later\Season 2\General Inakappe - S02E02 - Family Matters - 2x02 - Torn Between Two Lovers.avi
recycle_bin	g:\TV\Look at Later\Season 2\General Inakappe - S02E03 - Family Matters - 2x03 - Marriage 101.avi
recycle_bin	g:\TV\Look at Later\Season 2\General Inakappe - S02E04 - Family Matters - 2x04 - Flashpants.avi
recycle_bin	g:\TV\Look at Later\Season 2\General Inakappe - S02E05 - Family Matters - 2x05 - The Crash Course.avi
recycle_bin	g:\TV\Look at Later\Season 2\General Inakappe - S02E06 - Family Matters - 2x06 - Boxcar Blues.avi
recycle_bin	g:\TV\Look at Later\Season 2\General Inakappe - S02E07 - Family Matters - 2x07 - Dog Day Halloween (TV.avi
recycle_bin	g:\TV\Look at Later\Season 2\General Inakappe - S02E08 - Family Matters - 2x08 - Cousin Urkel.avi
recycle_bin	g:\TV\Look at Later\Season 2\General Inakappe - S02E09 - Family Matters - 2x09 - Dedicated to the One I Love.avi
recycle_bin	g:\TV\Look at Later\Season 2\General Inakappe - S02E10 - Family Matters - 2x10 - The Science Project.avi
recycle_bin	g:\TV\Look at Later\Season 2\General Inakappe - S02E11 - Family Matters - 2x11 - Requiem for an Urkel.avi
recycle_bin	g:\TV\Look at Later\Season 2\General Inakappe - S02E12 - Family Matters - 2x12 - Fast Eddie Winslow.avi
recycle_bin	g:\TV\Look at Later\Season 2\General Inakappe - S02E13 - Family Matters - 2x13 - Have Yourself a Very Winslow Christmas (TV.avi
recycle_bin	g:\TV\Look at Later\Season 2\General Inakappe - S02E14 - Family Matters - 2x14 - Ice Station Winslow.avi
recycle_bin	g:\TV\Look at Later\Season 2\General Inakappe - S02E15 - Family Matters - 2x15 - Son.avi
recycle_bin	g:\TV\Look at Later\Season 2\General Inakappe - S02E16 - Family Matters - 2x16 - Do the Right Thing.avi
recycle_bin	g:\TV\Look at Later\Season 2\General Inakappe - S02E17 - Family Matters - 2x17 - High Hopes.avi
recycle_bin	g:\TV\Look at Later\Season 2\General Inakappe - S02E19 - Family Matters - 2x19 - Busted (TV.avi
recycle_bin	g:\TV\Look at Later\Season 2\General Inakappe - S02E20 - Family Matters - 2x20 - Fight the Good Fight (OUT OF SYNC) (TV.avi
recycle_bin	g:\TV\Look at Later\Season 2\General Inakappe - S02E21 - Family Matters - 2x21 - Taking Credit(TV.avi
recycle_bin	g:\TV\Look at Later\Season 2\General Inakappe - S02E22 - Family Matters - 2x22 - Finding the Words (TV.avi
recycle_bin	g:\TV\Look at Later\Season 2\General Inakappe - S02E23 - Family Matters - 2x23 - Skip to My Lieu (TV.avi
recycle_bin	g:\TV\Look at Later\Season 2\General Inakappe - S02E24 - Family Matters - 2x24 - The Good, The Bad and the Urkel (TV.avi
recycle_bin	g:\TV\Look at Later\Season 2\General Inakappe - S02E25 - Family Matters - 2x25 - I Should Have Done Something.avi
recycle_bin	g:\TV\Look at Later\Season 3\General Inakappe - S03E01 - Family Matters - 3x01 - Boom! (TV.avi
recycle_bin	g:\TV\Look at Later\Season 3\General Inakappe - S03E02 - Family Matters - 3x02 - Brain Over Brawn (TV.avi
recycle_bin	g:\TV\Look at Later\Season 3\General Inakappe - S03E03 - Family Matters - 3x03 - The Show Must Go On (TV.avi
recycle_bin	g:\TV\Look at Later\Season 3\General Inakappe - S03E04 - Family Matters - 3x04 - Words Hurt.avi
recycle_bin	g:\TV\Look at Later\Season 3\General Inakappe - S03E05 - Family Matters - 3x05 - Daddy's Little Girl.avi
recycle_bin	g:\TV\Look at Later\Season 3\General Inakappe - S03E06 - Family Matters - 3x06 - Citizens' Court.avi
recycle_bin	g:\TV\Look at Later\Season 3\General Inakappe - S03E07 - Family Matters - 3x07 - Robo-Nerd.avi
recycle_bin	g:\TV\Look at Later\Season 3\General Inakappe - S03E08 - Family Matters - 3x08 - Making the Team.avi
recycle_bin	g:\TV\Look at Later\Season 3\General Inakappe - S03E09 - Family Matters - 3x09 - Born in the Mild.avi
recycle_bin	g:\TV\Look at Later\Season 3\General Inakappe - S03E10 - Family Matters - 3x10 - The Love God.avi
recycle_bin	g:\TV\Look at Later\Season 3\General Inakappe - S03E11 - Family Matters - 3x11 - Old and Alone.avi
recycle_bin	g:\TV\Look at Later\Season 3\General Inakappe - S03E12 - Family Matters - 3x12 - A Pair of Ladies.avi
recycle_bin	g:\TV\Look at Later\Season 3\General Inakappe - S03E13 - Family Matters - 3x13 - Choir Trouble.avi
recycle_bin	g:\TV\Look at Later\Season 3\General Inakappe - S03E14 - Family Matters - 3x14 - Test of Friendship.avi
recycle_bin	g:\TV\Look at Later\Season 3\General Inakappe - S03E15 - Family Matters - 3x15 - Jailhouse Blues.avi
recycle_bin	g:\TV\Look at Later\Season 3\General Inakappe - S03E16 - Family Matters - 3x16 - Brown Bombshell.avi
recycle_bin	g:\TV\Look at Later\Season 3\General Inakappe - S03E17 - Family Matters - 3x17 - Food, Lies and Videotape.avi
recycle_bin	g:\TV\Look at Later\Season 3\General Inakappe - S03E18 - Family Matters - 3x18 - My Brokenhearted Valentine.avi
recycle_bin	g:\TV\Look at Later\Season 3\General Inakappe - S03E19 - Family Matters - 3x19 - Woman of the People.avi
recycle_bin	g:\TV\Look at Later\Season 3\General Inakappe - S03E20 - Family Matters - 3x20 - Love and Kisses.avi
recycle_bin	g:\TV\Look at Later\Season 3\General Inakappe - S03E21 - Family Matters - 3x21 - Stop in the Name of Love.avi
recycle_bin	g:\TV\Look at Later\Season 3\General Inakappe - S03E22 - Family Matters - 3x22 - The Urkel Who Came to Dinner (TvDvd) (Hart).avi
recycle_bin	g:\TV\Look at Later\Season 3\General Inakappe - S03E23 - Family Matters - 3x23 - Robo-Nerd 2.avi
recycle_bin	g:\TV\Look at Later\Season 3\General Inakappe - S03E24 - Family Matters - 3x24 - Dudes.avi
recycle_bin	g:\TV\Look at Later\Season 3\General Inakappe - S03E25 - Family Matters - 3x25 - Farewell, My Laura.avi
recycle_bin	g:\TV\Look at Later\Season 4\General Inakappe - S04E01 - Video.avi
recycle_bin	g:\TV\Look at Later\Season 4\General Inakappe - S04E02 - Video.avi
recycle_bin	g:\TV\Look at Later\Season 4\General Inakappe - S04E03 - Family Matters - 4x03 - Driving Carl Crazy.avi
recycle_bin	g:\TV\Look at Later\Season 4\General Inakappe - S04E04 - Video.avi
recycle_bin	g:\TV\Look at Later\Season 4\General Inakappe - S04E05 - Family Matters - 4x05 - Number One with a Bullet (TvDvd) (Hart).avi
recycle_bin	g:\TV\Look at Later\Season 4\General Inakappe - S04E06 - Family Matters - 4x06 - Whose Kid is it Anyway (TvDvd) (Hart).avi
recycle_bin	g:\TV\Look at Later\Season 4\General Inakappe - S04E07 - Family Matters - 4x07 - An Officer and a Waldo.avi
recycle_bin	g:\TV\Look at Later\Season 4\General Inakappe - S04E08 - Family Matters - 4x08 - Just One Date.avi
recycle_bin	g:\TV\Look at Later\Season 4\General Inakappe - S04E09 - Family Matters - 4x09 - The Oddest Couple.avi
recycle_bin	g:\TV\Look at Later\Season 4\General Inakappe - S04E10 - Family Matters - 4x10 - It's Beginning to Look a Lot Like Urkel.avi
recycle_bin	g:\TV\Look at Later\Season 4\General Inakappe - S04E11 - Video.avi
recycle_bin	g:\TV\Look at Later\Season 4\General Inakappe - S04E12 - Video.avi
recycle_bin	g:\TV\Look at Later\Season 4\General Inakappe - S04E13 - Family Matters - 4x13 - The Way the Ball Bounces (TV.avi
recycle_bin	g:\TV\Look at Later\Season 4\General Inakappe - S04E14 - Family Matters - 4x14 - A Thought in the Dark (TV.avi
recycle_bin	g:\TV\Look at Later\Season 4\General Inakappe - S04E15 - Family Matters - 4x15 - Tender Kisses (TV.avi
recycle_bin	g:\TV\Look at Later\Season 4\General Inakappe - S04E16 - Family Matters - 4x16 - Heart Strings.avi
recycle_bin	g:\TV\Look at Later\Season 4\General Inakappe - S04E17 - Family Matters - 4x17 - It's a Mad, Mad, Madhouse (TV.avi
recycle_bin	g:\TV\Look at Later\Season 4\General Inakappe - S04E18 - Family Matters - 4x18 - Higher Anxiety (TV.avi
recycle_bin	g:\TV\Look at Later\Season 4\General Inakappe - S04E19 - Family Matters - 4x19 - Mama's Wedding (TV.avi
recycle_bin	g:\TV\Look at Later\Season 4\General Inakappe - S04E20 - Family Matters - 4x20 - Pulling Teeth (TV.avi
recycle_bin	g:\TV\Look at Later\Season 4\General Inakappe - S04E21 - Family Matters - 4x21 - Walk on the Wild Side (TV.avi
recycle_bin	g:\TV\Look at Later\Season 4\General Inakappe - S04E22 - Family Matters - 4x22 - Hot Stuff.avi
recycle_bin	g:\TV\Look at Later\Season 4\General Inakappe - S04E23 - Video.avi
recycle_bin	g:\TV\Look at Later\Season 4\General Inakappe - S04E24 - Video.avi
recycle_bin	g:\TV\Look at Later\Season 5\General Inakappe - S05E01 - Family Matters - 5x01 - Hell Toupee (TV.avi
recycle_bin	g:\TV\Look at Later\Season 5\General Inakappe - S05E02 - Family Matters - 5x02 - It Didn't Happen One Night (TV.avi
recycle_bin	g:\TV\Look at Later\Season 5\General Inakappe - S05E03 - Family Matters - 5x03 - Saved by the Urkel (TV.avi
recycle_bin	g:\TV\Look at Later\Season 5\General Inakappe - S05E04 - Family Matters - 5x04 - A Matter of Principle (TV.avi
recycle_bin	g:\TV\Look at Later\Season 5\General Inakappe - S05E05 - Family Matters - 5x05 - Money Out the Window (TV.avi
recycle_bin	g:\TV\Look at Later\Season 5\General Inakappe - S05E06 - Family Matters - 5x06 - Best Friends (TV.avi
recycle_bin	g:\TV\Look at Later\Season 5\General Inakappe - S05E07 - Family Matters - 5x07 - Grandmama (TV.avi
recycle_bin	g:\TV\Look at Later\Season 5\General Inakappe - S05E08 - Family Matters - 5x08 - Dr. Urkel and Mr. Cool (TV.avi
recycle_bin	g:\TV\Look at Later\Season 5\General Inakappe - S05E09 - Family Matters - 5x09 - Car Wars (TV.avi
recycle_bin	g:\TV\Look at Later\Season 5\General Inakappe - S05E10 - Video.avi
recycle_bin	g:\TV\Look at Later\Season 5\General Inakappe - S05E11 - Family Matters - 5x11 - Christmas is Where the Heart Is (TV.avi
recycle_bin	g:\TV\Look at Later\Season 5\General Inakappe - S05E12 - family Matters - 5x12 - Scenes From a Mall.avi
recycle_bin	g:\TV\Look at Later\Season 5\General Inakappe - S05E13 - family Matters - 5x13 - Rock Enroll.avi
recycle_bin	g:\TV\Look at Later\Season 5\General Inakappe - S05E14 - family Matters - 5x14 - Like a Virgin.avi
recycle_bin	g:\TV\Look at Later\Season 5\General Inakappe - S05E15 - family Matters - 5x15 - Good Cop Bad Cop.avi
recycle_bin	g:\TV\Look at Later\Season 5\General Inakappe - S05E16 - family Matters - 5x16 - Presumed Urkel.avi
recycle_bin	g:\TV\Look at Later\Season 5\General Inakappe - S05E17 - family Matters - 5x17 - Father of the Bride.avi
recycle_bin	g:\TV\Look at Later\Season 5\General Inakappe - S05E18 - Family Matters - 5x18 - Psycho Twins.avi
recycle_bin	g:\TV\Look at Later\Season 5\General Inakappe - S05E19 - Family Matters - 5x19 - That's What Friends Are For (TV.avi
recycle_bin	g:\TV\Look at Later\Season 5\General Inakappe - S05E20 - Family Matters - 5x20 - Opposites Attract.avi
recycle_bin	g:\TV\Look at Later\Season 5\General Inakappe - S05E21 - Family Matters - 5x21 - A Camping We Will Go.avi
recycle_bin	g:\TV\Look at Later\Season 5\General Inakappe - S05E22 - Family Matters - 5x22 - Nunsense.avi
recycle_bin	g:\TV\Look at Later\Season 5\General Inakappe - S05E23 - Family Matters - 5x23 - Aunt Oona.avi
recycle_bin	g:\TV\Look at Later\Season 5\General Inakappe - S05E24 - Family Matters - 5x24 - Stefan Returns (TV.avi
recycle_bin	g:\TV\Look at Later\Season 6\General Inakappe - S06E01 - Family Matters - 6x01 - To Be or Not to Be, part 1 of 2.avi
recycle_bin	g:\TV\Look at Later\Season 6\General Inakappe - S06E02 - Family Matters - 6x02 - To Be or Not to Be, part 2 of 2 (TV.avi
recycle_bin	g:\TV\Look at Later\Season 6\General Inakappe - S06E03 - Family Matters - 6x03 - Till Death Do Us Apartment.avi
recycle_bin	g:\TV\Look at Later\Season 6\General Inakappe - S06E04 - Family Matters - 6x04 - The Looney Bin (TV.avi
recycle_bin	g:\TV\Look at Later\Season 6\General Inakappe - S06E05 - Family Matters - 6x05 - Beta Chi Guy.avi
recycle_bin	g:\TV\Look at Later\Season 6\General Inakappe - S06E06 - Family Matters - 6x06 - Dark and Stormy Night (TV.avi
recycle_bin	g:\TV\Look at Later\Season 6\General Inakappe - S06E07 - Family Matters - 6x07 - Par for the Course (TV.avi
recycle_bin	g:\TV\Look at Later\Season 6\General Inakappe - S06E08 - Family Matters - 6x08 - Sink or Swim (TV.avi
recycle_bin	g:\TV\Look at Later\Season 6\General Inakappe - S06E09 - Video.avi
recycle_bin	g:\TV\Look at Later\Season 6\General Inakappe - S06E10 - Family Matters - 6x10 - Flying Blind (TV.avi
recycle_bin	g:\TV\Look at Later\Season 6\General Inakappe - S06E11 - Family Matters - 6x11 - Miracle on Elm Street (TV.avi
recycle_bin	g:\TV\Look at Later\Season 6\General Inakappe - S06E12 - Video.avi
recycle_bin	g:\TV\Look at Later\Season 6\General Inakappe - S06E13 - Family Matters - 6x13 - An Unlikely Match.avi
recycle_bin	g:\TV\Look at Later\Season 6\General Inakappe - S06E14 - Family Matters - 6x14 -The Substitute Son.avi
recycle_bin	g:\TV\Look at Later\Season 6\General Inakappe - S06E15 - Family Matters - 6x15 -The Gun.avi
recycle_bin	g:\TV\Look at Later\Season 6\General Inakappe - S06E16 - Family Matters - 6x16 - Wedding Bell Blues.avi
recycle_bin	g:\TV\Look at Later\Season 6\General Inakappe - S06E17 - Family Matters - 6x17 -Ain't Nothing but an Urkel.avi
recycle_bin	g:\TV\Look at Later\Season 6\General Inakappe - S06E18 - Family Matters - 6x18 My - Uncle the Hero.avi
recycle_bin	g:\TV\Look at Later\Season 6\General Inakappe - S06E19 - Family Matters - 6x19 - My BodyGuard.avi
recycle_bin	g:\TV\Look at Later\Season 6\General Inakappe - S06E20 - Family Matters - 6x20 - Cheers Looking at You, Kid.avi
recycle_bin	g:\TV\Look at Later\Season 6\General Inakappe - S06E21 - Video.avi
recycle_bin	g:\TV\Look at Later\Season 6\General Inakappe - S06E22 - Family Matters - 6x22 - (1_2) We're Going to Disney World.avi
recycle_bin	g:\TV\Look at Later\Season 6\General Inakappe - S06E23 - Family Matters - 6x23 - (2_2) We're Going to Disney World.avi
recycle_bin	g:\TV\Look at Later\Season 6\General Inakappe - S06E24 - Family Matters - 6x24 -They Shoot Urkels, Don't They.avi
recycle_bin	g:\TV\Look at Later\Season 6\General Inakappe - S06E25 - Family Matters - 6x25 - Home Sweet Home.avi
recycle_bin	g:\TV\Look at Later\Season 7\General Inakappe - S07E01 - Family Matters - 7x01 - Little Big Guy (TV.avi
recycle_bin	g:\TV\Look at Later\Season 7\General Inakappe - S07E02 - Family Matters - 7x02 - The Naked and the Nerdy (TV.avi
recycle_bin	g:\TV\Look at Later\Season 7\General Inakappe - S07E03 - Family Matters - 7x03 - Bugged (TV.avi
recycle_bin	g:\TV\Look at Later\Season 7\General Inakappe - S07E04 - Video.avi
recycle_bin	g:\TV\Look at Later\Season 7\General Inakappe - S07E05 - Video.avi
recycle_bin	g:\TV\Look at Later\Season 7\General Inakappe - S07E06 - Video.avi
recycle_bin	g:\TV\Look at Later\Season 7\General Inakappe - S07E07 - Family Matters - 7x07 - Hot Rods to Heck (TV.avi
recycle_bin	g:\TV\Look at Later\Season 7\General Inakappe - S07E08 - Family Matters - 7x08 - Talk's Cheap (TV.avi
recycle_bin	g:\TV\Look at Later\Season 7\General Inakappe - S07E09 - Video.avi
recycle_bin	g:\TV\Look at Later\Season 7\General Inakappe - S07E10 - Video.avi
recycle_bin	g:\TV\Look at Later\Season 7\General Inakappe - S07E11 - Family Matters - 7x11 - Fa La La La Laagghh.avi
recycle_bin	g:\TV\Look at Later\Season 7\General Inakappe - S07E12 - Video.avi
recycle_bin	g:\TV\Look at Later\Season 7\General Inakappe - S07E13 - Video.avi
recycle_bin	g:\TV\Look at Later\Season 7\General Inakappe - S07E14 - Video.avi
recycle_bin	g:\TV\Look at Later\Season 7\General Inakappe - S07E15 - Family Matters - 7x15 - Random Acts of Science.avi
recycle_bin	g:\TV\Look at Later\Season 7\General Inakappe - S07E16 - Family Matters - 7x16 - Tips for a Better Life (TV.avi
recycle_bin	g:\TV\Look at Later\Season 7\General Inakappe - S07E17 - Family Matters - 7x17 - Swine Lake (TV.avi
recycle_bin	g:\TV\Look at Later\Season 7\General Inakappe - S07E18 - Family Matters - 7x18 - My Big Brother (TV.avi
recycle_bin	g:\TV\Look at Later\Season 7\General Inakappe - S07E19 - Family Matters - 7x19 - Eau De Love.avi
recycle_bin	g:\TV\Look at Later\Season 7\General Inakappe - S07E20 - Family Matters - 7x20 - Twinkle Toes Faldo (TV.avi
recycle_bin	g:\TV\Look at Later\Season 7\General Inakappe - S07E21 - Video.avi
recycle_bin	g:\TV\Look at Later\Season 7\General Inakappe - S07E22 - Video.avi
recycle_bin	g:\TV\Look at Later\Season 7\General Inakappe - S07E23 - Video.avi
recycle_bin	g:\TV\Look at Later\Season 7\General Inakappe - S07E24 - Video.avi
recycle_bin	g:\TV\Look at Later\Season 8\General Inakappe - S08E01 - Family Matters - 8x01 - (1-3) Paris Vacation.avi
recycle_bin	g:\TV\Look at Later\Season 8\General Inakappe - S08E02 - Family Matters - 8x02 - (2-3) Paris Vacation.avi
recycle_bin	g:\TV\Look at Later\Season 8\General Inakappe - S08E03 - Family Matters - 8x03 - (3-3) Paris Vacation.avi
recycle_bin	g:\TV\Look at Later\Season 8\General Inakappe - S08E04 - Family Matters - 08x04 - Movin' On.avi
recycle_bin	g:\TV\Look at Later\Season 8\General Inakappe - S08E05 - Family Matters - 8x05 - 3J in the House.avi
recycle_bin	g:\TV\Look at Later\Season 8\General Inakappe - S08E06 - Family Matters - 8x06 - Getting Buff.avi
recycle_bin	g:\TV\Look at Later\Season 8\General Inakappe - S08E08 - Video.avi
recycle_bin	g:\TV\Look at Later\Season 8\General Inakappe - S08E09 - Family Matters - 8x09 - Home Again.avi
recycle_bin	g:\TV\Look at Later\Season 8\General Inakappe - S08E10 - Family Matters - 8x10 - Nightmare at Urkel Oaks (TV.avi
recycle_bin	g:\TV\Look at Later\Season 8\General Inakappe - S08E11 - Family Matters - 8x11 - Chick-A-Boom (TV.avi
recycle_bin	g:\TV\Look at Later\Season 8\General Inakappe - S08E12 - Family Matters - 8x12 - The Jury (TV.avi
recycle_bin	g:\TV\Look at Later\Season 8\General Inakappe - S08E13 - Family Matters - 8x13 - It Came Upon a Midnight Clear (TV.avi
recycle_bin	g:\TV\Look at Later\Season 8\General Inakappe - S08E16 - Family Matters - 8x16 - Father Time.avi
recycle_bin	g:\TV\Look at Later\Season 8\General Inakappe - S08E17 - Family Matters - 8x17 - Beauty and the Beast.avi
recycle_bin	g:\TV\Look at Later\Season 8\General Inakappe - S08E18 - Family Matters - 8x18 - Le Jour d'Amour.avi
recycle_bin	g:\TV\Look at Later\Season 8\General Inakappe - S08E19 - Family Matters - 8x19 - What Do You Know (TV.avi
recycle_bin	g:\TV\Look at Later\Season 8\General Inakappe - S08E20 - Family Matters - 8x20 - Odd Man In.avi
recycle_bin	g:\TV\Look at Later\Season 8\General Inakappe - S08E21 - Family Matters - 8x21 - Flirting With Disaster.avi
recycle_bin	g:\TV\Look at Later\Season 8\General Inakappe - S08E22 - Family Matters - 8x22 - Pound Foolish.avi
recycle_bin	g:\TV\Look at Later\Season 8\General Inakappe - S08E23 - Family Matters - 8x23 - The Brother Who Came to Dinner (TV.avi
recycle_bin	g:\TV\Look at Later\Season 8\General Inakappe - S08E24 - Family Matters - 8x24 - A Pirate's Life for Me.avi
recycle_bin	g:\TV\Look at Later\Season 9\General Inakappe - S09E01 - Family Matters - 9x01 (TV.avi
recycle_bin	g:\TV\Look at Later\Season 9\General Inakappe - S09E02 - Family Matters - 9x02 - They Shoot Ducks Don't They.avi
recycle_bin	g:\TV\Look at Later\Season 9\General Inakappe - S09E03 - Family Matters - 9x03 - Dumb Bell of the Ball (TV.avi
recycle_bin	g:\TV\Look at Later\Season 9\General Inakappe - S09E04 - Family Matters - 9x04 - Drinking and Jiving.avi
recycle_bin	g:\TV\Look at Later\Season 9\General Inakappe - S09E05 - Family Matters - 9x05 - Who's Afraid of the Big Black Book (TV.avi
recycle_bin	g:\TV\Look at Later\Season 9\General Inakappe - S09E06 - Family Matters - 9x06 - A Mind is a Terrible Thing to Read (TV.avi
recycle_bin	g:\TV\Look at Later\Season 9\General Inakappe - S09E07 - Family Matters - 9x07 - Stevil II. This Time He's Not Alone (TV.avi
recycle_bin	g:\TV\Look at Later\Season 9\General Inakappe - S09E08 - Family Matters - 9x08 - Trading Places (TV.avi
recycle_bin	g:\TV\Look at Later\Season 9\General Inakappe - S09E09 - Family Matters - 9x09 - A Pain in Harassment (TV.avi
recycle_bin	g:\TV\Look at Later\Season 9\General Inakappe - S09E10 - Family Matters - 9x10 - Original Gangsta Dawg (TV.avi
recycle_bin	g:\TV\Look at Later\Season 9\General Inakappe - S09E11 - Family Matters - 9x11 - Deck the Malls (TV.avi
recycle_bin	g:\TV\Look at Later\Season 9\General Inakappe - S09E12 - Family Matters - 9x12 - Grill of My Dreams (TV.avi
recycle_bin	g:\TV\Look at Later\Season 9\General Inakappe - S09E13 - Family Matters - 9x13 - Crazy for You, part 1 of 2 (TV.avi
recycle_bin	g:\TV\Look at Later\Season 9\General Inakappe - S09E14 - Family Matters - 9x14 - Crazy for You, part 2 of 2 (TV.avi
recycle_bin	g:\TV\Look at Later\Season 9\General Inakappe - S09E15 - Family Matters - 9x15 - Whose Man is it Anyway (TV.avi
recycle_bin	g:\TV\Look at Later\Season 9\General Inakappe - S09E16 - Family Matters - 9x16 - Whose Man Is It, Anyway.avi
recycle_bin	g:\TV\Look at Later\Season 9\General Inakappe - S09E17 - Family Matters - 9x17 - Polkapalooza (TV.avi
recycle_bin	g:\TV\Look at Later\Season 9\General Inakappe - S09E18 - Family Matters - 9x18 - Throw Urkel From the Train (TV.avi
recycle_bin	g:\TV\Look at Later\Season 9\General Inakappe - S09E19 - Family Matters - 9x19 - Don't Make Me Over (TV.avi
recycle_bin	g:\TV\Look at Later\Season 9\General Inakappe - S09E20 - Family Matters - 9x20 - Pop Goes the Question (TV.avi
recycle_bin	g:\TV\Look at Later\Season 9\General Inakappe - S09E21 - Family Matters - 9x21 - Lost in Space, part 1 of 2 (TV.avi
recycle_bin	g:\TV\Look at Later\Season 9\General Inakappe - S09E22 - Family Matters - 9x22 - Lost in Space, part 2 of 2 (TV.avi
recycle_bin	g:\TV\Look at Later\Season 1\Documentary of My Ex-Girlfriend Complex - S01E00 - Foster's Home for Imaginary Friends - 1x00 - House of Bloo's - Pilot.avi
recycle_bin	g:\TV\Look at Later\Season 1\Documentary of My Ex-Girlfriend Complex - S01E09 - Foster's Home For Imaginary Friends - 1x09 - Adoptcalypse Now.avi
recycle_bin	g:\TV\Look at Later\Season 1\Documentary of My Ex-Girlfriend Complex - S01E10 - Foster's Home for Imaginary Friends - 1x10 - Bloooo.avi
recycle_bin	g:\TV\Look at Later\Season 2\Documentary of My Ex-Girlfriend Complex - S02E01 - Foster's Home For Imaginary Friends - 2x01 - Partying Is Such Sweet Soiree.avi
recycle_bin	g:\TV\Look at Later\Season 2\Documentary of My Ex-Girlfriend Complex - S02E02 - Foster's Home For Imaginary Friends - 2x02 - The Big Leblooski.avi
recycle_bin	g:\TV\Look at Later\Season 2\Documentary of My Ex-Girlfriend Complex - S02E03 - Video.avi
recycle_bin	g:\TV\Look at Later\Season 2\Documentary of My Ex-Girlfriend Complex - S02E04 - Video.avi
recycle_bin	g:\TV\Look at Later\Season 2\Documentary of My Ex-Girlfriend Complex - S02E05 - Foster's Home for Imaginary Friends - 2x05-Cookie Dough.avi
recycle_bin	g:\TV\Look at Later\Season 2\Documentary of My Ex-Girlfriend Complex - S02E06 - Foster's Home For Imaginary Friends - 2x06 - Frankie My Dear.avi
recycle_bin	g:\TV\Look at Later\Season 2\Documentary of My Ex-Girlfriend Complex - S02E07 - Foster's Home for Imaginary Friends - 2x07 - Mac Daddy.avi
recycle_bin	g:\TV\Look at Later\Season 2\Documentary of My Ex-Girlfriend Complex - S02E08 - Foster's Home for Imaginary Friends - 2x08 - Squeakerboxxx.avi
recycle_bin	g:\TV\Look at Later\Season 2\Documentary of My Ex-Girlfriend Complex - S02E09 - Foster's Home for Imaginary Friends - 2x09 - Beat With A Schtick.avi
recycle_bin	g:\TV\Look at Later\Season 2\Documentary of My Ex-Girlfriend Complex - S02E09 - Fosters Home For Imaginary Friends - 2x09 - Beat With A Schtick.avi
recycle_bin	g:\TV\Look at Later\Season 2\Documentary of My Ex-Girlfriend Complex - S02E10 - Foster's Home for Imaginary Friends - 2x10 - The Sweet Stench of Success.avi
recycle_bin	g:\TV\Look at Later\Season 2\Documentary of My Ex-Girlfriend Complex - S02E11 - Foster's Home for Imaginary Friends - 2x11 - Bye Bye Nerdy.avi
recycle_bin	g:\TV\Look at Later\Season 2\Documentary of My Ex-Girlfriend Complex - S02E12 - Foster's Home for Imaginary Friends - 2x12 - Bloo Done It.avi
recycle_bin	g:\TV\Look at Later\Season 2\Documentary of My Ex-Girlfriend Complex - S02E13 - Foster's Home For Imaginary Friends - 2x13 - My So Called Wife.avi
recycle_bin	g:\TV\Look at Later\Season 3\Documentary of My Ex-Girlfriend Complex - S03E01 - Foster's Home For Imaginary Friends - 3x01 - Eddie Monster.avi
recycle_bin	g:\TV\Look at Later\Season 3\Documentary of My Ex-Girlfriend Complex - S03E02 - Foster's Home For Imaginary Friends - 3x02 - Hiccyburp.avi
recycle_bin	g:\TV\Look at Later\Season 3\Documentary of My Ex-Girlfriend Complex - S03E03 - Foster's Home For Imaginary Friends - 3x03 - Camp Keep A Good Mac Down.avi
recycle_bin	g:\TV\Look at Later\Season 3\Documentary of My Ex-Girlfriend Complex - S03E04 - Foster's Home For Imaginary Friends - 3x04 - Imposter's Home For Um...Make 'em Up Pals.avi
recycle_bin	g:\TV\Look at Later\Season 3\Documentary of My Ex-Girlfriend Complex - S03E05 - Foster's Home For Imaginary Friends - 3x05 - Duchess Of Wails.avi
recycle_bin	g:\TV\Look at Later\Season 3\Documentary of My Ex-Girlfriend Complex - S03E06 - Foster's Home For Imaginary Friends - 3x06 - Foster's Goes To Europe.avi
recycle_bin	g:\TV\Look at Later\Season 3\Documentary of My Ex-Girlfriend Complex - S03E07 - Foster's Home For Imaginary Friends - 3x07 - Go Goo Go.avi
recycle_bin	g:\TV\Look at Later\Season 3\Documentary of My Ex-Girlfriend Complex - S03E08 - Foster's Home For Imaginary Friends - 3x08 - Crime After Crime.avi
recycle_bin	g:\TV\Look at Later\Season 3\Documentary of My Ex-Girlfriend Complex - S03E09 - Foster's Home For Imaginary Friends - 3x09 - Land of the Flea.avi
recycle_bin	g:\TV\Look at Later\Season 3\Documentary of My Ex-Girlfriend Complex - S03E10 - Foster's Home For Imaginary Friends - 3x10 - A lost Claus.avi
recycle_bin	g:\TV\Look at Later\Season 3\Documentary of My Ex-Girlfriend Complex - S03E11 - Foster's Home For Imaginary Friends - 3x11 - One False Movie.avi
recycle_bin	g:\TV\Look at Later\Season 3\Documentary of My Ex-Girlfriend Complex - S03E12 - Foster's Home For Imaginary Friends - 3x12 - Setting a President.avi
recycle_bin	g:\TV\Look at Later\Season 3\Documentary of My Ex-Girlfriend Complex - S03E13 - Foster's Home For Imaginary Friends - 3x13 - Room With A Feud.avi
recycle_bin	g:\TV\Look at Later\Season 3\Documentary of My Ex-Girlfriend Complex - S03E14 - Foster's Home For Imaginary Friends - 3x14 - Cuckoo for Coco Cards.avi
recycle_bin	g:\TV\Look at Later\Season 4\Documentary of My Ex-Girlfriend Complex - S04E01 - Foster's Home for Imaginary Friends - 4x01 - Challenge of the Super Friends.avi
recycle_bin	g:\TV\Look at Later\Season 4\Documentary of My Ex-Girlfriend Complex - S04E02 - Foster's Home For Imaginary Friends - 4x02 - The Big Picture.avi
recycle_bin	g:\TV\Look at Later\Season 4\Documentary of My Ex-Girlfriend Complex - S04E03 - Foster's Home For Imaginary Friends - 4x03 - Squeeze The Day.avi
recycle_bin	g:\TV\Look at Later\Season 4\Documentary of My Ex-Girlfriend Complex - S04E04 - Foster's Home for Imaginary Friends - 4x04 - Neighbor Pains.avi
recycle_bin	g:\TV\Look at Later\Season 4\Documentary of My Ex-Girlfriend Complex - S04E05 - Foster's Home for Imaginary Friends - 4x05 - Infernal Slumber.avi
recycle_bin	g:\TV\Look at Later\Season 4\Documentary of My Ex-Girlfriend Complex - S04E06 - Foster's Home for Imaginary Friends - 4x06 - I Only Have Surprise For You.avi
recycle_bin	g:\TV\Look at Later\Season 4\Documentary of My Ex-Girlfriend Complex - S04E07 - Foster's Home for Imaginary Friends - 4x07 - Bus the Two of us.avi
recycle_bin	g:\TV\Look at Later\Season 4\Documentary of My Ex-Girlfriend Complex - S04E08 - Foster's Home for Imaginary Friends - 4x08 - The Big Cheese.avi
recycle_bin	g:\TV\Look at Later\Season 4\Documentary of My Ex-Girlfriend Complex - S04E09 - (409) Bloo's the Boss.avi
recycle_bin	g:\TV\Look at Later\Season 4\Documentary of My Ex-Girlfriend Complex - S04E10 - Foster's Home for Imaginary Friends - 4x10 - Emancipation Complication.avi
recycle_bin	g:\TV\Look at Later\Season 4\Documentary of My Ex-Girlfriend Complex - S04E11 - Foster's Home for Imaginary Friends - 4x11 - Make Believe It Or Not.avi
recycle_bin	g:\TV\Look at Later\Season 4\Documentary of My Ex-Girlfriend Complex - S04E12 - Foster's Home for Imaginary Friends - 4x12 - Good Wilt Hunting.avi
recycle_bin	g:\TV\Look at Later\Season 5\Documentary of My Ex-Girlfriend Complex - S05E01 - Foster's Home for Imaginary Friends - 5x01 - Cheese a Go-Go.avi
recycle_bin	g:\TV\Look at Later\Season 5\Documentary of My Ex-Girlfriend Complex - S05E01 - Foster's Home for Imaginary Friends 501 Cheese a Go-Go.avi
recycle_bin	g:\TV\Look at Later\Season 5\Documentary of My Ex-Girlfriend Complex - S05E02 - Foster's Home for Imaginary Friends - 5x02 - The Buck Swaps Here.avi
recycle_bin	g:\TV\Look at Later\Season 5\Documentary of My Ex-Girlfriend Complex - S05E02 - Foster's Home for Imaginary Friends 502 The Buck Swaps Here.avi
recycle_bin	g:\TV\Look at Later\Season 5\Documentary of My Ex-Girlfriend Complex - S05E03 - Foster's Home for Imaginary Friends - 5x03 - Say It Isn't Sew.avi
recycle_bin	g:\TV\Look at Later\Season 5\Documentary of My Ex-Girlfriend Complex - S05E03 - Foster's Home for Imaginary Friends 503 Say It Isn't Sew.avi
recycle_bin	g:\TV\Look at Later\Season 5\Documentary of My Ex-Girlfriend Complex - S05E04 - Foster's Home for Imaginary Friends - 5x04 - Something Old, Something Bloo.wmv
recycle_bin	g:\TV\Look at Later\Season 5\Documentary of My Ex-Girlfriend Complex - S05E04 - Foster's Home for Imaginary Friends 504 Something Old, Something Bloo.wmv
recycle_bin	g:\TV\Look at Later\Season 5\Documentary of My Ex-Girlfriend Complex - S05E05 - Foster's Home for Imaginary Friends - 5x05 - The Bloo Superdude and the Magic Potato of Power.avi
recycle_bin	g:\TV\Look at Later\Season 5\Documentary of My Ex-Girlfriend Complex - S05E05 - Foster's Home for Imaginary Friends 505 The Bloo Superdude and the Magic Potato of Power.avi
recycle_bin	g:\TV\Look at Later\Season 5\Documentary of My Ex-Girlfriend Complex - S05E06 - Foster's Home for Imaginary Friends - 5x06 - Schlock Star.avi
recycle_bin	g:\TV\Look at Later\Season 5\Documentary of My Ex-Girlfriend Complex - S05E06 - Foster's Home for Imaginary Friends 506 Schlock Star.avi
recycle_bin	g:\TV\Look at Later\Season 5\Documentary of My Ex-Girlfriend Complex - S05E07 - Foster's Home for Imaginary Friends - 5x07 - The Bride to Beat.avi
recycle_bin	g:\TV\Look at Later\Season 5\Documentary of My Ex-Girlfriend Complex - S05E07 - Foster's Home for Imaginary Friends 507 the bride to beat.avi
recycle_bin	g:\TV\Look at Later\Season 5\Documentary of My Ex-Girlfriend Complex - S05E08 - Foster's Home for Imaginary Friends - 5x08 - Affair Weather Friends.avi
recycle_bin	g:\TV\Look at Later\Season 5\Documentary of My Ex-Girlfriend Complex - S05E08 - Foster's Home for Imaginary Friends 508 affair weather friends.avi
recycle_bin	g:\TV\Look at Later\Season 5\Documentary of My Ex-Girlfriend Complex - S05E09 - Foster's Home for Imaginary Friends - 5x09 - Ticket to Rod.avi
recycle_bin	g:\TV\Look at Later\Season 5\Documentary of My Ex-Girlfriend Complex - S05E09 - Foster's Home for Imaginary Friends 509 Ticket to Rod.avi
recycle_bin	g:\TV\Look at Later\Season 5\Documentary of My Ex-Girlfriend Complex - S05E10 - Foster's Home for Imaginary Friends - 5x10 - Nightmare on Wilson Way.avi
recycle_bin	g:\TV\Look at Later\Season 5\Documentary of My Ex-Girlfriend Complex - S05E10 - Foster's Home for Imaginary Friends 510 Nightmare on Wilson Way.avi
recycle_bin	g:\TV\Look at Later\Season 5\Documentary of My Ex-Girlfriend Complex - S05E11 - Foster's Home for Imaginary Friends - 5x11 - Better Off Ed.avi
recycle_bin	g:\TV\Look at Later\Season 5\Documentary of My Ex-Girlfriend Complex - S05E11 - Foster's Home for Imaginary Friends 511 Better Off Ed.avi
recycle_bin	g:\TV\Look at Later\Season 5\Documentary of My Ex-Girlfriend Complex - S05E12 - Foster's Home for Imaginary Friends - 5x12 - The Little Peas.avi
recycle_bin	g:\TV\Look at Later\Season 5\Documentary of My Ex-Girlfriend Complex - S05E12 - Foster's Home for Imaginary Friends 512 The Little Peas.avi
recycle_bin	g:\TV\Look at Later\Season 5\Documentary of My Ex-Girlfriend Complex - S05E13 - Foster's Home for Imaginary Friends - 5x13 - Let Your Hare Down.avi
recycle_bin	g:\TV\Look at Later\Season 6\Documentary of My Ex-Girlfriend Complex - S06E01 - Foster's Home for Imaginary Friends - 6x01 - Jackie Khones and the Case of the Overdue Library Crook.avi
recycle_bin	g:\TV\Look at Later\Season 6\Documentary of My Ex-Girlfriend Complex - S06E02 - Foster's Home for Imaginary Friends - 6x02 - Mondo Coco.avi
recycle_bin	g:\TV\Look at Later\Season 6\Documentary of My Ex-Girlfriend Complex - S06E03 - Foster's Home for Imaginary Friends - 6x03 - Pranks for Nothing.avi
recycle_bin	g:\TV\Look at Later\Season 6\Documentary of My Ex-Girlfriend Complex - S06E04 - Foster's Home for Imaginary Friends - 6x04 - Bloo Tube.avi
recycle_bin	g:\TV\Look at Later\Season 6\Documentary of My Ex-Girlfriend Complex - S06E05 - Foster's Home for Imaginary Friends - 6x05 - Race for Your Life Mac & Bloo.avi
recycle_bin	g:\TV\Look at Later\Season 6\Documentary of My Ex-Girlfriend Complex - S06E06 - Foster's Home for Imaginary Friends - 6x06 - Destination Imagination.avi
recycle_bin	g:\TV\Look at Later\Season 6\Documentary of My Ex-Girlfriend Complex - S06E07 - Foster's Home for Imaginary Friends - 6x07 - The Bloo Superdude and The Great Creator of Everything's Awesome Ceremony of Fun That He's Not Invited to.avi
recycle_bin	g:\TV\Look at Later\Season 6\Documentary of My Ex-Girlfriend Complex - S06E08 - Foster's Home for Imaginary Friends - 6x08 - Read 'em and Weep.avi
recycle_bin	g:\TV\Look at Later\Season 6\Documentary of My Ex-Girlfriend Complex - S06E09 - Foster's Home for Imaginary Friends - 6x09 - Bad Dare Day.avi
recycle_bin	g:\TV\Look at Later\Season 6\Documentary of My Ex-Girlfriend Complex - S06E10 - Video.avi
recycle_bin	g:\TV\Look at Later\Season 6\Documentary of My Ex-Girlfriend Complex - S06E11 - Video.avi
recycle_bin	g:\TV\Look at Later\Season 2\General Inakappe - S02E01 - Friends.S02E01.UNCUT.avi
recycle_bin	g:\TV\Look at Later\Season 2\General Inakappe - S02E02 - Friends.S02E02.UNCUT.avi
recycle_bin	g:\TV\Look at Later\Season 2\General Inakappe - S02E03 - Friends.S02E03.UNCUT.avi
recycle_bin	g:\TV\Look at Later\Season 2\General Inakappe - S02E04 - Friends.S02E04.UNCUT.avi
recycle_bin	g:\TV\Look at Later\Season 2\General Inakappe - S02E05 - Friends.S02E05.UNCUT.avi
recycle_bin	g:\TV\Look at Later\Season 2\General Inakappe - S02E06 - Friends.S02E06.UNCUT.avi
recycle_bin	g:\TV\Look at Later\Season 2\General Inakappe - S02E07 - Friends.S02E07.UNCUT.avi
recycle_bin	g:\TV\Look at Later\Season 2\General Inakappe - S02E08 - Friends.S02E08.UNCUT.avi
recycle_bin	g:\TV\Look at Later\Season 2\General Inakappe - S02E09 - Friends.S02E09.UNCUT.avi
recycle_bin	g:\TV\Look at Later\Season 2\General Inakappe - S02E10 - Friends.S02E10.UNCUT.avi
recycle_bin	g:\TV\Look at Later\Season 2\General Inakappe - S02E11 - Friends.S02E11.UNCUT.avi
recycle_bin	g:\TV\Look at Later\Season 2\General Inakappe - S02E12 - Friends.S02E12.S02E13.UNCUT.avi
recycle_bin	g:\TV\Look at Later\Season 2\General Inakappe - S02E14 - Friends.S02E14.UNCUT.avi
recycle_bin	g:\TV\Look at Later\Season 2\General Inakappe - S02E15 - Friends.S02E15.UNCUT.avi
recycle_bin	g:\TV\Look at Later\Season 2\General Inakappe - S02E16 - Friends.S02E16.UNCUT.avi
recycle_bin	g:\TV\Look at Later\Season 2\General Inakappe - S02E17 - Friends.S02E17.UNCUT.avi
recycle_bin	g:\TV\Look at Later\Season 2\General Inakappe - S02E18 - Friends.S02E18.UNCUT.avi
recycle_bin	g:\TV\Look at Later\Season 2\General Inakappe - S02E19 - Friends.S02E19.UNCUT.avi
recycle_bin	g:\TV\Look at Later\Season 2\General Inakappe - S02E20 - Friends.S02E20.UNCUT.avi
recycle_bin	g:\TV\Look at Later\Season 2\General Inakappe - S02E21 - Friends.S02E21.UNCUT.avi
recycle_bin	g:\TV\Look at Later\Season 2\General Inakappe - S02E22 - Friends.S02E22.UNCUT.avi
recycle_bin	g:\TV\Look at Later\Season 2\General Inakappe - S02E23 - Friends.S02E23.UNCUT.avi
recycle_bin	g:\TV\Look at Later\Season 2\General Inakappe - S02E24 - Friends.S02E24.UNCUT.avi
recycle_bin	g:\TV\Look at Later\Season 3\General Inakappe - S03E01 - Friends.S03E01.avi
recycle_bin	g:\TV\Look at Later\Season 3\General Inakappe - S03E02 - Friends.S03E02.avi
recycle_bin	g:\TV\Look at Later\Season 3\General Inakappe - S03E03 - Friends.S03E03.avi
recycle_bin	g:\TV\Look at Later\Season 3\General Inakappe - S03E04 - Friends.S03E04.avi
recycle_bin	g:\TV\Look at Later\Season 3\General Inakappe - S03E05 - Friends.S03E05.avi
recycle_bin	g:\TV\Look at Later\Season 3\General Inakappe - S03E06 - Friends.S03E06.avi
recycle_bin	g:\TV\Look at Later\Season 3\General Inakappe - S03E07 - Friends.S03E07.avi
recycle_bin	g:\TV\Look at Later\Season 3\General Inakappe - S03E08 - Friends.S03E08.avi
recycle_bin	g:\TV\Look at Later\Season 3\General Inakappe - S03E09 - Friends.S03E09.avi
recycle_bin	g:\TV\Look at Later\Season 3\General Inakappe - S03E10 - Friends.S03E10.avi
recycle_bin	g:\TV\Look at Later\Season 3\General Inakappe - S03E11 - Friends.S03E11.avi
recycle_bin	g:\TV\Look at Later\Season 3\General Inakappe - S03E12 - Friends.S03E12.avi
recycle_bin	g:\TV\Look at Later\Season 3\General Inakappe - S03E13 - Friends.S03E13.avi
recycle_bin	g:\TV\Look at Later\Season 3\General Inakappe - S03E14 - Friends.S03E14.avi
recycle_bin	g:\TV\Look at Later\Season 3\General Inakappe - S03E15 - Friends.S03E15.avi
recycle_bin	g:\TV\Look at Later\Season 3\General Inakappe - S03E16 - Friends.S03E16.avi
recycle_bin	g:\TV\Look at Later\Season 3\General Inakappe - S03E17 - Friends.S03E17.avi
recycle_bin	g:\TV\Look at Later\Season 3\General Inakappe - S03E18 - Friends.S03E18.avi
recycle_bin	g:\TV\Look at Later\Season 3\General Inakappe - S03E19 - Friends.S03E19.avi
recycle_bin	g:\TV\Look at Later\Season 3\General Inakappe - S03E20 - Friends.S03E20.avi
recycle_bin	g:\TV\Look at Later\Season 3\General Inakappe - S03E21 - Friends.S03E21.avi
recycle_bin	g:\TV\Look at Later\Season 3\General Inakappe - S03E22 - Friends.S03E22.avi
recycle_bin	g:\TV\Look at Later\Season 3\General Inakappe - S03E23 - Friends.S03E23.avi
recycle_bin	g:\TV\Look at Later\Season 3\General Inakappe - S03E24 - Friends.S03E24.avi
recycle_bin	g:\TV\Look at Later\Season 3\General Inakappe - S03E25 - Friends.S03E25.avi
recycle_bin	g:\TV\Look at Later\Season 4\General Inakappe - S04E01 - Friends.S04E01.UNCUT.avi
recycle_bin	g:\TV\Look at Later\Season 4\General Inakappe - S04E02 - Friends.S04E02.UNCUT.avi
recycle_bin	g:\TV\Look at Later\Season 4\General Inakappe - S04E03 - Friends.S04E03.UNCUT.avi
recycle_bin	g:\TV\Look at Later\Season 4\General Inakappe - S04E04 - Friends.S04E04.UNCUT.avi
recycle_bin	g:\TV\Look at Later\Season 4\General Inakappe - S04E05 - Friends.S04E05.UNCUT.avi
recycle_bin	g:\TV\Look at Later\Season 4\General Inakappe - S04E06 - Friends.S04E06.UNCUT.avi
recycle_bin	g:\TV\Look at Later\Season 4\General Inakappe - S04E07 - Friends.S04E07.UNCUT.avi
recycle_bin	g:\TV\Look at Later\Season 4\General Inakappe - S04E08 - Friends.S04E08.UNCUT.avi
recycle_bin	g:\TV\Look at Later\Season 4\General Inakappe - S04E09 - Friends.S04E09.UNCUT.avi
recycle_bin	g:\TV\Look at Later\Season 4\General Inakappe - S04E10 - Friends.S04E10.UNCUT.avi
recycle_bin	g:\TV\Look at Later\Season 4\General Inakappe - S04E11 - Friends.S04E11.UNCUT.avi
recycle_bin	g:\TV\Look at Later\Season 4\General Inakappe - S04E12 - Friends.S04E12.UNCUT.avi
recycle_bin	g:\TV\Look at Later\Season 4\General Inakappe - S04E13 - Friends.S04E13.UNCUT.avi
recycle_bin	g:\TV\Look at Later\Season 4\General Inakappe - S04E14 - Friends.S04E14.UNCUT.avi
recycle_bin	g:\TV\Look at Later\Season 4\General Inakappe - S04E15 - Friends.S04E15.UNCUT.avi
recycle_bin	g:\TV\Look at Later\Season 4\General Inakappe - S04E16 - Friends.S04E16.UNCUT.avi
recycle_bin	g:\TV\Look at Later\Season 4\General Inakappe - S04E17 - Friends.S04E17.UNCUT.avi
recycle_bin	g:\TV\Look at Later\Season 4\General Inakappe - S04E18 - Friends.S04E18.UNCUT.avi
recycle_bin	g:\TV\Look at Later\Season 4\General Inakappe - S04E19 - Friends.S04E19.UNCUT.avi
recycle_bin	g:\TV\Look at Later\Season 4\General Inakappe - S04E20 - Friends.S04E20.UNCUT.avi
recycle_bin	g:\TV\Look at Later\Season 4\General Inakappe - S04E21 - Friends.S04E21.UNCUT.avi
recycle_bin	g:\TV\Look at Later\Season 4\General Inakappe - S04E22 - Friends.S04E22.UNCUT.avi
recycle_bin	g:\TV\Look at Later\Season 4\General Inakappe - S04E23 - Friends.S04E23.S04E24.UNCUT.avi
recycle_bin	g:\TV\Look at Later\Season 5\General Inakappe - S05E01 - Friends.S05E01.UNCUT.avi
recycle_bin	g:\TV\Look at Later\Season 5\General Inakappe - S05E02 - Friends.S05E02.UNCUT.avi
recycle_bin	g:\TV\Look at Later\Season 5\General Inakappe - S05E03 - Friends.S05E03.UNCUT.avi
recycle_bin	g:\TV\Look at Later\Season 5\General Inakappe - S05E04 - Friends.S05E04.UNCUT.avi
recycle_bin	g:\TV\Look at Later\Season 5\General Inakappe - S05E05 - Friends.S05E05.UNCUT.avi
recycle_bin	g:\TV\Look at Later\Season 5\General Inakappe - S05E06 - Friends.S05E06.UNCUT.avi
recycle_bin	g:\TV\Look at Later\Season 5\General Inakappe - S05E07 - Friends.S05E07.UNCUT.avi
recycle_bin	g:\TV\Look at Later\Season 5\General Inakappe - S05E08 - Friends.S05E08.UNCUT.avi
recycle_bin	g:\TV\Look at Later\Season 5\General Inakappe - S05E09 - Friends.S05E09.UNCUT.avi
recycle_bin	g:\TV\Look at Later\Season 5\General Inakappe - S05E10 - Friends.S05E10.UNCUT.avi
recycle_bin	g:\TV\Look at Later\Season 5\General Inakappe - S05E11 - Friends.S05E11.UNCUT.avi
recycle_bin	g:\TV\Look at Later\Season 5\General Inakappe - S05E12 - Friends.S05E12.UNCUT.avi
recycle_bin	g:\TV\Look at Later\Season 5\General Inakappe - S05E13 - Friends.S05E13.UNCUT.avi
recycle_bin	g:\TV\Look at Later\Season 5\General Inakappe - S05E14 - Friends.S05E14.UNCUT.avi
recycle_bin	g:\TV\Look at Later\Season 5\General Inakappe - S05E15 - Friends.S05E15.UNCUT.avi
recycle_bin	g:\TV\Look at Later\Season 5\General Inakappe - S05E16 - Friends.S05E16.UNCUT.avi
recycle_bin	g:\TV\Look at Later\Season 5\General Inakappe - S05E17 - Friends.S05E17.UNCUT.avi
recycle_bin	g:\TV\Look at Later\Season 5\General Inakappe - S05E18 - Friends.S05E18.UNCUT.avi
recycle_bin	g:\TV\Look at Later\Season 5\General Inakappe - S05E19 - Friends.S05E19.UNCUT.avi
recycle_bin	g:\TV\Look at Later\Season 5\General Inakappe - S05E20 - Friends.S05E20.UNCUT.avi
recycle_bin	g:\TV\Look at Later\Season 5\General Inakappe - S05E21 - Friends.S05E21.UNCUT.avi
recycle_bin	g:\TV\Look at Later\Season 5\General Inakappe - S05E22 - Friends.S05E22.UNCUT.avi
recycle_bin	g:\TV\Look at Later\Season 5\General Inakappe - S05E23 - Friends.S05E23.S05E24.UNCUT.avi
recycle_bin	g:\TV\Look at Later\Season 6\General Inakappe - S06E01 - Friends.S06E01.UNCUT.avi
recycle_bin	g:\TV\Look at Later\Season 6\General Inakappe - S06E02 - Friends.S06E02.UNCUT.avi
recycle_bin	g:\TV\Look at Later\Season 6\General Inakappe - S06E03 - Friends.S06E03.UNCUT.avi
recycle_bin	g:\TV\Look at Later\Season 6\General Inakappe - S06E04 - Friends.S06E04.UNCUT.avi
recycle_bin	g:\TV\Look at Later\Season 6\General Inakappe - S06E05 - Friends.S06E05.UNCUT.avi
recycle_bin	g:\TV\Look at Later\Season 6\General Inakappe - S06E06 - Friends.S06E06.UNCUT.avi
recycle_bin	g:\TV\Look at Later\Season 6\General Inakappe - S06E07 - Friends.S06E07.UNCUT.avi
recycle_bin	g:\TV\Look at Later\Season 6\General Inakappe - S06E08 - Friends.S06E08.UNCUT.avi
recycle_bin	g:\TV\Look at Later\Season 6\General Inakappe - S06E09 - Friends.S06E09.UNCUT.avi
recycle_bin	g:\TV\Look at Later\Season 6\General Inakappe - S06E10 - Friends.S06E10.UNCUT.avi
recycle_bin	g:\TV\Look at Later\Season 6\General Inakappe - S06E11 - Friends.S06E11.UNCUT.avi
recycle_bin	g:\TV\Look at Later\Season 6\General Inakappe - S06E12 - Friends.S06E12.UNCUT.avi
recycle_bin	g:\TV\Look at Later\Season 6\General Inakappe - S06E13 - Friends.S06E13.UNCUT.avi
recycle_bin	g:\TV\Look at Later\Season 6\General Inakappe - S06E14 - Friends.S06E14.UNCUT.avi
recycle_bin	g:\TV\Look at Later\Season 6\General Inakappe - S06E15 - Friends.S06E15.S06E16.UNCUT.avi
recycle_bin	g:\TV\Look at Later\Season 6\General Inakappe - S06E17 - Friends.S06E17.UNCUT.avi
recycle_bin	g:\TV\Look at Later\Season 6\General Inakappe - S06E18 - Friends.S06E18.UNCUT.avi
recycle_bin	g:\TV\Look at Later\Season 6\General Inakappe - S06E19 - Friends.S06E19.UNCUT.avi
recycle_bin	g:\TV\Look at Later\Season 6\General Inakappe - S06E20 - Friends.S06E20.UNCUT.avi
recycle_bin	g:\TV\Look at Later\Season 6\General Inakappe - S06E21 - Friends.S06E21.UNCUT.avi
recycle_bin	g:\TV\Look at Later\Season 6\General Inakappe - S06E22 - Friends.S06E22.UNCUT.avi
recycle_bin	g:\TV\Look at Later\Season 6\General Inakappe - S06E23 - Friends.S06E23.UNCUT.avi
recycle_bin	g:\TV\Look at Later\Season 6\General Inakappe - S06E24 - Friends.S06E24.S06E25.UNCUT.avi
recycle_bin	g:\TV\Look at Later\Season 7\General Inakappe - S07E01 - Friends.S07E01.UNCUT.avi
recycle_bin	g:\TV\Look at Later\Season 7\General Inakappe - S07E02 - Friends.S07E02.UNCUT.avi
recycle_bin	g:\TV\Look at Later\Season 7\General Inakappe - S07E03 - Friends.S07E03.UNCUT.avi
recycle_bin	g:\TV\Look at Later\Season 7\General Inakappe - S07E04 - Friends.S07E04.UNCUT.avi
recycle_bin	g:\TV\Look at Later\Season 7\General Inakappe - S07E05 - Friends.S07E05.UNCUT.avi
recycle_bin	g:\TV\Look at Later\Season 7\General Inakappe - S07E06 - Friends.S07E06.UNCUT.avi
recycle_bin	g:\TV\Look at Later\Season 7\General Inakappe - S07E07 - Friends.S07E07.UNCUT.avi
recycle_bin	g:\TV\Look at Later\Season 7\General Inakappe - S07E08 - Friends.S07E08.UNCUT.avi
recycle_bin	g:\TV\Look at Later\Season 7\General Inakappe - S07E09 - Friends.S07E09.UNCUT.avi
recycle_bin	g:\TV\Look at Later\Season 7\General Inakappe - S07E10 - Friends.S07E10.UNCUT.avi
recycle_bin	g:\TV\Look at Later\Season 7\General Inakappe - S07E11 - Friends.S07E11.UNCUT.avi
recycle_bin	g:\TV\Look at Later\Season 7\General Inakappe - S07E12 - Friends.S07E12.UNCUT.avi
recycle_bin	g:\TV\Look at Later\Season 7\General Inakappe - S07E13 - Friends.S07E13.UNCUT.avi
recycle_bin	g:\TV\Look at Later\Season 7\General Inakappe - S07E14 - Friends.S07E14.UNCUT.avi
recycle_bin	g:\TV\Look at Later\Season 7\General Inakappe - S07E15 - Friends.S07E15.UNCUT.avi
recycle_bin	g:\TV\Look at Later\Season 7\General Inakappe - S07E16 - Friends.S07E16.UNCUT.avi
recycle_bin	g:\TV\Look at Later\Season 7\General Inakappe - S07E17 - Friends.S07E17.UNCUT.avi
recycle_bin	g:\TV\Look at Later\Season 7\General Inakappe - S07E18 - Friends.S07E18.UNCUT.avi
recycle_bin	g:\TV\Look at Later\Season 7\General Inakappe - S07E19 - Friends.S07E19.UNCUT.avi
recycle_bin	g:\TV\Look at Later\Season 7\General Inakappe - S07E20 - Friends.S07E20.UNCUT.avi
recycle_bin	g:\TV\Look at Later\Season 7\General Inakappe - S07E21 - Friends.S07E21.UNCUT.avi
recycle_bin	g:\TV\Look at Later\Season 7\General Inakappe - S07E22 - Friends.S07E22.UNCUT.avi
recycle_bin	g:\TV\Look at Later\Season 7\General Inakappe - S07E23 - Friends.S07E23-E24.UNCUT.avi
recycle_bin	g:\TV\Look at Later\Season 8\General Inakappe - S08E01 - Friends.S08E01.UNCUT.avi
recycle_bin	g:\TV\Look at Later\Season 8\General Inakappe - S08E02 - Friends.S08E02.UNCUT.avi
recycle_bin	g:\TV\Look at Later\Season 8\General Inakappe - S08E03 - Friends.S08E03.UNCUT.avi
recycle_bin	g:\TV\Look at Later\Season 8\General Inakappe - S08E04 - Friends.S08E04.UNCUT.avi
recycle_bin	g:\TV\Look at Later\Season 8\General Inakappe - S08E05 - Friends.S08E05.UNCUT.avi
recycle_bin	g:\TV\Look at Later\Season 8\General Inakappe - S08E06 - Friends.S08E06.UNCUT.avi
recycle_bin	g:\TV\Look at Later\Season 8\General Inakappe - S08E07 - Friends.S08E07.UNCUT.avi
recycle_bin	g:\TV\Look at Later\Season 8\General Inakappe - S08E08 - Friends.S08E08.UNCUT.avi
recycle_bin	g:\TV\Look at Later\Season 8\General Inakappe - S08E09 - Friends.S08E09.UNCUT.avi
recycle_bin	g:\TV\Look at Later\Season 8\General Inakappe - S08E10 - Friends.S08E10.UNCUT.avi
recycle_bin	g:\TV\Look at Later\Season 8\General Inakappe - S08E11 - Friends.S08E11.UNCUT.avi
recycle_bin	g:\TV\Look at Later\Season 8\General Inakappe - S08E12 - Friends.S08E12.UNCUT.avi
recycle_bin	g:\TV\Look at Later\Season 8\General Inakappe - S08E13 - Friends.S08E13.UNCUT.avi
recycle_bin	g:\TV\Look at Later\Season 8\General Inakappe - S08E14 - Friends.S08E14.UNCUT.avi
recycle_bin	g:\TV\Look at Later\Season 8\General Inakappe - S08E15 - Friends.S08E15.UNCUT.avi
recycle_bin	g:\TV\Look at Later\Season 8\General Inakappe - S08E16 - Friends.S08E16.UNCUT.avi
recycle_bin	g:\TV\Look at Later\Season 8\General Inakappe - S08E17 - Friends.S08E17.UNCUT.avi
recycle_bin	g:\TV\Look at Later\Season 8\General Inakappe - S08E18 - Friends.S08E18.UNCUT.avi
recycle_bin	g:\TV\Look at Later\Season 8\General Inakappe - S08E19 - Friends.S08E19.UNCUT.avi
recycle_bin	g:\TV\Look at Later\Season 8\General Inakappe - S08E20 - Friends.S08E20.UNCUT.avi
recycle_bin	g:\TV\Look at Later\Season 8\General Inakappe - S08E21 - Friends.S08E21.UNCUT.avi
recycle_bin	g:\TV\Look at Later\Season 8\General Inakappe - S08E22 - Friends.S08E22.UNCUT.avi
recycle_bin	g:\TV\Look at Later\Season 8\General Inakappe - S08E23 - Friends.S08E23.S08E24.UNCUT.avi
recycle_bin	g:\TV\Look at Later\Season 9\General Inakappe - S09E01 - Friends.S09E01.UNCUT.avi
recycle_bin	g:\TV\Look at Later\Season 9\General Inakappe - S09E02 - Friends.S09E02.UNCUT.avi
recycle_bin	g:\TV\Look at Later\Season 9\General Inakappe - S09E03 - Friends.S09E03.UNCUT.avi
recycle_bin	g:\TV\Look at Later\Season 9\General Inakappe - S09E04 - Friends.S09E04.UNCUT.avi
recycle_bin	g:\TV\Look at Later\Season 9\General Inakappe - S09E05 - Friends.S09E05.UNCUT.avi
recycle_bin	g:\TV\Look at Later\Season 9\General Inakappe - S09E06 - Friends.S09E06.UNCUT.avi
recycle_bin	g:\TV\Look at Later\Season 9\General Inakappe - S09E07 - Friends.S09E07.UNCUT.avi
recycle_bin	g:\TV\Look at Later\Season 9\General Inakappe - S09E08 - Friends.S09E08.UNCUT.avi
recycle_bin	g:\TV\Look at Later\Season 9\General Inakappe - S09E09 - Friends.S09E09.UNCUT.avi
recycle_bin	g:\TV\Look at Later\Season 9\General Inakappe - S09E10 - Friends.S09E10.UNCUT.avi
recycle_bin	g:\TV\Look at Later\Season 9\General Inakappe - S09E11 - Friends.S09E11.UNCUT.avi
recycle_bin	g:\TV\Look at Later\Season 9\General Inakappe - S09E12 - Friends.S09E12.UNCUT.avi
recycle_bin	g:\TV\Look at Later\Season 9\General Inakappe - S09E13 - Friends.S09E13.UNCUT.avi
recycle_bin	g:\TV\Look at Later\Season 9\General Inakappe - S09E14 - Friends.S09E14.UNCUT.avi
recycle_bin	g:\TV\Look at Later\Season 9\General Inakappe - S09E15 - Friends.S09E15.UNCUT.avi
recycle_bin	g:\TV\Look at Later\Season 9\General Inakappe - S09E16 - Friends.S09E16.UNCUT.avi
recycle_bin	g:\TV\Look at Later\Season 9\General Inakappe - S09E17 - Friends.S09E17.UNCUT.avi
recycle_bin	g:\TV\Look at Later\Season 9\General Inakappe - S09E18 - Friends.S09E18.UNCUT.avi
recycle_bin	g:\TV\Look at Later\Season 9\General Inakappe - S09E19 - Friends.S09E19.UNCUT.avi
recycle_bin	g:\TV\Look at Later\Season 9\General Inakappe - S09E20 - Friends.S09E20.UNCUT.avi
recycle_bin	g:\TV\Look at Later\Season 9\General Inakappe - S09E21 - Friends.S09E21.UNCUT.avi
recycle_bin	g:\TV\Look at Later\Season 9\General Inakappe - S09E22 - Friends.S09E22.UNCUT.avi
recycle_bin	g:\TV\Look at Later\Season 9\General Inakappe - S09E23 - Friends.S09E23-24.UNCUT.avi
recycle_bin	g:\TV\Look at Later\Season 10\General Inakappe - S10E01 - Friends.S10.E01.UNCUT.avi
recycle_bin	g:\TV\Look at Later\Season 10\General Inakappe - S10E02 - Friends.S10.E02.UNCUT.avi
recycle_bin	g:\TV\Look at Later\Season 10\General Inakappe - S10E03 - Friends.S10.E03.UNCUT.avi
recycle_bin	g:\TV\Look at Later\Season 10\General Inakappe - S10E04 - Friends.S10.E04.UNCUT.avi
recycle_bin	g:\TV\Look at Later\Season 10\General Inakappe - S10E05 - Friends.S10.E05.UNCUT.avi
recycle_bin	g:\TV\Look at Later\Season 10\General Inakappe - S10E06 - Friends.S10.E06.UNCUT.avi
recycle_bin	g:\TV\Look at Later\Season 10\General Inakappe - S10E07 - Friends.S10.E07.UNCUT.avi
recycle_bin	g:\TV\Look at Later\Season 10\General Inakappe - S10E08 - Friends.S10.E08.UNCUT.avi
recycle_bin	g:\TV\Look at Later\Season 10\General Inakappe - S10E09 - Friends.S10.E09.UNCUT.avi
recycle_bin	g:\TV\Look at Later\Season 10\General Inakappe - S10E10 - Friends.S10.E10.UNCUT.avi
recycle_bin	g:\TV\Look at Later\Season 10\General Inakappe - S10E11 - Friends.S10.E11.UNCUT.avi
recycle_bin	g:\TV\Look at Later\Season 10\General Inakappe - S10E12 - Friends.S10.E12.UNCUT.avi
recycle_bin	g:\TV\Look at Later\Season 10\General Inakappe - S10E13 - Friends.S10.E13.UNCUT.avi
recycle_bin	g:\TV\Look at Later\Season 10\General Inakappe - S10E14 - Friends.S10.E14.UNCUT.avi
recycle_bin	g:\TV\Look at Later\Season 10\General Inakappe - S10E15 - Friends.S10.E15.UNCUT.avi
recycle_bin	g:\TV\Look at Later\Season 10\General Inakappe - S10E16 - Friends.S10.E16.UNCUT.avi
recycle_bin	g:\TV\Look at Later\Season 10\General Inakappe - S10E17 - Friends.S10E17-18.UNCUT.avi
recycle_bin	g:\TV\Look at Later\Season 2\General Inakappe - S02E01 - Garfield and Friends - 2x01 - Pest Of A Guest - The Impractical Joker - Fat & Furry.avi
recycle_bin	g:\TV\Look at Later\Season 2\General Inakappe - S02E02 - Garfield and Friends - 2x02 - Rip Van Kitty - Grabbity - The Big Catnap.avi
recycle_bin	g:\TV\Look at Later\Season 2\General Inakappe - S02E03 - Garfield and Friends - 2x03 - The Great Giveaway - Scrambled Eggs - Hansel And Garfield.avi
recycle_bin	g:\TV\Look at Later\Season 2\General Inakappe - S02E04 - Garfield and Friends - 2x04 - The Sludge Monster - Fortune Kooky - Heatwave Holiday.avi
recycle_bin	g:\TV\Look at Later\Season 2\General Inakappe - S02E05 - Garfield and Friends - 2x05 - One Good Fern Deserves Another - Goody-Go-Round - The Black Book.avi
recycle_bin	g:\TV\Look at Later\Season 2\General Inakappe - S02E06 - Garfield and Friends - 2x06 - The Legend Of The Lake - Double Oh Orson - Health Feud.avi
recycle_bin	g:\TV\Look at Later\Season 2\General Inakappe - S02E07 - Garfield and Friends - 2x07 - Binky Get Cancelled! - Show Stoppers - Cutie And The Beast.avi
recycle_bin	g:\TV\Look at Later\Season 2\General Inakappe - S02E08 - Garfield and Friends - 2x08 - The Lasagna Zone - Sleepytime Pig - Yojumbo.avi
recycle_bin	g:\TV\Look at Later\Season 2\General Inakappe - S02E09 - Garfield and Friends - 2x09 - Pros And Cons - Rooster Revenge - Lights! Camera! Garfield!.avi
recycle_bin	g:\TV\Look at Later\Season 2\General Inakappe - S02E10 - Garfield and Friends - 2x10 - Polecat Flats - Hogcules - Brain Boy.avi
recycle_bin	g:\TV\Look at Later\Season 2\General Inakappe - S02E11 - Garfield and Friends - 2x11 - Maine Course - No Laughing Matter - Attack Of The Mutant Guppies.avi
recycle_bin	g:\TV\Look at Later\Season 2\General Inakappe - S02E12 - Garfield and Friends - 2x12 - Robodie - First Aid Wade! - Video Victim.avi
recycle_bin	g:\TV\Look at Later\Season 2\General Inakappe - S02E13 - Garfield and Friends - 2x13 - The Curse of the Klopman - Mud Sweet Mud - Rainy Day Dreams.avi
recycle_bin	g:\TV\Look at Later\Season 2\General Inakappe - S02E14 - Garfield and Friends - 2x14 - Basket Brawl - Origin of Power Pig - Cactus Jack Rides Again.avi
recycle_bin	g:\TV\Look at Later\Season 2\General Inakappe - S02E15 - Garfield and Friends - 2x15 - Binky Goes Bad! - Barn of Fear - Mini-Mall Matters.avi
recycle_bin	g:\TV\Look at Later\Season 2\General Inakappe - S02E16 - Garfield and Friends - 2x16 - Attention Getting Garfield - Swine Trek - It Must Be True!.avi
recycle_bin	g:\TV\Look at Later\Season 2\General Inakappe - S02E17 - Garfield and Friends - 2x17 - Arrivederci, Odie! - Gort Goes Good - Feeling Feline.avi
recycle_bin	g:\TV\Look at Later\Season 2\General Inakappe - S02E18 - Garfield and Friends - 2x18 - The Bear Facts - Nothing To Be Afraid Of - The Big Talker.avi
recycle_bin	g:\TV\Look at Later\Season 2\General Inakappe - S02E19 - Garfield and Friends - 2x19 - Cactus Makes Perfect - Hogcules II - Crime and Nourishment.avi
recycle_bin	g:\TV\Look at Later\Season 2\General Inakappe - S02E20 - Garfield and Friends - 2x20 - T.V. of Tomorrow - Little Red Riding Egg - Well-Fed Feline.avi
recycle_bin	g:\TV\Look at Later\Season 2\General Inakappe - S02E21 - Garfield and Friends - 2x21 - Invasion of the Big Robots - Shelf Esteem - Housebreak Hotel.avi
recycle_bin	g:\TV\Look at Later\Season 2\General Inakappe - S02E22 - Garfield and Friends - 2x22 - First Class Feline - Hamelot - How to Be Funny!.avi
recycle_bin	g:\TV\Look at Later\Season 2\General Inakappe - S02E23 - Garfield and Friends - 2x23 - Mystic Manor - Flop Goes the Weasel - The Legend of Long Jon.avi
recycle_bin	g:\TV\Look at Later\Season 2\General Inakappe - S02E24 - Garfield and Friends - 2x24 - China Cat - Cock-a-Doodle Dandy - Beach Blanket Bonzo.avi
recycle_bin	g:\TV\Look at Later\Season 2\General Inakappe - S02E25 - Garfield and Friends - 2x25 - Lemon-Aid - Hog Noon - Video Airlines.avi
recycle_bin	g:\TV\Look at Later\Season 2\General Inakappe - S02E26 - Garfield and Friends - 2x26 - The Mail Animal - Peanut-Brained Rooster - Mummy Dearest.avi
recycle_bin	g:\TV\Look at Later\Season 3\General Inakappe - S03E01 - Garfield and Friends - 3x01 - Skyway Robbery - The Bunny Rabbits Is Coming! - Close Encounters of the Garfield Kind.avi
recycle_bin	g:\TV\Look at Later\Season 3\General Inakappe - S03E02 - Garfield and Friends - 3x02 - Astro-Cat! - Cock-A-Doodle Duel - Cinderella Cat.avi
recycle_bin	g:\TV\Look at Later\Season 3\General Inakappe - S03E03 - Garfield and Friends - 3x03 - Ship Shape - Barn of Fear II - Break a Leg.avi
recycle_bin	g:\TV\Look at Later\Season 3\General Inakappe - S03E04 - Garfield and Friends - 3x04 - Twice Told Tale - Orson Goes on Vacation - Wedding Bell Blues.avi
recycle_bin	g:\TV\Look at Later\Season 3\General Inakappe - S03E05 - Garfield and Friends - 3x05 - Clean Sweep - Secrets of the Animated Cartoon - How the West Was Lost.avi
recycle_bin	g:\TV\Look at Later\Season 3\General Inakappe - S03E06 - Garfield and Friends - 3x06 - Binky Gets Cancelled Again! - Orson's Diner - Flat Tired.avi
recycle_bin	g:\TV\Look at Later\Season 3\General Inakappe - S03E07 - Garfield and Friends - 3x07 - Return of the Buddy Bears - Much Ado About Lanolin - Reigning Cats and Dogs.avi
recycle_bin	g:\TV\Look at Later\Season 3\General Inakappe - S03E08 - Garfield and Friends - 3x08 - Fit for a King - Ben Hog - Dessert in the Desert.avi
recycle_bin	g:\TV\Look at Later\Season 3\General Inakappe - S03E09 - Garfield and Friends - 3x09 - Hound of the Arbuckles - Red Alert - Urban Arbuckle.avi
recycle_bin	g:\TV\Look at Later\Season 3\General Inakappe - S03E10 - Garfield and Friends - 3x10 - Odielocks and the Three Cats - Quack to the Future - Beddy Buy.avi
recycle_bin	g:\TV\Look at Later\Season 3\General Inakappe - S03E11 - Garfield and Friends - 3x11 - Count Lasagna - Mystery Guest - Rodent Rampage.avi
recycle_bin	g:\TV\Look at Later\Season 3\General Inakappe - S03E12 - Garfield and Friends - 3x12 - Feline Felon - The Legal Eagle - The Cactus Saga.avi
recycle_bin	g:\TV\Look at Later\Season 3\General Inakappe - S03E13 - Garfield and Friends - 3x13 - D.J. Jon - Cornfinger - Five Minute Warning.avi
recycle_bin	g:\TV\Look at Later\Season 3\General Inakappe - S03E14 - Garfield and Friends - 3x14 - Wonderful World - The Orson Awards - The Garfield Workout.avi
recycle_bin	g:\TV\Look at Later\Season 3\General Inakappe - S03E15 - Garfield and Friends - 3x15 - All Things Fat and Small - Robin Hog - Hare Replacement.avi
recycle_bin	g:\TV\Look at Later\Season 3\General Inakappe - S03E16 - Garfield and Friends - 3x16 - Stick to It - Orson in Wonderland - For Cats Only.avi
recycle_bin	g:\TV\Look at Later\Season 3\General Inakappe - S03E17 - Garfield and Friends - 3x17 - Mistakes Will Happen - The Well Dweller - The Wise Man.avi
recycle_bin	g:\TV\Look at Later\Season 3\General Inakappe - S03E18 - Garfield and Friends - 3x18 - Star Struck - Election Daze - Dirty Business.avi
recycle_bin	g:\TV\Look at Later\Season 4\General Inakappe - S04E01 - Garfield and Friends - 4x01 - The Legend of Cactus Jupiter - Birthday Boy Roy - Jukebox Jon.avi
recycle_bin	g:\TV\Look at Later\Season 4\General Inakappe - S04E02 - Garfield and Friends - 4x02 - Squeak Previews - Dr. Jekyll & Mr. Wade - A Tall Tale.avi
recycle_bin	g:\TV\Look at Later\Season 4\General Inakappe - S04E03 - Garfield and Friends - 4x03 - Moo Cow Mutt - Big Bad Buddy Bird - Angel Puss.avi
recycle_bin	g:\TV\Look at Later\Season 4\General Inakappe - S04E04 - Garfield and Friends - 4x04 - Trial and Error - An Egg-Citing Story - Supermarket Mania.avi
recycle_bin	g:\TV\Look at Later\Season 4\General Inakappe - S04E05 - Garfield and Friends - 4x05 - Frankenstein Feline - Weatherman Wade - Fill-in Feline.avi
recycle_bin	g:\TV\Look at Later\Season 4\General Inakappe - S04E06 - Garfield and Friends - 4x06 - Polar Pussycat - Over the Rainbow - Remote Possibilities.avi
recycle_bin	g:\TV\Look at Later\Season 4\General Inakappe - S04E07 - Garfield and Friends - 4x07 - Night of the Living Laundromat - Fast Food - Cash and Carry.avi
recycle_bin	g:\TV\Look at Later\Season 4\General Inakappe - S04E08 - Garfield and Friends - 4x08 - Speed Trap - Flights of Fantasy - Castaway Cat.avi
recycle_bin	g:\TV\Look at Later\Season 4\General Inakappe - S04E09 - Garfield and Friends - 4x09 - Mind Over Matter - Orson at the Bat - The Multiple Choice Cartoon.avi
recycle_bin	g:\TV\Look at Later\Season 4\General Inakappe - S04E10 - Garfield and Friends - 4x10 - Galactic Gamesman Garfield - Sly Spy Guy - The Thing That Stayed.avi
recycle_bin	g:\TV\Look at Later\Season 4\General Inakappe - S04E11 - Garfield and Friends - 4x11 - Bouncing Baby Blues - The Ugly Duckling - Learning Lessons.avi
recycle_bin	g:\TV\Look at Later\Season 4\General Inakappe - S04E12 - Garfield and Friends - 4x12 - Robodie II - For Butter or Worse - Annoying Things.avi
recycle_bin	g:\TV\Look at Later\Season 4\General Inakappe - S04E13 - Garfield and Friends - 4x13 - Guaranteed Trouble - Fan Clubbing - A Jarring Experience.avi
recycle_bin	g:\TV\Look at Later\Season 4\General Inakappe - S04E14 - Garfield and Friends - 4x14 - The Idol of Id - Bedtime Story Blues - Mamma Manicotti.avi
recycle_bin	g:\TV\Look at Later\Season 4\General Inakappe - S04E15 - Garfield and Friends - 4x15 - The Pizza Patrol - The Son Also Rises - Rolling Romance.avi
recycle_bin	g:\TV\Look at Later\Season 4\General Inakappe - S04E16 - Garfield and Friends - 4x16 - The Animated, Automated Cartoon - It's a Wonderful Wade - Truckin' Odie.avi
recycle_bin	g:\TV\Look at Later\Season 5\General Inakappe - S05E01 - Garfield and Friends - 5x01 - Home Away from Home - Rainy Day Robot - Odie the Amazing.avi
recycle_bin	g:\TV\Look at Later\Season 5\General Inakappe - S05E02 - Garfield and Friends - 5x02 - Home Sweet Swindler - Forget-Me-Not Newton - The Great Inventor.avi
recycle_bin	g:\TV\Look at Later\Season 5\General Inakappe - S05E03 - Garfield and Friends - 5x03 - Taste Makes Waist - The Wolf Who Cried Boy - Day of Doom.avi
recycle_bin	g:\TV\Look at Later\Season 5\General Inakappe - S05E04 - Garfield and Friends - 5x04 - Country Cousin - The Name Game - The Carnival Curse.avi
recycle_bin	g:\TV\Look at Later\Season 5\General Inakappe - S05E05 - Garfield and Friends - 5x05 - Renewed Terror - Badtime Story - Tooth or Dare.avi
recycle_bin	g:\TV\Look at Later\Season 5\General Inakappe - S05E06 - Garfield and Friends - 5x06 - The First Annual Garfield Watchers Test - Stark Raven Mad - The Record Breaker.avi
recycle_bin	g:\TV\Look at Later\Season 5\General Inakappe - S05E07 - Garfield and Friends - 5x07 - The Kitty Council - The Bo Show - Bad Neighbor Policy.avi
recycle_bin	g:\TV\Look at Later\Season 5\General Inakappe - S05E08 - Garfield and Friends - 5x08 - Canvas Back Cat - Make Believe Moon - The Creature That Lived in the Refrigerator.avi
recycle_bin	g:\TV\Look at Later\Season 5\General Inakappe - S05E09 - Garfield and Friends - 5x09 - Cute for Loot - The Caverns of Cocoa - Dream Date.avi
recycle_bin	g:\TV\Look at Later\Season 5\General Inakappe - S05E10 - Garfield and Friends - 5x10 - Airborne Odie - Once Upon A Time Warp - Bride and Broom.avi
recycle_bin	g:\TV\Look at Later\Season 5\General Inakappe - S05E11 - Garfield and Friends - 5x11 - Dummy for Danger - Sooner or Later - Jumping Jon.avi
recycle_bin	g:\TV\Look at Later\Season 5\General Inakappe - S05E12 - Garfield and Friends - 5x12 - The Worst Pizza in the History of Mankind - Jack II, The Rest of the Story - The Garfield Opera.avi
recycle_bin	g:\TV\Look at Later\Season 5\General Inakappe - S05E13 - Garfield and Friends - 5x13 - Cartoon Cat Conspiracy - Who Done It - The Picnic Panic.avi
recycle_bin	g:\TV\Look at Later\Season 5\General Inakappe - S05E14 - Garfield and Friends - 5x14 - Sound Judgment - Gross Encounters - The Perils of Penelope.avi
recycle_bin	g:\TV\Look at Later\Season 5\General Inakappe - S05E16 - Garfield and Friends - 5x16 - Ghost of a Chance - Roy Gets Sacked - Revenge of the Living Lunch.avi
recycle_bin	g:\TV\Look at Later\Season 5\General Inakappe - S05E17 - Garfield and Friends - 5x17 - Supersonic Seymour - A Mildly Mental Mix-Up - The Garfield Rap.avi
recycle_bin	g:\TV\Look at Later\Season 6\General Inakappe - S06E01 - Garfield and Friends - 6x01 - A Vacation from his Senses - The Incredibly Stupid Swamp Monster - Dread Giveaway.avi
recycle_bin	g:\TV\Look at Later\Season 6\General Inakappe - S06E02 - Garfield and Friends - 6x02 - The Wright Stuff - Orson Express - Safe at Home.avi
recycle_bin	g:\TV\Look at Later\Season 6\General Inakappe - S06E03 - Garfield and Friends - 6x03 - Jon the Barbarian - Uncle Roy to the Rescue - The Kitten and the Council.avi
recycle_bin	g:\TV\Look at Later\Season 6\General Inakappe - S06E04 - Garfield and Friends - 6x04 - Next-Door Nuisance - What's It All About, Wade - Bigfeetz.avi
recycle_bin	g:\TV\Look at Later\Season 6\General Inakappe - S06E05 - Garfield and Friends - 6x05 - Canine Conspiracy - Snow Wade and the 77 Dwarfs I - The Genuine Article.avi
recycle_bin	g:\TV\Look at Later\Season 6\General Inakappe - S06E06 - Garfield and Friends - 6x06 - The Best Policy - Snow Wade and the 77 Dwarfs II - Fishy Feline.avi
recycle_bin	g:\TV\Look at Later\Season 6\General Inakappe - S06E07 - Garfield and Friends - 6x07 - The Pie-Eyed Piper - Fine-Feathered Funny Man - Sweet Tweet Treat.avi
recycle_bin	g:\TV\Look at Later\Season 6\General Inakappe - S06E08 - Garfield and Friends - 6x08 - The Floyd Story - How Now, Stolen Cow - The Second Penelope Episode.avi
recycle_bin	g:\TV\Look at Later\Season 6\General Inakappe - S06E09 - Garfield and Friends - 6x09 - Dr. Jekyll and Mr. Mouse - Payday Mayday - How to Drive Humans Crazy.avi
recycle_bin	g:\TV\Look at Later\Season 6\General Inakappe - S06E10 - Garfield and Friends - 6x10 - Date of Disaster - A Little Time-Off - The Longest Doze.avi
recycle_bin	g:\TV\Look at Later\Season 6\General Inakappe - S06E11 - Garfield and Friends - 6x11 - Stairway to Stardom - The Return of the Incredibly Stupid Swamp Monster - The Life and Times of the Lasagna Kid.avi
recycle_bin	g:\TV\Look at Later\Season 6\General Inakappe - S06E12 - Garfield and Friends - 6x12 - Magic, Monsters and Manicotto - The Midnight Ride o fPaul Revere's Duck - Unreal Estate.avi
recycle_bin	g:\TV\Look at Later\Season 6\General Inakappe - S06E13 - Garfield and Friends - 6x13 - Lost and Foundling - Winter Wonderland - Films and Felines.avi
recycle_bin	g:\TV\Look at Later\Season 6\General Inakappe - S06E14 - Garfield and Friends - 6x14 - The Garfield Musical - Mind Over Mevlin - Madman Meets His Match.avi
recycle_bin	g:\TV\Look at Later\Season 6\General Inakappe - S06E15 - Garfield and Friends - 6x15 - Knights and Daze - Holiday Happening - Jailbird Jon.avi
recycle_bin	g:\TV\Look at Later\Season 6\General Inakappe - S06E16 - Garfield and Friends - 6x16 - The Third Penelope Episode - Hare Force - Garfield's Garbage Can and Tin Pin Alley Revue.avi
recycle_bin	g:\TV\Look at Later\Season 7\General Inakappe - S07E01 - Garfield and Friends - 7x01 - Change of Mind - Temp Trouble - The Perfect Match.avi
recycle_bin	g:\TV\Look at Later\Season 7\General Inakappe - S07E02 - Garfield and Friends - 7x02 - The Legend of Johnny Ragweedseed - Grape Expectations I - Catch As Cats Can't.avi
recycle_bin	g:\TV\Look at Later\Season 7\General Inakappe - S07E03 - Garfield and Friends - 7x03 - A Matter of Conscience - Grape Expectations II - Top Ten.avi
recycle_bin	g:\TV\Look at Later\Season 7\General Inakappe - S07E04 - Garfield and Friends - 7x04 - My Fair Feline - Double Trouble Talk - Half-Baked Alaska.avi
recycle_bin	g:\TV\Look at Later\Season 7\General Inakappe - S07E10 - Garfield and Friends - 7x10 - My Fair Feline - Double Trouble Talk - Half-Baked Alaska.avi
recycle_bin	g:\TV\Look at Later\Season 7\General Inakappe - S07E05 - Garfield and Friends - 7x05 - Puss in High-Tops - Egg Over Easy I - The Beast from Beyond.avi
recycle_bin	g:\TV\Look at Later\Season 7\General Inakappe - S07E06 - Garfield and Friends - 7x06 - Model Behavior - Egg Over Easy II - Another Ant Episode.avi
recycle_bin	g:\TV\Look at Later\Season 7\General Inakappe - S07E17 - Garfield and Friends - 7x17 - Model Behavior - Egg Over Easy II - Another Ant Episode.avi
recycle_bin	g:\TV\Look at Later\Season 7\General Inakappe - S07E07 - Garfield and Friends - 7x07 - Guy of Her Dreams - The Discount of Monty Cristo - The Fairy Dogmother.avi
recycle_bin	g:\TV\Look at Later\Season 7\General Inakappe - S07E19 - Garfield and Friends - 7x19 - Guy of Her Dreams - The Discount of Monty Cristo - The Fairy Dogmother.avi
recycle_bin	g:\TV\Look at Later\Season 7\General Inakappe - S07E08 - Garfield and Friends - 7x08 - The Stand-Up Mouse - Daydream Doctor - Happy Garfield Day.avi
recycle_bin	g:\TV\Look at Later\Season 7\General Inakappe - S07E09 - Garfield and Friends - 7x09 - Sit on It - Kiddy Korner - Brainware Broadcast.avi
recycle_bin	g:\TV\Look at Later\Season 7\General Inakappe - S07E10 - Garfield And Friends - 7x10 - The Suburban Jungle - The Thing In The Box - The Feline Philosopher.avi
recycle_bin	g:\TV\Look at Later\Season 7\General Inakappe - S07E11 - Garfield and Friends - 7x11 - Thoroughly Mixed-Up Mouse - The Old Man of the Mountain - Food Fighter.avi
recycle_bin	g:\TV\Look at Later\Season 7\General Inakappe - S07E13 - Garfield and Friends - 7x13 - The Jelly Roger - The Farmyard Feline Philosopher - Dogmother II.avi
recycle_bin	g:\TV\Look at Later\Season 7\General Inakappe - S07E14 - Garfield and Friends - 7x14 - Alley Katta and the 40 Thieves - If It's Tuesday, This Must be Alpha Centauri - Clash of Titans.avi
recycle_bin	g:\TV\Look at Later\Season 7\General Inakappe - S07E15 - Garfield and Friends - 7x15 - Canned Laughter - Deja Vu - The Man Who Hated Cats.avi
recycle_bin	g:\TV\Look at Later\Season 7\General Inakappe - S07E16 - Garfield and Friends - 7x16 - Arbuckle the Invincible - The Monster Who Couldn't Scare Anybody - The Ocean Blue.avi
recycle_bin	g:\TV\Look at Later\Season 7\General Inakappe - S07E18 - Garfield and Friends - 7x18 - The Horror Hostess I - Newsworthy Wade - The Horror Hostess II.avi
recycle_bin	g:\TV\Look at Later\Season 2\General Inakappe - S02E01 - Get Smart - 2x01 - Anatomy Of A Lover.avi
recycle_bin	g:\TV\Look at Later\Season 2\General Inakappe - S02E02 - Get Smart - 2x02 - Strike While The Agent Is Hot.avi
recycle_bin	g:\TV\Look at Later\Season 2\General Inakappe - S02E03 - Get Smart - 2x03 - A Spy For A Spy.avi
recycle_bin	g:\TV\Look at Later\Season 2\General Inakappe - S02E04 - Get Smart - 2x04 - The Only Way To Die.avi
recycle_bin	g:\TV\Look at Later\Season 2\General Inakappe - S02E05 - Get Smart - 2x05 - Maxwell Smart, Alias Jimmy Ballantine.avi
recycle_bin	g:\TV\Look at Later\Season 2\General Inakappe - S02E06 - Get Smart - 2x06 - Casablanca.avi
recycle_bin	g:\TV\Look at Later\Season 2\General Inakappe - S02E07 - Get Smart - 2x07 - The Decoy.avi
recycle_bin	g:\TV\Look at Later\Season 2\General Inakappe - S02E08 - Get Smart - 2x08 - Hoo Done It.avi
recycle_bin	g:\TV\Look at Later\Season 2\General Inakappe - S02E09 - Get Smart - 2x09 - Rub-A-Dub-Dub..Three Spies In A Sub.avi
recycle_bin	g:\TV\Look at Later\Season 2\General Inakappe - S02E10 - Get Smart - 2x10 - The Greatest Spy On Earth.avi
recycle_bin	g:\TV\Look at Later\Season 2\General Inakappe - S02E11 - Get Smart - 2x11 - Island Of The Darned.avi
recycle_bin	g:\TV\Look at Later\Season 2\General Inakappe - S02E12 - Get Smart - 2x12 - Bronzefinger.avi
recycle_bin	g:\TV\Look at Later\Season 2\General Inakappe - S02E13 - Get Smart - 2x13 - Perils In A Pet Shop.avi
recycle_bin	g:\TV\Look at Later\Season 2\General Inakappe - S02E14 - Get Smart - 2x14 - The Whole Tooth And.avi
recycle_bin	g:\TV\Look at Later\Season 2\General Inakappe - S02E15 - Get Smart - 2x15 - Kiss Of Death.avi
recycle_bin	g:\TV\Look at Later\Season 2\General Inakappe - S02E16 - Get Smart - 2x16 - It Takes One To Know One.avi
recycle_bin	g:\TV\Look at Later\Season 2\General Inakappe - S02E17 - Get Smart - 2x17 - Someone Down Here Hates Me.avi
recycle_bin	g:\TV\Look at Later\Season 2\General Inakappe - S02E18 - Get Smart - 2x18 - Cutback At CONTROL.avi
recycle_bin	g:\TV\Look at Later\Season 2\General Inakappe - S02E19 - Get Smart - 2x19 - The Mummy.avi
recycle_bin	g:\TV\Look at Later\Season 2\General Inakappe - S02E20 - Get Smart - 2x20 - The Girls From KAOS.avi
recycle_bin	g:\TV\Look at Later\Season 2\General Inakappe - S02E21 - Get Smart - 2x21 - The Man From YENTA.avi
recycle_bin	g:\TV\Look at Later\Season 2\General Inakappe - S02E22 - Get Smart - 2x22 - Smart Fit The Battle Of Jericho.avi
recycle_bin	g:\TV\Look at Later\Season 2\General Inakappe - S02E23 - Get Smart - 2x23 - Where-What-How-Who Am I.avi
recycle_bin	g:\TV\Look at Later\Season 2\General Inakappe - S02E24 - Get Smart - 2x24 - The Expendable Agent.avi
recycle_bin	g:\TV\Look at Later\Season 2\General Inakappe - S02E25 - Get Smart - 2x25 - How To Succeed In The Spy Business Without Really Trying.avi
recycle_bin	g:\TV\Look at Later\Season 2\General Inakappe - S02E26 - Get Smart - 2x26 - Appointment In Sahara.avi
recycle_bin	g:\TV\Look at Later\Season 2\General Inakappe - S02E27 - Get Smart - 2x27 - Pussycats Galore.avi
recycle_bin	g:\TV\Look at Later\Season 2\General Inakappe - S02E28 - Get Smart - 2x28 - A Man Called Smart pt1.avi
recycle_bin	g:\TV\Look at Later\Season 2\General Inakappe - S02E29 - Get Smart - 2x29 - A Man Called Smart pt2.avi
recycle_bin	g:\TV\Look at Later\Season 2\General Inakappe - S02E30 - Get Smart - 2x30 - A Man Called Smart pt3.avi
recycle_bin	g:\TV\Look at Later\Season 3\General Inakappe - S03E01 - Get Smart - 3x01 - Viva Smart.avi
recycle_bin	g:\TV\Look at Later\Season 3\General Inakappe - S03E02 - Get Smart - 3x02 - Witness For The Persecution.avi
recycle_bin	g:\TV\Look at Later\Season 3\General Inakappe - S03E03 - Get Smart - 3x03 - The Spy Who Met Himself.avi
recycle_bin	g:\TV\Look at Later\Season 3\General Inakappe - S03E04 - Get Smart - 3x04 - The Spirit Is Willing.avi
recycle_bin	g:\TV\Look at Later\Season 3\General Inakappe - S03E05 - Get Smart - 3x05 - Maxwell Smart, Private Eye.avi
recycle_bin	g:\TV\Look at Later\Season 3\General Inakappe - S03E06 - Get Smart - 3x06 - Supersonic Boom.avi
recycle_bin	g:\TV\Look at Later\Season 3\General Inakappe - S03E07 - Get Smart - 3x07 - One Of Our Olives Is Missing.avi
recycle_bin	g:\TV\Look at Later\Season 3\General Inakappe - S03E08 - Get Smart - 3x08 - When Good Fellows Get Together.avi
recycle_bin	g:\TV\Look at Later\Season 3\General Inakappe - S03E09 - Get Smart - 3x09 - Dr. Yes.avi
recycle_bin	g:\TV\Look at Later\Season 3\General Inakappe - S03E10 - Get Smart - 3x10 - That Old Gang Of Mine.avi
recycle_bin	g:\TV\Look at Later\Season 3\General Inakappe - S03E11 - Get Smart - 3x11 - The Mild Ones.avi
recycle_bin	g:\TV\Look at Later\Season 3\General Inakappe - S03E12 - Get Smart - 3x12 - Classification - Dead.avi
recycle_bin	g:\TV\Look at Later\Season 3\General Inakappe - S03E13 - Get Smart - 3x13 - The Mysterious Dr. T.avi
recycle_bin	g:\TV\Look at Later\Season 3\General Inakappe - S03E14 - Get Smart - 3x14 - The King Lives.avi
recycle_bin	g:\TV\Look at Later\Season 3\General Inakappe - S03E15 - Get Smart - 3x15 - The Groovy Guru.avi
recycle_bin	g:\TV\Look at Later\Season 3\General Inakappe - S03E16 - Get Smart - 3x16 - The Little Black Book pt1.avi
recycle_bin	g:\TV\Look at Later\Season 3\General Inakappe - S03E17 - Get Smart - 3x17 - The Little Black Book pt2.avi
recycle_bin	g:\TV\Look at Later\Season 3\General Inakappe - S03E18 - Get Smart - 3x18 - Don't Look Back.avi
recycle_bin	g:\TV\Look at Later\Season 3\General Inakappe - S03E19 - Get Smart - 3x19 - 99 Loses CONTROL.avi
recycle_bin	g:\TV\Look at Later\Season 3\General Inakappe - S03E20 - Get Smart - 3x20 - The Wax Max.avi
recycle_bin	g:\TV\Look at Later\Season 3\General Inakappe - S03E21 - Get Smart - 3x21 - Operation Ridiculous.avi
recycle_bin	g:\TV\Look at Later\Season 3\General Inakappe - S03E22 - Get Smart - 3x22 - Spy, Spy, Birdie.avi
recycle_bin	g:\TV\Look at Later\Season 3\General Inakappe - S03E23 - Get Smart - 3x23 - Run, Robot, Run.avi
recycle_bin	g:\TV\Look at Later\Season 3\General Inakappe - S03E24 - Get Smart - 3x24 - The Hot Line.avi
recycle_bin	g:\TV\Look at Later\Season 3\General Inakappe - S03E25 - Get Smart - 3x25 - Die, Spy.avi
recycle_bin	g:\TV\Look at Later\Season 3\General Inakappe - S03E26 - Get Smart - 3x26 - The Reluctant Redhead.avi
recycle_bin	g:\TV\Look at Later\Season 4\General Inakappe - S04E01 - Get Smart - 4x01 - The Impossible Mission.avi
recycle_bin	g:\TV\Look at Later\Season 4\General Inakappe - S04E02 - Get Smart - 4x02 - Snoopy Smart vs. The Red Baron.avi
recycle_bin	g:\TV\Look at Later\Season 4\General Inakappe - S04E03 - Get Smart - 4x03 - Closely Watched Planes.avi
recycle_bin	g:\TV\Look at Later\Season 4\General Inakappe - S04E04 - Get Smart - 4x04 - The Secret Of Sam Vittorio.avi
recycle_bin	g:\TV\Look at Later\Season 4\General Inakappe - S04E05 - Get Smart - 4x05 - Diamonds Are A Spy's Best Friend.avi
recycle_bin	g:\TV\Look at Later\Season 4\General Inakappe - S04E06 - Get Smart - 4x06 - The Worst Best Man.avi
recycle_bin	g:\TV\Look at Later\Season 4\General Inakappe - S04E07 - Get Smart - 4x07 - The Return Of The Ancient Mariner.avi
recycle_bin	g:\TV\Look at Later\Season 4\General Inakappe - S04E08 - Get Smart - 4x08 - With Love And Twitches.avi
recycle_bin	g:\TV\Look at Later\Season 4\General Inakappe - S04E09 - Get Smart - 4x09 - The Laser Blazer.avi
recycle_bin	g:\TV\Look at Later\Season 4\General Inakappe - S04E10 - Get Smart - 4x10 - The Farkas Fracas.avi
recycle_bin	g:\TV\Look at Later\Season 4\General Inakappe - S04E11 - Get Smart - 4x11 - Temporarily Out Of CONTROL.avi
recycle_bin	g:\TV\Look at Later\Season 4\General Inakappe - S04E12 - Get Smart - 4x12 - Schwartz's Island.avi
recycle_bin	g:\TV\Look at Later\Season 4\General Inakappe - S04E13 - Get Smart - 4x13 - One Nation Invisible.avi
recycle_bin	g:\TV\Look at Later\Season 4\General Inakappe - S04E14 - Get Smart - 4x14 - Hurray For Hollywood.avi
recycle_bin	g:\TV\Look at Later\Season 4\General Inakappe - S04E15 - Get Smart - 4x15 - The Day They Raided The Knights.avi
recycle_bin	g:\TV\Look at Later\Season 4\General Inakappe - S04E16 - Get Smart - 4x16 - Tequila Mockingbird.avi
recycle_bin	g:\TV\Look at Later\Season 4\General Inakappe - S04E17 - Get Smart - 4x17 - I Shot 86 Today.avi
recycle_bin	g:\TV\Look at Later\Season 4\General Inakappe - S04E18 - Get Smart - 4x18 - Absorbe The Greek.avi
recycle_bin	g:\TV\Look at Later\Season 4\General Inakappe - S04E19 - Get Smart - 4x19 - To Sire, With Love pt1.avi
recycle_bin	g:\TV\Look at Later\Season 4\General Inakappe - S04E20 - Get Smart - 4x20 - To Sire, With Love pt2.avi
recycle_bin	g:\TV\Look at Later\Season 4\General Inakappe - S04E21 - Get Smart - 4x21 - Shock It To Me.avi
recycle_bin	g:\TV\Look at Later\Season 4\General Inakappe - S04E22 - Get Smart - 4x22 - Leadside.avi
recycle_bin	g:\TV\Look at Later\Season 4\General Inakappe - S04E23 - Get Smart - 4x23 - Greer Window.avi
recycle_bin	g:\TV\Look at Later\Season 4\General Inakappe - S04E24 - Get Smart - 4x24 - The Not So Great Escape pt1.avi
recycle_bin	g:\TV\Look at Later\Season 4\General Inakappe - S04E25 - Get Smart - 4x25 - The Not So Great Escape pt2.avi
recycle_bin	g:\TV\Look at Later\Season 4\General Inakappe - S04E26 - Get Smart - 4x26 - A Tale Of Two Tails.avi
recycle_bin	g:\TV\Look at Later\Season 5\General Inakappe - S05E01 - Get.Smart.avi
recycle_bin	g:\TV\Look at Later\Season 5\General Inakappe - S05E02 - Get.Smart.avi
recycle_bin	g:\TV\Look at Later\Season 5\General Inakappe - S05E03 - Get.Smart.avi
recycle_bin	g:\TV\Look at Later\Season 5\General Inakappe - S05E04 - Get.Smart.avi
recycle_bin	g:\TV\Look at Later\Season 5\General Inakappe - S05E05 - Get.Smart.avi
recycle_bin	g:\TV\Look at Later\Season 5\General Inakappe - S05E06 - Get.Smart.avi
recycle_bin	g:\TV\Look at Later\Season 5\General Inakappe - S05E07 - Get.Smart.avi
recycle_bin	g:\TV\Look at Later\Season 5\General Inakappe - S05E08 - Get.Smart.avi
recycle_bin	g:\TV\Look at Later\Season 5\General Inakappe - S05E09 - Get.Smart.avi
recycle_bin	g:\TV\Look at Later\Season 5\General Inakappe - S05E10 - Get.Smart.avi
recycle_bin	g:\TV\Look at Later\Season 5\General Inakappe - S05E11 - Get.Smart.avi
recycle_bin	g:\TV\Look at Later\Season 5\General Inakappe - S05E12 - Get.Smart.avi
recycle_bin	g:\TV\Look at Later\Season 5\General Inakappe - S05E13 - Get.Smart.avi
recycle_bin	g:\TV\Look at Later\Season 5\General Inakappe - S05E14 - Get.Smart.avi
recycle_bin	g:\TV\Look at Later\Season 5\General Inakappe - S05E15 - Get.Smart.avi
recycle_bin	g:\TV\Look at Later\Season 5\General Inakappe - S05E16 - Get.Smart.avi
recycle_bin	g:\TV\Look at Later\Season 5\General Inakappe - S05E17 - Get.Smart.avi
recycle_bin	g:\TV\Look at Later\Season 5\General Inakappe - S05E18 - Get.Smart.avi
recycle_bin	g:\TV\Look at Later\Season 5\General Inakappe - S05E19 - Get.Smart.avi
recycle_bin	g:\TV\Look at Later\Season 5\General Inakappe - S05E20 - Get.Smart.avi
recycle_bin	g:\TV\Look at Later\Season 5\General Inakappe - S05E21 - Get.Smart.avi
recycle_bin	g:\TV\Look at Later\Season 5\General Inakappe - S05E22 - Get.Smart.avi
recycle_bin	g:\TV\Look at Later\Season 5\General Inakappe - S05E23 - Get.Smart.avi
recycle_bin	g:\TV\Look at Later\Season 5\General Inakappe - S05E24 - Get.Smart.avi
recycle_bin	g:\TV\Look at Later\Season 5\General Inakappe - S05E25 - Get.Smart.avi
recycle_bin	g:\TV\Look at Later\Season 5\General Inakappe - S05E26 - Get.Smart.avi
recycle_bin	g:\TV\Look at Later\Season 2\General Inakappe - S02E01 - Glee S02E01 Audition.avi
recycle_bin	g:\TV\Look at Later\Season 2\General Inakappe - S02E02 - Glee S02E02 Britney_Brittany.avi
recycle_bin	g:\TV\Look at Later\Season 2\General Inakappe - S02E03 - Glee S02E03 Grilled Cheesus.avi
recycle_bin	g:\TV\Look at Later\Season 2\General Inakappe - S02E04 - Glee S02E04 Duets.avi
recycle_bin	g:\TV\Look at Later\Season 2\General Inakappe - S02E05 - Glee S02E05 The Rocky Horror Glee Show.avi
recycle_bin	g:\TV\Look at Later\Season 2\General Inakappe - S02E06 - Glee S02E06 Never Been Kissed.avi
recycle_bin	g:\TV\Look at Later\Season 2\General Inakappe - S02E07 - Glee S02E07 The Substitute.avi
recycle_bin	g:\TV\Look at Later\Season 2\General Inakappe - S02E08 - Glee S02E08 Furt.avi
recycle_bin	g:\TV\Look at Later\Season 2\General Inakappe - S02E09 - Glee S02E09 Special.Eduvcation.avi
recycle_bin	g:\TV\Look at Later\Season 2\General Inakappe - S02E10 - Glee S02E10 A Very Glee Christmas.avi
recycle_bin	g:\TV\Look at Later\Season 2\General Inakappe - S02E11 - Glee S02E11 The Sue Sylvester Shuffle.avi
recycle_bin	g:\TV\Look at Later\Season 2\General Inakappe - S02E12 - Glee S02E12 Silly Love Songs.avi
recycle_bin	g:\TV\Look at Later\Season 2\General Inakappe - S02E13 - Glee S02E13 Comeback.avi
recycle_bin	g:\TV\Look at Later\Season 2\General Inakappe - S02E14 - Glee S02E14 Blame It on the Alcohol.avi
recycle_bin	g:\TV\Look at Later\Season 2\General Inakappe - S02E15 - Glee S02E15 Sexy.avi
recycle_bin	g:\TV\Look at Later\Season 2\General Inakappe - S02E16 - Glee S02E16 Original Song.avi
recycle_bin	g:\TV\Look at Later\Season 2\General Inakappe - S02E17 - Glee S02E17 A Night of Neglect.avi
recycle_bin	g:\TV\Look at Later\Season 2\General Inakappe - S02E18 - Glee S02E18 Born This Way.avi
recycle_bin	g:\TV\Look at Later\Season 2\General Inakappe - S02E19 - Glee S02E19 Rumours.avi
recycle_bin	g:\TV\Look at Later\Season 2\General Inakappe - S02E20 - Glee S02E20 Prom Queen.avi
recycle_bin	g:\TV\Look at Later\Season 2\General Inakappe - S02E21 - Glee S02E21 Funeral.avi
recycle_bin	g:\TV\Look at Later\Season 2\General Inakappe - S02E22 - Glee S02E22 New York.avi
recycle_bin	g:\TV\Look at Later\Season 3\General Inakappe - S03E01 - Glee.S03E01.avi
recycle_bin	g:\TV\Look at Later\Season 3\General Inakappe - S03E02 - Glee.S03E02.avi
recycle_bin	g:\TV\Look at Later\Season 3\General Inakappe - S03E03 - Glee.S03E03.avi
recycle_bin	g:\TV\Look at Later\Season 3\General Inakappe - S03E04 - Glee.S03E04.avi
recycle_bin	g:\TV\Look at Later\Season 3\General Inakappe - S03E05 - Glee.S03E05.avi
recycle_bin	g:\TV\Look at Later\Season 3\General Inakappe - S03E06 - Glee.S03E06.avi
recycle_bin	g:\TV\Look at Later\Season 3\General Inakappe - S03E07 - Glee.S03E07.avi
recycle_bin	g:\TV\Look at Later\Season 3\General Inakappe - S03E08 - Glee.S03E08.avi
recycle_bin	g:\TV\Look at Later\Season 3\General Inakappe - S03E09 - Glee.S03E09.avi
recycle_bin	g:\TV\Look at Later\Season 3\General Inakappe - S03E10 - Glee.S03E10.avi
recycle_bin	g:\TV\Look at Later\Season 3\General Inakappe - S03E11 - Glee.S03E11.avi
recycle_bin	g:\TV\Look at Later\Season 3\General Inakappe - S03E12 - Glee.S03E12.avi
recycle_bin	g:\TV\Look at Later\Season 3\General Inakappe - S03E13 - Glee.S03E13.avi
recycle_bin	g:\TV\Look at Later\Season 3\General Inakappe - S03E14 - Glee.S03E14.avi
recycle_bin	g:\TV\Look at Later\Season 3\General Inakappe - S03E15 - Glee.S03E15.mp4
recycle_bin	g:\TV\Look at Later\Season 3\General Inakappe - S03E16 - Glee.S03E16.mp4
recycle_bin	g:\TV\Look at Later\Season 3\General Inakappe - S03E17 - Glee.S03E17.mp4
recycle_bin	g:\TV\Look at Later\Season 3\General Inakappe - S03E18 - Glee.S03E18.mp4
recycle_bin	g:\TV\Look at Later\Season 3\General Inakappe - S03E19 - Glee.S03E19.mp4
recycle_bin	g:\TV\Look at Later\Season 3\General Inakappe - S03E20 - Glee.S03E20.mp4
recycle_bin	g:\TV\Look at Later\Season 3\General Inakappe - S03E21 - Glee.S03E21.avi
recycle_bin	g:\TV\Look at Later\Season 3\General Inakappe - S03E22 - Glee.S03E22.mp4
recycle_bin	g:\TV\Look at Later\Season 1\Documentary of My Ex-Girlfriend Complex - S01E01 - Episode 1.mpg
recycle_bin	g:\TV\Look at Later\Season 1\Documentary of My Ex-Girlfriend Complex - S01E02 - Episode 2.mpg
recycle_bin	g:\TV\Look at Later\Season 1\Documentary of My Ex-Girlfriend Complex - S01E03 - Episode 3.mpg
recycle_bin	g:\TV\Look at Later\Season 1\Documentary of My Ex-Girlfriend Complex - S01E04 - Episode 4.mpg
recycle_bin	g:\TV\Look at Later\Season 1\Documentary of My Ex-Girlfriend Complex - S01E05 - Episode 5.mpg
recycle_bin	g:\TV\Look at Later\Season 1\Documentary of My Ex-Girlfriend Complex - S01E06 - Episode 6.mpg
recycle_bin	g:\TV\Look at Later\Season 1\Documentary of My Ex-Girlfriend Complex - S01E07 - Episode 7.mpg
recycle_bin	g:\TV\Look at Later\Season 1\Documentary of My Ex-Girlfriend Complex - S01E08 - Episode 8.mpg
recycle_bin	g:\TV\Look at Later\Season 1\Documentary of My Ex-Girlfriend Complex - S01E09 - 0109 Bowl Of Onion.mpg
recycle_bin	g:\TV\Look at Later\Season 1\Documentary of My Ex-Girlfriend Complex - S01E10 - 0110 Hook Line And Dinner.mpg
recycle_bin	g:\TV\Look at Later\Season 1\Documentary of My Ex-Girlfriend Complex - S01E11 - 0111 Pantry Raid.mpg
recycle_bin	g:\TV\Look at Later\Season 1\Documentary of My Ex-Girlfriend Complex - S01E12 - 0112 Power To The Pilaf.mpg
recycle_bin	g:\TV\Look at Later\Season 1\Documentary of My Ex-Girlfriend Complex - S01E13 - 0113 Art Of Darkness.mpg
recycle_bin	g:\TV\Look at Later\Season 2\Documentary of My Ex-Girlfriend Complex - S02E01 - Good Eats - S02E01 - It's A Wonderful Cake.avi
recycle_bin	g:\TV\Look at Later\Season 2\Documentary of My Ex-Girlfriend Complex - S02E02 - Good Eats - S02E02 - For Whom The Cheese Melts.avi
recycle_bin	g:\TV\Look at Later\Season 2\Documentary of My Ex-Girlfriend Complex - S02E03 - Good Eats - S02E03 - Apple Family Values.avi
recycle_bin	g:\TV\Look at Later\Season 2\Documentary of My Ex-Girlfriend Complex - S02E04 - Good Eats - S02E04 - Crustacean Nation.avi
recycle_bin	g:\TV\Look at Later\Season 2\Documentary of My Ex-Girlfriend Complex - S02E05 - Good Eats - S02E05 - The Fungal Gourmet.avi
recycle_bin	g:\TV\Look at Later\Season 2\Documentary of My Ex-Girlfriend Complex - S02E06 - Good Eats - S02E06 - Crust Never Sleeps.avi
recycle_bin	g:\TV\Look at Later\Season 2\Documentary of My Ex-Girlfriend Complex - S02E07 - Good Eats - S02E07 - True Brew.avi
recycle_bin	g:\TV\Look at Later\Season 2\Documentary of My Ex-Girlfriend Complex - S02E08 - Good Eats - S02E08 - A Grind Is A Terrible Thing To Waste.avi
recycle_bin	g:\TV\Look at Later\Season 2\Documentary of My Ex-Girlfriend Complex - S02E09 - Good Eats - S02E09 - Fry Hard.avi
recycle_bin	g:\TV\Look at Later\Season 2\Documentary of My Ex-Girlfriend Complex - S02E10 - Good Eats - S02E10 - Urban Preservation I - Jam Session.avi
recycle_bin	g:\TV\Look at Later\Season 2\Documentary of My Ex-Girlfriend Complex - S02E11 - Good Eats - S02E11 - Pantry Raid II - Seeing Red.avi
recycle_bin	g:\TV\Look at Later\Season 2\Documentary of My Ex-Girlfriend Complex - S02E12 - Good Eats - S02E12 - Citizen Cane.avi
recycle_bin	g:\TV\Look at Later\Season 2\Documentary of My Ex-Girlfriend Complex - S02E13 - Good Eats - S02E13 - Pork Fiction.avi
recycle_bin	g:\TV\Look at Later\Season 2\Documentary of My Ex-Girlfriend Complex - S02E14 - Good Eats - S02E14 - Ear Apparent.avi
recycle_bin	g:\TV\Look at Later\Season 3\Documentary of My Ex-Girlfriend Complex - S03E01 - Good Eats - S03E01 - American Pickle.avi
recycle_bin	g:\TV\Look at Later\Season 3\Documentary of My Ex-Girlfriend Complex - S03E02 - Good Eats - S03E02 - Mussel Bound.avi
recycle_bin	g:\TV\Look at Later\Season 3\Documentary of My Ex-Girlfriend Complex - S03E03 - Good Eats - S03E03 - Egg Files II - The Man With A Flan.avi
recycle_bin	g:\TV\Look at Later\Season 3\Documentary of My Ex-Girlfriend Complex - S03E04 - Good Eats - S03E04 - What's Up Duck.avi
recycle_bin	g:\TV\Look at Later\Season 3\Documentary of My Ex-Girlfriend Complex - S03E05 - Good Eats - S03E05 - Behind the Bird.avi
recycle_bin	g:\TV\Look at Later\Season 3\Documentary of My Ex-Girlfriend Complex - S03E06 - Good Eats - S03E06 - Three Chips For Sister Marsha.avi
recycle_bin	g:\TV\Look at Later\Season 3\Documentary of My Ex-Girlfriend Complex - S03E07 - Good Eats - S03E07 - Flap Jack Do It Again.avi
recycle_bin	g:\TV\Look at Later\Season 3\Documentary of My Ex-Girlfriend Complex - S03E08 - Good Eats - S03E08 - The Case For Butter.avi
recycle_bin	g:\TV\Look at Later\Season 3\Documentary of My Ex-Girlfriend Complex - S03E09 - Good Eats - S03E09 - Flat Is Beautiful.avi
recycle_bin	g:\TV\Look at Later\Season 3\Documentary of My Ex-Girlfriend Complex - S03E10 - Good Eats - S03E10 - Pantry Raid III - Cool Beans.avi
recycle_bin	g:\TV\Look at Later\Season 3\Documentary of My Ex-Girlfriend Complex - S03E11 - Good Eats - S03E11 - Mission Poachable.avi
recycle_bin	g:\TV\Look at Later\Season 3\Documentary of My Ex-Girlfriend Complex - S03E12 - Good Eats - S03E12 - Tofuworld.avi
recycle_bin	g:\TV\Look at Later\Season 3\Documentary of My Ex-Girlfriend Complex - S03E13 - Good Eats - S03E13 - Head Games.avi
recycle_bin	g:\TV\Look at Later\Season 3\Documentary of My Ex-Girlfriend Complex - S03E14 - Good Eats - S03E14 - Grill Seekers.avi
recycle_bin	g:\TV\Look at Later\Season 4\Documentary of My Ex-Girlfriend Complex - S04E01 - Good Eats - S04E01 - Where There's Smoke, There's Fish.avi
recycle_bin	g:\TV\Look at Later\Season 4\Documentary of My Ex-Girlfriend Complex - S04E02 - Good Eats - S04E02 - Pressure.avi
recycle_bin	g:\TV\Look at Later\Season 4\Documentary of My Ex-Girlfriend Complex - S04E03 - Good Eats - S04E03 - Fry Hard II - The Chicken.avi
recycle_bin	g:\TV\Look at Later\Season 4\Documentary of My Ex-Girlfriend Complex - S04E04 - Good Eats - S04E04 - Crustacean Nation II - Claws.avi
recycle_bin	g:\TV\Look at Later\Season 4\Documentary of My Ex-Girlfriend Complex - S04E05 - Good Eats - S04E05 - Ham I Am.avi
recycle_bin	g:\TV\Look at Later\Season 4\Documentary of My Ex-Girlfriend Complex - S04E06 - Good Eats - S04E06 - Let Them Eat Foam.avi
recycle_bin	g:\TV\Look at Later\Season 4\Documentary of My Ex-Girlfriend Complex - S04E07 - Good Eats - S04E07 - A Chuck For Chuck.avi
recycle_bin	g:\TV\Look at Later\Season 4\Documentary of My Ex-Girlfriend Complex - S04E08 - Good Eats - S04E08 - Pantry Raid IV - Comb Alone.avi
recycle_bin	g:\TV\Look at Later\Season 4\Documentary of My Ex-Girlfriend Complex - S04E09 - Good Eats - S04E09 - In The Bulb Of The Night.avi
recycle_bin	g:\TV\Look at Later\Season 4\Documentary of My Ex-Girlfriend Complex - S04E10 - Good Eats - S04E10 - Mayo Clinic.avi
recycle_bin	g:\TV\Look at Later\Season 4\Documentary of My Ex-Girlfriend Complex - S04E11 - Good Eats - S04E11 - Puff The Magic Pastry.avi
recycle_bin	g:\TV\Look at Later\Season 4\Documentary of My Ex-Girlfriend Complex - S04E12 - Good Eats - S04E12 - True Brew II - Mr Tea.avi
recycle_bin	g:\TV\Look at Later\Season 4\Documentary of My Ex-Girlfriend Complex - S04E13 - Good Eats - S04E13 - Chile's Angels.avi
recycle_bin	g:\TV\Look at Later\Season 5\Documentary of My Ex-Girlfriend Complex - S05E01 - Good Eats - S05E01 - Deep Space Slime.avi
recycle_bin	g:\TV\Look at Later\Season 5\Documentary of My Ex-Girlfriend Complex - S05E02 - Good Eats - S05E02 - Oat Cuisine.avi
recycle_bin	g:\TV\Look at Later\Season 5\Documentary of My Ex-Girlfriend Complex - S05E03 - Good Eats - S05E03 - Crepe Expectations.avi
recycle_bin	g:\TV\Look at Later\Season 5\Documentary of My Ex-Girlfriend Complex - S05E04 - Good Eats - S05E04 - Celebrity Roast.avi
recycle_bin	g:\TV\Look at Later\Season 5\Documentary of My Ex-Girlfriend Complex - S05E05 - Good Eats - S05E05 - Scrap Iron Chef.avi
recycle_bin	g:\TV\Look at Later\Season 5\Documentary of My Ex-Girlfriend Complex - S05E06 - Good Eats - S05E06 - Deep Purple.avi
recycle_bin	g:\TV\Look at Later\Season 5\Documentary of My Ex-Girlfriend Complex - S05E07 - Good Eats - S05E07 - The Trouble With Cheesecake.avi
recycle_bin	g:\TV\Look at Later\Season 5\Documentary of My Ex-Girlfriend Complex - S05E08 - Good Eats - S05E08 - Squid Pro Quo.avi
recycle_bin	g:\TV\Look at Later\Season 5\Documentary of My Ex-Girlfriend Complex - S05E09 - Good Eats - S05E09 - Art Of Darkness II.avi
recycle_bin	g:\TV\Look at Later\Season 5\Documentary of My Ex-Girlfriend Complex - S05E10 - Good Eats - S05E10 - Squash Court.avi
recycle_bin	g:\TV\Look at Later\Season 5\Documentary of My Ex-Girlfriend Complex - S05E11 - Good Eats - S05E11 - For Whom The Cheese Melts II (Use Your Noodle II).avi
recycle_bin	g:\TV\Look at Later\Season 5\Documentary of My Ex-Girlfriend Complex - S05E12 - Good Eats - S05E12 - Send In The Clams.avi
recycle_bin	g:\TV\Look at Later\Season 5\Documentary of My Ex-Girlfriend Complex - S05E13 - Good Eats - S05E13 - This Spud's For You Too.avi
recycle_bin	g:\TV\Look at Later\Season 6\Documentary of My Ex-Girlfriend Complex - S06E01 - Good Eats - S06E01 - The Other Red Meat.avi
recycle_bin	g:\TV\Look at Later\Season 6\Documentary of My Ex-Girlfriend Complex - S06E02 - Good Eats - S06E02 - Strawberry Sky.avi
recycle_bin	g:\TV\Look at Later\Season 6\Documentary of My Ex-Girlfriend Complex - S06E03 - Good Eats - S06E03 - The Chokes On You.avi
recycle_bin	g:\TV\Look at Later\Season 6\Documentary of My Ex-Girlfriend Complex - S06E04 - Good Eats - S06E04 - Good Milk Gone Bad.avi
recycle_bin	g:\TV\Look at Later\Season 6\Documentary of My Ex-Girlfriend Complex - S06E05 - Good Eats - S06E05 - Egg Files V - Quantum Foam.avi
recycle_bin	g:\TV\Look at Later\Season 6\Documentary of My Ex-Girlfriend Complex - S06E06 - Good Eats - S06E06 - Tomato Envy.avi
recycle_bin	g:\TV\Look at Later\Season 6\Documentary of My Ex-Girlfriend Complex - S06E07 - Good Eats - S06E07 - Amber Waves.avi
recycle_bin	g:\TV\Look at Later\Season 6\Documentary of My Ex-Girlfriend Complex - S06E08 - Good Eats - S06E08 - Dip Madness.avi
recycle_bin	g:\TV\Look at Later\Season 6\Documentary of My Ex-Girlfriend Complex - S06E09 - Good Eats - S06E09 - Chops Ahoy.avi
recycle_bin	g:\TV\Look at Later\Season 6\Documentary of My Ex-Girlfriend Complex - S06E10 - Good Eats - S06E10 - Choux Shine.avi
recycle_bin	g:\TV\Look at Later\Season 6\Documentary of My Ex-Girlfriend Complex - S06E11 - Good Eats - S06E11 - Casserole Over.avi
recycle_bin	g:\TV\Look at Later\Season 6\Documentary of My Ex-Girlfriend Complex - S06E12 - Good Eats - S06E12 - Use Your Noodle II.avi
recycle_bin	g:\TV\Look at Later\Season 6\Documentary of My Ex-Girlfriend Complex - S06E13 - Good Eats - S06E13 - Salad Daze II - Slaw.avi
recycle_bin	g:\TV\Look at Later\Season 6\Documentary of My Ex-Girlfriend Complex - S06E14 - Good Eats - S06E14 - A Cake On Every Plate.avi
recycle_bin	g:\TV\Look at Later\Season 6\Documentary of My Ex-Girlfriend Complex - S06E15 - Good Eats - S06E15 - The Icing Man Cometh.avi
recycle_bin	g:\TV\Look at Later\Season 6\Documentary of My Ex-Girlfriend Complex - S06E16 - Good Eats - S06E16 - Beet It.avi
recycle_bin	g:\TV\Look at Later\Season 6\Documentary of My Ex-Girlfriend Complex - S06E17 - Good Eats - S06E17 - Fit To Be Tied.avi
recycle_bin	g:\TV\Look at Later\Season 7\Documentary of My Ex-Girlfriend Complex - S07E01 - Good Eats - S07E01 - Crustacean Nation III - Crabs.avi
recycle_bin	g:\TV\Look at Later\Season 7\Documentary of My Ex-Girlfriend Complex - S07E02 - Good Eats - S07E02 - Q.avi
recycle_bin	g:\TV\Look at Later\Season 7\Documentary of My Ex-Girlfriend Complex - S07E03 - Good Eats - S07E03 - Egg Files VI - French Flop.avi
recycle_bin	g:\TV\Look at Later\Season 7\Documentary of My Ex-Girlfriend Complex - S07E04 - Good Eats - S07E04 - The Muffin Method Man.avi
recycle_bin	g:\TV\Look at Later\Season 7\Documentary of My Ex-Girlfriend Complex - S07E05 - Good Eats - S07E05 - True Brew IV - Take Stock.avi
recycle_bin	g:\TV\Look at Later\Season 7\Documentary of My Ex-Girlfriend Complex - S07E06 - Good Eats - S07E06 - A Beautiful Grind.avi
recycle_bin	g:\TV\Look at Later\Season 7\Documentary of My Ex-Girlfriend Complex - S07E07 - Good Eats - S07E07 - Raising The Steaks.avi
recycle_bin	g:\TV\Look at Later\Season 7\Documentary of My Ex-Girlfriend Complex - S07E08 - Good Eats - S07E08 - The Pouch Principle.avi
recycle_bin	g:\TV\Look at Later\Season 7\Documentary of My Ex-Girlfriend Complex - S07E09 - Good Eats - S07E09 - Ill Gotten Grains.avi
recycle_bin	g:\TV\Look at Later\Season 7\Documentary of My Ex-Girlfriend Complex - S07E10 - Good Eats - S07E10 - Tricks For Treats.avi
recycle_bin	g:\TV\Look at Later\Season 7\Documentary of My Ex-Girlfriend Complex - S07E11 - Good Eats - S07E11 - Potato, My Sweet.avi
recycle_bin	g:\TV\Look at Later\Season 7\Documentary of My Ex-Girlfriend Complex - S07E12 - Good Eats - S07E12 - The Cookie Clause.avi
recycle_bin	g:\TV\Look at Later\Season 7\Documentary of My Ex-Girlfriend Complex - S07E13 - Good Eats - S07E13 - Herbal Preservation.avi
recycle_bin	g:\TV\Look at Later\Season 7\Documentary of My Ex-Girlfriend Complex - S07E14 - Good Eats - S07E14 - Spice Capades.avi
recycle_bin	g:\TV\Look at Later\Season 7\Documentary of My Ex-Girlfriend Complex - S07E15 - Good Eats - S07E15 - The Man Food Show.avi
recycle_bin	g:\TV\Look at Later\Season 7\Documentary of My Ex-Girlfriend Complex - S07E16 - Good Eats - S07E16 - Fudge Factor.avi
recycle_bin	g:\TV\Look at Later\Season 7\Documentary of My Ex-Girlfriend Complex - S07E17 - Good Eats - S07E17 - Sometimes You Feel Like A Nut.avi
recycle_bin	g:\TV\Look at Later\Season 7\Documentary of My Ex-Girlfriend Complex - S07E18 - Good Eats - S07E18 - I Pie.avi
recycle_bin	g:\TV\Look at Later\Season 7\Documentary of My Ex-Girlfriend Complex - S07E19 - Good Eats - S07E19 - Toast Modern.avi
recycle_bin	g:\TV\Look at Later\Season 7\Documentary of My Ex-Girlfriend Complex - S07E20 - Good Eats - S07E20 - Top Banana.avi
recycle_bin	g:\TV\Look at Later\Season 8\Documentary of My Ex-Girlfriend Complex - S08E01 - Good Eats - S08E01 - Hittin' The Sauce.avi
recycle_bin	g:\TV\Look at Later\Season 8\Documentary of My Ex-Girlfriend Complex - S08E02 - Good Eats - S08E02 - Shell Game.avi
recycle_bin	g:\TV\Look at Later\Season 8\Documentary of My Ex-Girlfriend Complex - S08E03 - Good Eats - S08E03 - Flat Is Beautiful II.avi
recycle_bin	g:\TV\Look at Later\Season 8\Documentary of My Ex-Girlfriend Complex - S08E04 - Good Eats - S08E04 - Circle Of Life.avi
recycle_bin	g:\TV\Look at Later\Season 8\Documentary of My Ex-Girlfriend Complex - S08E05 - Good Eats - S08E05 - Wonton Ways.avi
recycle_bin	g:\TV\Look at Later\Season 8\Documentary of My Ex-Girlfriend Complex - S08E06 - Good Eats - S08E06 - The Big Chili.avi
recycle_bin	g:\TV\Look at Later\Season 8\Documentary of My Ex-Girlfriend Complex - S08E07 - Good Eats - S08E07 - SandwichCraft.avi
recycle_bin	g:\TV\Look at Later\Season 8\Documentary of My Ex-Girlfriend Complex - S08E08 - Good Eats - S08E08 - Soup's On.avi
recycle_bin	g:\TV\Look at Later\Season 8\Documentary of My Ex-Girlfriend Complex - S08E09 - Good Eats - S08E09 - Say Cheese.avi
recycle_bin	g:\TV\Look at Later\Season 8\Documentary of My Ex-Girlfriend Complex - S08E10 - Good Eats - S08E10 - Art Of Darkness III.avi
recycle_bin	g:\TV\Look at Later\Season 8\Documentary of My Ex-Girlfriend Complex - S08E11 - Good Eats - S08E11 - True Grits.avi
recycle_bin	g:\TV\Look at Later\Season 8\Documentary of My Ex-Girlfriend Complex - S08E12 - Good Eats - S08E12 - Stuff It.avi
recycle_bin	g:\TV\Look at Later\Season 8\Documentary of My Ex-Girlfriend Complex - S08E13 - Good Eats - S08E13 - Puddin' Head Blues.avi
recycle_bin	g:\TV\Look at Later\Season 8\Documentary of My Ex-Girlfriend Complex - S08E14 - Good Eats - S08E14 - Melondrama.avi
recycle_bin	g:\TV\Look at Later\Season 8\Documentary of My Ex-Girlfriend Complex - S08E15 - Good Eats - S08E15 - Myth Smashers.avi
recycle_bin	g:\TV\Look at Later\Season 8\Documentary of My Ex-Girlfriend Complex - S08E16 - Good Eats - S08E16 - Cuckoo For Coq Au Vin.avi
recycle_bin	g:\TV\Look at Later\Season 8\Documentary of My Ex-Girlfriend Complex - S08E17 - Good Eats - S08E17 - Carrots, A Taproot Orange.avi
recycle_bin	g:\TV\Look at Later\Season 8\Documentary of My Ex-Girlfriend Complex - S08E18 - Good Eats - S08E18 - Sprung A Leek.avi
recycle_bin	g:\TV\Look at Later\Season 8\Documentary of My Ex-Girlfriend Complex - S08E19 - Good Eats - S08E19 - Dr. Strangeloaf.avi
recycle_bin	g:\TV\Look at Later\Season 8\Documentary of My Ex-Girlfriend Complex - S08E20 - Good Eats - S08E20 - My Big Fat Greek Sandwich.avi
recycle_bin	g:\TV\Look at Later\Season 8\Documentary of My Ex-Girlfriend Complex - S08E21 - Good Eats - S08E21 - Field Of Greens.avi
recycle_bin	g:\TV\Look at Later\Season 8\Documentary of My Ex-Girlfriend Complex - S08E22 - Good Eats - S08E22 - Do The Rice Thing.avi
recycle_bin	g:\TV\Look at Later\Season 9\Documentary of My Ex-Girlfriend Complex - S09E01 - Good Eats - S09E01 - Give Peas A Chance.avi
recycle_bin	g:\TV\Look at Later\Season 9\Documentary of My Ex-Girlfriend Complex - S09E02 - Good Eats - S09E02 - Dis-Kabob-Ulated.avi
recycle_bin	g:\TV\Look at Later\Season 9\Documentary of My Ex-Girlfriend Complex - S09E03 - Good Eats - S09E03 - Urban Preservation II - The Jerky.avi
recycle_bin	g:\TV\Look at Later\Season 9\Documentary of My Ex-Girlfriend Complex - S09E04 - Good Eats - S09E04 - Churn Baby Churn II.avi
recycle_bin	g:\TV\Look at Later\Season 9\Documentary of My Ex-Girlfriend Complex - S09E05 - Good Eats - S09E05 - Power Trip.avi
recycle_bin	g:\TV\Look at Later\Season 9\Documentary of My Ex-Girlfriend Complex - S09E06 - Good Eats - S09E06 - Wake Up Little Sushi.avi
recycle_bin	g:\TV\Look at Later\Season 9\Documentary of My Ex-Girlfriend Complex - S09E07 - Good Eats - S09E07 - Cobbled Together.avi
recycle_bin	g:\TV\Look at Later\Season 9\Documentary of My Ex-Girlfriend Complex - S09E08 - Good Eats - S09E08 - Good Wine Gone Bad.avi
recycle_bin	g:\TV\Look at Later\Season 9\Documentary of My Ex-Girlfriend Complex - S09E09 - Good Eats - S09E09 - The Waffle Truth.avi
recycle_bin	g:\TV\Look at Later\Season 9\Documentary of My Ex-Girlfriend Complex - S09E10 - Good Eats - S09E10 - Great Balls O' Meat.avi
recycle_bin	g:\TV\Look at Later\Season 9\Documentary of My Ex-Girlfriend Complex - S09E11 - Good Eats - S09E11 - Curious Yet Tasty Avocado Experiments.avi
recycle_bin	g:\TV\Look at Later\Season 9\Documentary of My Ex-Girlfriend Complex - S09E12 - Good Eats - S09E12 - A Pie In Every Pocket.avi
recycle_bin	g:\TV\Look at Later\Season 9\Documentary of My Ex-Girlfriend Complex - S09E13 - Good Eats - S09E13 - School Of Hard Nogs.avi
recycle_bin	g:\TV\Look at Later\Season 9\Documentary of My Ex-Girlfriend Complex - S09E14 - Good Eats - S09E14 - My Pod.avi
recycle_bin	g:\TV\Look at Later\Season 9\Documentary of My Ex-Girlfriend Complex - S09E15 - Good Eats - S09E15 - Tender Is The Loin 1.avi
recycle_bin	g:\TV\Look at Later\Season 9\Documentary of My Ex-Girlfriend Complex - S09E15 - Good Eats - S09E15 - Tender Is The Loin I.avi
recycle_bin	g:\TV\Look at Later\Season 9\Documentary of My Ex-Girlfriend Complex - S09E16 - Good Eats - S09E16 - Raising The Bar.avi
recycle_bin	g:\TV\Look at Later\Season 9\Documentary of My Ex-Girlfriend Complex - S09E17 - Good Eats - S09E17 - Tender Is The Loin II.avi
recycle_bin	g:\TV\Look at Later\Season 9\Documentary of My Ex-Girlfriend Complex - S09E18 - Good Eats - S09E18 - Flat Is Beautiful III.avi
recycle_bin	g:\TV\Look at Later\Season 9\Documentary of My Ex-Girlfriend Complex - S09E19 - Good Eats - S09E19 - Your Pad Thai Or Mine.avi
recycle_bin	g:\TV\Look at Later\Season 9\Documentary of My Ex-Girlfriend Complex - S09E20 - Good Eats - S09E20 - Shell Game IV.avi
recycle_bin	g:\TV\Look at Later\Season 9\Documentary of My Ex-Girlfriend Complex - S09E21 - Good Eats - S09E21 - Olive Me.avi
recycle_bin	g:\TV\Look at Later\Season 10\Documentary of My Ex-Girlfriend Complex - S10E01 - Good Eats - S10E01 - Tort(illa) Reform.avi
recycle_bin	g:\TV\Look at Later\Season 10\Documentary of My Ex-Girlfriend Complex - S10E02 - Good Eats - S10E02 - Just Barley.avi
recycle_bin	g:\TV\Look at Later\Season 10\Documentary of My Ex-Girlfriend Complex - S10E03 - Good Eats - S10E03 - House Of The Rising Bun.avi
recycle_bin	g:\TV\Look at Later\Season 10\Documentary of My Ex-Girlfriend Complex - S10E04 - Good Eats - S10E04 - Cubing A Round.avi
recycle_bin	g:\TV\Look at Later\Season 10\Documentary of My Ex-Girlfriend Complex - S10E05 - Good Eats - S10E05 - Water Works I.avi
recycle_bin	g:\TV\Look at Later\Season 10\Documentary of My Ex-Girlfriend Complex - S10E06 - Good Eats - S10E06 - Water Works II.avi
recycle_bin	g:\TV\Look at Later\Season 10\Documentary of My Ex-Girlfriend Complex - S10E07 - Good Eats - S10E07 - Peachy Keen.avi
recycle_bin	g:\TV\Look at Later\Season 10\Documentary of My Ex-Girlfriend Complex - S10E08 - Good Eats - S10E08 - Okraphobia.avi
recycle_bin	g:\TV\Look at Later\Season 10\Documentary of My Ex-Girlfriend Complex - S10E09 - Good Eats - S10E09 - Squid Pro Quo 2.avi
recycle_bin	g:\TV\Look at Later\Season 10\Documentary of My Ex-Girlfriend Complex - S10E10 - Good Eats - S10E10 - Pop Art.avi
recycle_bin	g:\TV\Look at Later\Season 10\Documentary of My Ex-Girlfriend Complex - S10E11 - Good Eats - S10E11 - Major Pepper.avi
recycle_bin	g:\TV\Look at Later\Season 10\Documentary of My Ex-Girlfriend Complex - S10E12 - Good Eats - S10E12 - Fry Turkey Fry.avi
recycle_bin	g:\TV\Look at Later\Season 10\Documentary of My Ex-Girlfriend Complex - S10E13 - Good Eats - S10E13 - Pantry Raid VI Lentils.avi
recycle_bin	g:\TV\Look at Later\Season 10\Documentary of My Ex-Girlfriend Complex - S10E14 - Good Eats - S10E14 - Tortillas Again.avi
recycle_bin	g:\TV\Look at Later\Season 10\Documentary of My Ex-Girlfriend Complex - S10E15 - Good Eats - S10E15 - Bowl O Bayou.avi
recycle_bin	g:\TV\Look at Later\Season 10\Documentary of My Ex-Girlfriend Complex - S10E16 - Good Eats - S10E16 - Fowl Territory.avi
recycle_bin	g:\TV\Look at Later\Season 11\Documentary of My Ex-Girlfriend Complex - S11E01 - Good Eats S11E01 - Milk Made.mkv
recycle_bin	g:\TV\Look at Later\Season 11\Documentary of My Ex-Girlfriend Complex - S11E02 - Good Eats S11E02 - Pretzel Logic.mkv
recycle_bin	g:\TV\Look at Later\Season 11\Documentary of My Ex-Girlfriend Complex - S11E03 - Good Eats S11E03 - Coconut Cake Revival.mkv
recycle_bin	g:\TV\Look at Later\Season 11\Documentary of My Ex-Girlfriend Complex - S11E04 - Good Eats S11E04 - Sub Standards.mkv
recycle_bin	g:\TV\Look at Later\Season 11\Documentary of My Ex-Girlfriend Complex - S11E05 - Good Eats S11E05 - Fishing Whole.mkv
recycle_bin	g:\TV\Look at Later\Season 11\Documentary of My Ex-Girlfriend Complex - S11E06 - Good Eats S11E06 - Withering Bites.mkv
recycle_bin	g:\TV\Look at Later\Season 11\Documentary of My Ex-Girlfriend Complex - S11E07 - Good Eats S11E07 - Stew Romance.mkv
recycle_bin	g:\TV\Look at Later\Season 11\Documentary of My Ex-Girlfriend Complex - S11E08 - Good Eats S11E08 - Dill-icious.mkv
recycle_bin	g:\TV\Look at Later\Season 11\Documentary of My Ex-Girlfriend Complex - S11E09 - Good Eats S11E09 - Peanut Gallery.mkv
recycle_bin	g:\TV\Look at Later\Season 11\Documentary of My Ex-Girlfriend Complex - S11E10 - Good Eats S11E10 - Bean Stalker.mkv
recycle_bin	g:\TV\Look at Later\Season 11\Documentary of My Ex-Girlfriend Complex - S11E11 - Good Eats S11E11 - Kinda Blue.mkv
recycle_bin	g:\TV\Look at Later\Season 11\Documentary of My Ex-Girlfriend Complex - S11E12 - Good Eats S11E12 - Puff the Magic Mallow.mkv
recycle_bin	g:\TV\Look at Later\Season 11\Documentary of My Ex-Girlfriend Complex - S11E13 - Good Eats S11E13 - American Slicer.mkv
recycle_bin	g:\TV\Look at Later\Season 11\Documentary of My Ex-Girlfriend Complex - S11E14 - Good Eats S11E14 - The Wing and I.mkv
recycle_bin	g:\TV\Look at Later\Season 11\Documentary of My Ex-Girlfriend Complex - S11E15 - Good Eats S11E15 - Apple of My Pie.mkv
recycle_bin	g:\TV\Look at Later\Season 11\Documentary of My Ex-Girlfriend Complex - S11E16 - Good Eats S11E16 - If It Ain't Broccoli Don't Fix It.mkv
recycle_bin	g:\TV\Look at Later\Season 11\Documentary of My Ex-Girlfriend Complex - S11E17 - Good Eats S11E17 - The Alton Crown Affair.mkv
recycle_bin	g:\TV\Look at Later\Season 11\Documentary of My Ex-Girlfriend Complex - S11E18 - Good Eats S11E18 - Cran Opening.mkv
recycle_bin	g:\TV\Look at Later\Season 11\Documentary of My Ex-Girlfriend Complex - S11E19 - Good Eats S11E19 - Honey I Shrunk the Cake.mkv
recycle_bin	g:\TV\Look at Later\Season 11\Documentary of My Ex-Girlfriend Complex - S11E20 - Good Eats S11E20 - Going Dutch.mkv
recycle_bin	g:\TV\Look at Later\Season 12\Documentary of My Ex-Girlfriend Complex - S12E01 - Good_Eats_S12_E01_Frozen_Cache_HD.mkv
recycle_bin	g:\TV\Look at Later\Season 12\Documentary of My Ex-Girlfriend Complex - S12E02 - Good_Eats_S12_E02_Popover_Sometime_HD.mkv
recycle_bin	g:\TV\Look at Later\Season 12\Documentary of My Ex-Girlfriend Complex - S12E03 - Good_Eats_S12_E03_Celery_Man_HD.mkv
recycle_bin	g:\TV\Look at Later\Season 12\Documentary of My Ex-Girlfriend Complex - S12E04 - Good_Eats_S12_E04_Tuna_Surprise_HD.mkv
recycle_bin	g:\TV\Look at Later\Season 12\Documentary of My Ex-Girlfriend Complex - S12E05 - Good_Eats_S12_E05_There_Will_Be_Oil_HD.mkv
recycle_bin	g:\TV\Look at Later\Season 12\Documentary of My Ex-Girlfriend Complex - S12E06 - Good_Eats_S12_E06_Oh_My,_Meat_Pie!_HD.mkv
recycle_bin	g:\TV\Look at Later\Season 12\Documentary of My Ex-Girlfriend Complex - S12E07 - Good_Eats_S12_E07_ Et_Tu_Mame_HD.mkv
recycle_bin	g:\TV\Look at Later\Season 12\Documentary of My Ex-Girlfriend Complex - S12E08 - Good_Eats_S12_E08_Flat_Is_Beautiful_IV_Going_Crackers_HD.mkv
recycle_bin	g:\TV\Look at Later\Season 12\Documentary of My Ex-Girlfriend Complex - S12E09 - Good_Eats_S12_E09_American_Classics_Creole_In_A_Bowl_HD.mkv
recycle_bin	g:\TV\Look at Later\Season 12\Documentary of My Ex-Girlfriend Complex - S12E10 - Good_Eats_S12_E10_Switched_On_Baklava_HD.mkv
recycle_bin	g:\TV\Look at Later\Season 12\Documentary of My Ex-Girlfriend Complex - S12E11 - Good_Eats_S12_E11_A_Cabbage_Sprouts_In_Brussels_HD.mkv
recycle_bin	g:\TV\Look at Later\Season 12\Documentary of My Ex-Girlfriend Complex - S12E12 - Good_Eats_S12_E12_Ginger.mkv
recycle_bin	g:\TV\Look at Later\Season 12\Documentary of My Ex-Girlfriend Complex - S12E13 - Good_Eats_S12_E13_Orange_Aid_HD.mkv
recycle_bin	g:\TV\Look at Later\Season 12\Documentary of My Ex-Girlfriend Complex - S12E14 - Good_Eats_S12_E14_Pantry_Raid_X_Dark_Side_Of_The_Cain_HD.mkv
recycle_bin	g:\TV\Look at Later\Season 12\Documentary of My Ex-Girlfriend Complex - S12E15 - Good_Eats_S12_E15_Gills_Gone_Wild_HD.mkv
recycle_bin	g:\TV\Look at Later\Season 1\General Inakappe - S01E01 - Goofy - Freewayphobia No.1.avi
recycle_bin	g:\TV\Look at Later\Season 1\General Inakappe - S01E12 - Episode 12 Episode 13.avi
recycle_bin	g:\TV\Look at Later\Season 2\General Inakappe - S02E01 - Goosebumps.S02E1.Be.Careful.What.You.Wish.For.avi
recycle_bin	g:\TV\Look at Later\Season 2\General Inakappe - S02E02 - Goosebumps.S02E2.Attack.Of.The.Mutant.Part1.avi
recycle_bin	g:\TV\Look at Later\Season 2\General Inakappe - S02E03 - Goosebumps.S02E3.Attack.Of.The.Mutant.Part2.avi
recycle_bin	g:\TV\Look at Later\Season 2\General Inakappe - S02E04 - Goosebumps.S02E4.Bad.Hare.Day.avi
recycle_bin	g:\TV\Look at Later\Season 2\General Inakappe - S02E05 - Goosebumps.S02E5.The.Headless.Ghost.avi
recycle_bin	g:\TV\Look at Later\Season 2\General Inakappe - S02E06 - Goosebumps.S02E6.Go.Eat.Worms.avi
recycle_bin	g:\TV\Look at Later\Season 2\General Inakappe - S02E07 - Goosebumps.S02E7.You.Can't.Scare.Me.avi
recycle_bin	g:\TV\Look at Later\Season 2\General Inakappe - S02E08 - Goosebumps.S02E8.Revenge.Og.The.Lawn.Gnomes.avi
recycle_bin	g:\TV\Look at Later\Season 2\General Inakappe - S02E09 - Goosebumps.S02E9.Ghost.Beach.avi
recycle_bin	g:\TV\Look at Later\Season 2\General Inakappe - S02E10 - Goosebumps.S02E10.Attack.Of.The.Jack-O'-Lanterns.avi
recycle_bin	g:\TV\Look at Later\Season 2\General Inakappe - S02E11 - Goosebumps.S02E11.The.Haunted.Mask.2.Part1.avi
recycle_bin	g:\TV\Look at Later\Season 2\General Inakappe - S02E12 - Goosebumps.S02E12.The.Haunted.Mask.2.Part2.avi
recycle_bin	g:\TV\Look at Later\Season 2\General Inakappe - S02E13 - Goosebumps.S02E13.Let's Get.Invisible!.avi
recycle_bin	g:\TV\Look at Later\Season 2\General Inakappe - S02E14 - Goosebumps.S02E14.The.Scarecrow.Walks.At.Midnight.avi
recycle_bin	g:\TV\Look at Later\Season 2\General Inakappe - S02E15 - Goosebumps.S02E15.Monster.Blood.avi
recycle_bin	g:\TV\Look at Later\Season 2\General Inakappe - S02E16 - Goosebumps.S02E16.More.Monster.Blood.SDTV.avi
recycle_bin	g:\TV\Look at Later\Season 2\General Inakappe - S02E17 - Goosebumps.S02E17.Vampire.Breath.avi
recycle_bin	g:\TV\Look at Later\Season 2\General Inakappe - S02E18 - Goosebumps.S02E18.How.To.Kill.A.Monster.avi
recycle_bin	g:\TV\Look at Later\Season 2\General Inakappe - S02E19 - Goosebumps.S02E19.Calling.All.Creeps!.avi
recycle_bin	g:\TV\Look at Later\Season 2\General Inakappe - S02E20 - Goosebumps.S02E20.Welcome.To.Dead.House.Part1.SDTV.MoonOrAStar.avi
recycle_bin	g:\TV\Look at Later\Season 2\General Inakappe - S02E21 - Goosebumps.S02E21.Welcome.To.Dead.House.Part2.SDTV.MoonOrAStar.avi
recycle_bin	g:\TV\Look at Later\Season 2\General Inakappe - S02E22 - Goosebumps.S02E22.Don't.Wake.Mummy.avi
recycle_bin	g:\TV\Look at Later\Season 2\General Inakappe - S02E23 - Goosebumps.S02E23.The.Blob.That.Ate.Everyone.avi
recycle_bin	g:\TV\Look at Later\Season 2\General Inakappe - S02E24 - Goosebumps.S02E24.The.Night.Of.The.Living.Dummy.3.Part1.avi
recycle_bin	g:\TV\Look at Later\Season 2\General Inakappe - S02E25 - Goosebumps.S02E25.The.Night.Of.The.Living.Dummy.3.Part2.avi
recycle_bin	g:\TV\Look at Later\Season 3\General Inakappe - S03E01 - Goosebumps.S03E1.A.Shocker.On.Shock.Street.avi
recycle_bin	g:\TV\Look at Later\Season 3\General Inakappe - S03E02 - Goosebumps.S03E2.My.Best.Friend.Is.Invisible.avi
recycle_bin	g:\TV\Look at Later\Season 3\General Inakappe - S03E03 - Goosebumps.S03E3.The.House.Of.No.Return.avi
recycle_bin	g:\TV\Look at Later\Season 3\General Inakappe - S03E04 - Goosebumps.S03E4.Don't.Go.To.Sleep.avi
recycle_bin	g:\TV\Look at Later\Season 3\General Inakappe - S03E05 - Goosebumps.S03E5.Click.avi
recycle_bin	g:\TV\Look at Later\Season 3\General Inakappe - S03E06 - Goosebumps.S03E6.An.Old.Story.avi
recycle_bin	g:\TV\Look at Later\Season 3\General Inakappe - S03E07 - Goosebumps.S03E7.The.Barking.Ghost.avi
recycle_bin	g:\TV\Look at Later\Season 3\General Inakappe - S03E08 - Goosebumps.S03E8.One.Day.In.Horrorland.Part1.avi
recycle_bin	g:\TV\Look at Later\Season 3\General Inakappe - S03E09 - Goosebumps.S03E9.One.Day.At.Horrorland.Part2.SDTV.MoonOrAStar.avi
recycle_bin	g:\TV\Look at Later\Season 3\General Inakappe - S03E10 - Goosebumps.S03E10.The.Haunted.House.Game.avi
recycle_bin	g:\TV\Look at Later\Season 3\General Inakappe - S03E11 - Goosebumps.S03E11.Perfect.School.Part1.SDTV.MoonOrAStar.avi
recycle_bin	g:\TV\Look at Later\Season 3\General Inakappe - S03E12 - Goosebumps.S03E12.Perfect.School.Part2.SDTV.MoonOrAStar.avi
recycle_bin	g:\TV\Look at Later\Season 3\General Inakappe - S03E13 - Goosebumps.S03E13.Werewolf.Skin.Part1.avi
recycle_bin	g:\TV\Look at Later\Season 3\General Inakappe - S03E14 - Goosebumps.S03E14.Werewolf.Skin.Part2.avi
recycle_bin	g:\TV\Look at Later\Season 3\General Inakappe - S03E15 - Goosebumps.S03E15.Awesome.Ants.avi
recycle_bin	g:\TV\Look at Later\Season 3\General Inakappe - S03E16 - Goosebumps.S03E16.Bride.Of.The.Living.Dummy.avi
recycle_bin	g:\TV\Look at Later\Season 3\General Inakappe - S03E17 - Goosebumps.S03E17.Strained.Peas.avi
recycle_bin	g:\TV\Look at Later\Season 3\General Inakappe - S03E18 - Goosebumps.S03E18.Say.Cheese.And.Die.-.Again!.avi
recycle_bin	g:\TV\Look at Later\Season 3\General Inakappe - S03E19 - Goosebumps.S03E19.Chillogy.Horror.Part1.Squeal.Of.Fortune.avi
recycle_bin	g:\TV\Look at Later\Season 3\General Inakappe - S03E20 - Goosebumps.S03E20.Chillogy.Horror.Part2.You're.Doomed!.avi
recycle_bin	g:\TV\Look at Later\Season 3\General Inakappe - S03E21 - Goosebumps.S03E21.Chillogy.Horror.Part3.Escape.From.Karlsville.avi
recycle_bin	g:\TV\Look at Later\Season 3\General Inakappe - S03E22 - Goosebumps.S03E22.Teachers.Pet.avi
recycle_bin	g:\TV\Look at Later\Season 4\General Inakappe - S04E01 - Goosebumps.S04E1.How.I.Got.My.Shrunken.Head.Part1.avi
recycle_bin	g:\TV\Look at Later\Season 4\General Inakappe - S04E02 - Goosebumps.S04E2.How.I.Got.My.Shrunken.Head.Part2.avi
recycle_bin	g:\TV\Look at Later\Season 4\General Inakappe - S04E03 - Goosebumps.S04E3.The.Ghost.Next.Door.Part1.avi
recycle_bin	g:\TV\Look at Later\Season 4\General Inakappe - S04E04 - Goosebumps.S04E4.The.Ghost.Next.Door.Part2.avi
recycle_bin	g:\TV\Look at Later\Season 4\General Inakappe - S04E05 - Goosebumps.S04E5.Cry.Of.The.Cat.Part1.avi
recycle_bin	g:\TV\Look at Later\Season 4\General Inakappe - S04E06 - Goosebumps.S04E6.Cry.Of.The.Cat.Part2.avi
recycle_bin	g:\TV\Look at Later\Season 4\General Inakappe - S04E07 - Goosebumps.S04E7.Deep.Trouble.Part1.MoonOrAStar.avi
recycle_bin	g:\TV\Look at Later\Season 4\General Inakappe - S04E08 - Goosebumps.S04E8.Double.Trouble.Part2.MoonOrAStar.avi
recycle_bin	g:\TV\Look at Later\Season 1\General Inakappe - S01E13 - Episode 13.mkv
recycle_bin	g:\TV\Look at Later\Season 1\General Inakappe - S01E20 - Episode 20.mkv
recycle_bin	g:\TV\Look at Later\Season 1\General Inakappe - S01E21 - Episode 21.mkv
recycle_bin	g:\TV\Look at Later\Season 2\General Inakappe - S02E15 - Gumby - S2 Ep 15 - Santa Witch (1).mp4
recycle_bin	g:\TV\Look at Later\Season 2\General Inakappe - S02E01 - 2x01 - Control - H2O Just Add Water.avi
recycle_bin	g:\TV\Look at Later\Season 2\General Inakappe - S02E03 - Video.avi
recycle_bin	g:\TV\Look at Later\Season 2\General Inakappe - S02E04 - Video.avi
recycle_bin	g:\TV\Look at Later\Season 2\General Inakappe - S02E05 - 2x05 - Hocus Pocus - H2O Just Add Water.avi
recycle_bin	g:\TV\Look at Later\Season 2\General Inakappe - S02E06 - Video.avi
recycle_bin	g:\TV\Look at Later\Season 2\General Inakappe - S02E07 - 2x07 - In Hot Water - H2O Just Add Water.avi
recycle_bin	g:\TV\Look at Later\Season 2\General Inakappe - S02E08 - 2x08 - Wrong Side of the Tracks - H2O Just Add Water.avi
recycle_bin	g:\TV\Look at Later\Season 2\General Inakappe - S02E09 - 2x09 - Riding for a Fall - H2O Just Add Water.avi
recycle_bin	g:\TV\Look at Later\Season 2\General Inakappe - S02E10 - 2x10 - Unfathomable - H2O Just Add Water.avi
recycle_bin	g:\TV\Look at Later\Season 2\General Inakappe - S02E11 - 2x11- Treasure Hunt - H2O Just Add Water.avi
recycle_bin	g:\TV\Look at Later\Season 2\General Inakappe - S02E13 - 2x13 - Camping at Mako Island - H2O Just Add Water.avi
recycle_bin	g:\TV\Look at Later\Season 2\General Inakappe - S02E14 - 2x14 - Cleo Versus Charlotte - H2O Just Add Water.avi
recycle_bin	g:\TV\Look at Later\Season 2\General Inakappe - S02E15 - 2x15 - Irresistable - H2O Just Add Water.avi
recycle_bin	g:\TV\Look at Later\Season 2\General Inakappe - S02E16 - 2x16 - Visions - H2O Just Add Water.avi
recycle_bin	g:\TV\Look at Later\Season 2\General Inakappe - S02E17 - 2x17 - Moonstruck - H2O Just Add Water.avi
recycle_bin	g:\TV\Look at Later\Season 2\General Inakappe - S02E18 - 2x18 - The Heat Is On - H2O Just Add Water.avi
recycle_bin	g:\TV\Look at Later\Season 2\General Inakappe - S02E19 - 2x19 - The Gracie Code Part One - H2O Just Add Water.avi
recycle_bin	g:\TV\Look at Later\Season 2\General Inakappe - S02E20 - 2x20 - The Gracie Code Part Two - H2O Just Add Water.avi
recycle_bin	g:\TV\Look at Later\Season 2\General Inakappe - S02E21 - 2x21 - Then There Were Four - H2O Just Add Water.avi
recycle_bin	g:\TV\Look at Later\Season 2\General Inakappe - S02E22 - 2x22 - Bubble Bubble Toil & Trouble - H20 Just Add Water.avi
recycle_bin	g:\TV\Look at Later\Season 2\General Inakappe - S02E23 - 2x23 - Reckless - H2O Just Add Water.avi
recycle_bin	g:\TV\Look at Later\Season 2\General Inakappe - S02E24 - 2x24 - Three's Company - H2o Just Add Water.avi
recycle_bin	g:\TV\Look at Later\Season 2\General Inakappe - S02E25 - 2x25 - Sea Change - H2O Just Add Water.avi
recycle_bin	g:\TV\Look at Later\Season 2\General Inakappe - S02E26 - 2x26 - Finale.avi
recycle_bin	g:\TV\Look at Later\Season 3\General Inakappe - S03E01 - H2O Just Add Water Season 3 Episode 1.avi
recycle_bin	g:\TV\Look at Later\Season 3\General Inakappe - S03E02 - H2O Just Add Water Season 3 Episode 2.avi
recycle_bin	g:\TV\Look at Later\Season 3\General Inakappe - S03E03 - H2O Just Add Water Season 3 Episode 3.avi
recycle_bin	g:\TV\Look at Later\Season 3\General Inakappe - S03E04 - H2O Just Add Water Season 3 Episode 4.avi
recycle_bin	g:\TV\Look at Later\Season 3\General Inakappe - S03E05 - H2O Just Add Water Season 3 Episode 5.avi
recycle_bin	g:\TV\Look at Later\Season 3\General Inakappe - S03E06 - H2O Just Add Water Season 3 Episode 6.avi
recycle_bin	g:\TV\Look at Later\Season 3\General Inakappe - S03E07 - H2O Just Add Water Season 3 Episode 7.avi
recycle_bin	g:\TV\Look at Later\Season 3\General Inakappe - S03E08 - H2O Just Add Water Season 3 Episode 8.avi
recycle_bin	g:\TV\Look at Later\Season 3\General Inakappe - S03E09 - H2O Just Add Water Season 3 Episode 9.avi
recycle_bin	g:\TV\Look at Later\Season 3\General Inakappe - S03E10 - H2O Just Add Water Season 3 Episode 10.avi
recycle_bin	g:\TV\Look at Later\Season 3\General Inakappe - S03E11 - H2O Just Add Water Season 3 Episode 11.avi
recycle_bin	g:\TV\Look at Later\Season 3\General Inakappe - S03E12 - H2O Just Add Water Season 3 Episode 12.avi
recycle_bin	g:\TV\Look at Later\Season 3\General Inakappe - S03E13 - H2O Just Add Water Season 3 Episode 13.avi
recycle_bin	g:\TV\Look at Later\Season 3\General Inakappe - S03E14 - H2O Just Add Water Season 3 Episode 14.avi
recycle_bin	g:\TV\Look at Later\Season 3\General Inakappe - S03E15 - H2O Just Add Water Season 3 Episode 15.avi
recycle_bin	g:\TV\Look at Later\Season 3\General Inakappe - S03E16 - H2O Just Add Water Season 3 Episode 16.avi
recycle_bin	g:\TV\Look at Later\Season 3\General Inakappe - S03E17 - H2O Just Add Water Season 3 Episode 17.avi
recycle_bin	g:\TV\Look at Later\Season 3\General Inakappe - S03E18 - H2O Just Add Water Season 3 Episode 18.avi
recycle_bin	g:\TV\Look at Later\Season 3\General Inakappe - S03E19 - H2O Just Add Water Season 3 Episode 19.avi
recycle_bin	g:\TV\Look at Later\Season 3\General Inakappe - S03E20 - H2O Just Add Water Season 3 Episode 20.avi
recycle_bin	g:\TV\Look at Later\Season 3\General Inakappe - S03E21 - H2O Just Add Water Season 3 Episode 21.avi
recycle_bin	g:\TV\Look at Later\Season 3\General Inakappe - S03E22 - H2O Just Add Water Season 3 Episode 22.avi
recycle_bin	g:\TV\Look at Later\Season 3\General Inakappe - S03E23 - H2O Just Add Water Season 3 Episode 23.avi
recycle_bin	g:\TV\Look at Later\Season 3\General Inakappe - S03E24 - H2O Just Add Water Season 3 Episode 24.avi
recycle_bin	g:\TV\Look at Later\Season 3\General Inakappe - S03E25 - H2O Just Add Water Season 3 Episode 25.avi
recycle_bin	g:\TV\Look at Later\Season 3\General Inakappe - S03E26 - H2O Just Add Water Season 3 Episode 26.avi
recycle_bin	g:\TV\Look at Later\Season 1\General Inakappe - S01E01 - Episode 1.mkv
recycle_bin	g:\TV\Look at Later\Season 1\General Inakappe - S01E02 - Episode 2.mkv
recycle_bin	g:\TV\Look at Later\Season 2\General Inakappe - S02E14 - Henry Danger S02E14 Grave Danger.mp4
recycle_bin	g:\TV\Look at Later\Season 2\Documentary of My Ex-Girlfriend Complex - S02E13 - How Its Made 213 Ball Bearings - Electrical Wires - Lost Wax Process Casting - Automated Machines.avi
recycle_bin	g:\TV\Look at Later\Season 3\Documentary of My Ex-Girlfriend Complex - S03E04 - How Its Made 304 Temporary Metal Fences - Asphalt Shingles - Expanded Polystyrene Products - Hard Candies.avi
recycle_bin	g:\TV\Look at Later\Season 5\Documentary of My Ex-Girlfriend Complex - S05E10 - How Its Made 510 Goalie Pads - Lapel Pins - Cardboard Boxes - Crystal Wine Glasses.avi
recycle_bin	g:\TV\Look at Later\Season 6\Documentary of My Ex-Girlfriend Complex - S06E04 - How Its Made 604 Seatbelts - Windows - Wax Figurines - Hot Air Balloons.avi
recycle_bin	g:\TV\Look at Later\Season 6\Documentary of My Ex-Girlfriend Complex - S06E08 - How Its Made 608 Fibreglass Insulation - Wooden Ducks - Gumball Machines - Exhaust Systems.avi
recycle_bin	g:\TV\Look at Later\Season 7\Documentary of My Ex-Girlfriend Complex - S07E01 - 701 Footballs - Guitar Amplifiers - Marbles - Airplane Props.avi
recycle_bin	g:\TV\Look at Later\Season 7\Documentary of My Ex-Girlfriend Complex - S07E02 - 702 Engine Blocks - Jawbreakers - Drum Shells - Drums.avi
recycle_bin	g:\TV\Look at Later\Season 7\Documentary of My Ex-Girlfriend Complex - S07E03 - 703 Lighters - Fossils - Hockey Pucks - High-pressure Cylinders.avi
recycle_bin	g:\TV\Look at Later\Season 7\Documentary of My Ex-Girlfriend Complex - S07E04 - 704 Balloons - Wallpaper - Frozen French Fries - Incandescent Light Bulbs.avi
recycle_bin	g:\TV\Look at Later\Season 7\Documentary of My Ex-Girlfriend Complex - S07E05 - 705 Matches - Carousel Horses - Fine Porcelain - Fuel Tanks.avi
recycle_bin	g:\TV\Look at Later\Season 7\Documentary of My Ex-Girlfriend Complex - S07E06 - 706 Glass Cookware - Soap Bars - Steel Drums - Firefighter Uniforms.avi
recycle_bin	g:\TV\Look at Later\Season 7\Documentary of My Ex-Girlfriend Complex - S07E07 - 707 Crayons - Wooden Kayaks - Lawn Mowers - Gold Chains.avi
recycle_bin	g:\TV\Look at Later\Season 7\Documentary of My Ex-Girlfriend Complex - S07E08 - 708 Inflatable Safety Devices - Braille Typewriters - Carbon Fibre Cellos.avi
recycle_bin	g:\TV\Look at Later\Season 7\Documentary of My Ex-Girlfriend Complex - S07E09 - 709 Carbon Fibre Masts - Fortune Cookies - IMAX Projectors - Roller Chains.avi
recycle_bin	g:\TV\Look at Later\Season 7\Documentary of My Ex-Girlfriend Complex - S07E10 - 710 Firefighter Helmets - Nautical Compasses - Packaging Tubes - Hand Saws.avi
recycle_bin	g:\TV\Look at Later\Season 7\Documentary of My Ex-Girlfriend Complex - S07E11 - 711 Halogen Bulbs - Cellulose Insulation - Aluminium Ladders - Bamboo Fly Rods.avi
recycle_bin	g:\TV\Look at Later\Season 7\Documentary of My Ex-Girlfriend Complex - S07E12 - 712 Drill Bits - Photo Booths - Stamps.avi
recycle_bin	g:\TV\Look at Later\Season 7\Documentary of My Ex-Girlfriend Complex - S07E13 - 713 Yacht Wheels - Braided Rugs - Automobile Thermostats - Chisels.avi
recycle_bin	g:\TV\Look at Later\Season 8\Documentary of My Ex-Girlfriend Complex - S08E01 - 801 Motorcycles - Clay Pipes - Drumsticks - Whistles.avi
recycle_bin	g:\TV\Look at Later\Season 8\Documentary of My Ex-Girlfriend Complex - S08E02 - 802 Glass Bottles - Hacksaws - Goalie Masks.avi
recycle_bin	g:\TV\Look at Later\Season 8\Documentary of My Ex-Girlfriend Complex - S08E03 - 803 Lacrosse Sticks - Frozen Fish Products - Flashlights - Paintbrushes.avi
recycle_bin	g:\TV\Look at Later\Season 8\Documentary of My Ex-Girlfriend Complex - S08E04 - 804 Deep Cycle Batteries - Tins - Optical Lenses.avi
recycle_bin	g:\TV\Look at Later\Season 8\Documentary of My Ex-Girlfriend Complex - S08E05 - 805 Pistons - Paint Rollers - Parachutes - Chimneys.avi
recycle_bin	g:\TV\Look at Later\Season 8\Documentary of My Ex-Girlfriend Complex - S08E06 - 806 Fishing Reels - Miniature Houses - Kitchen Mixers.avi
recycle_bin	g:\TV\Look at Later\Season 8\Documentary of My Ex-Girlfriend Complex - S08E07 - 807 Photographs - Fur Tanning - Welding Electrodes - Electric Violins.avi
recycle_bin	g:\TV\Look at Later\Season 8\Documentary of My Ex-Girlfriend Complex - S08E08 - 808 Horseshoes - Dishwashers - Graphite Fly Rods - Frozen Pizzas.avi
recycle_bin	g:\TV\Look at Later\Season 8\Documentary of My Ex-Girlfriend Complex - S08E09 - 809 CO2 Cartridges - Pretzels - Scissor Lifts - Skating Rinks.avi
recycle_bin	g:\TV\Look at Later\Season 8\Documentary of My Ex-Girlfriend Complex - S08E10 - 810 Pro Hockey Sticks - Bronzed Baby Shoes - Treadmills - Handheld Computers.avi
recycle_bin	g:\TV\Look at Later\Season 8\Documentary of My Ex-Girlfriend Complex - S08E11 - 811 Handcuffs - Caulking - Propane Tanks - Forensic Facial Reconstruction.avi
recycle_bin	g:\TV\Look at Later\Season 8\Documentary of My Ex-Girlfriend Complex - S08E12 - 812 Fur Coats - Hearses - Outdoor Lighting Fixtures - Golf Tees.avi
recycle_bin	g:\TV\Look at Later\Season 8\Documentary of My Ex-Girlfriend Complex - S08E13 - 813 Manhole Covers - Range Hoods - Artificial Logs - Snowmobiles.avi
recycle_bin	g:\TV\Look at Later\Season 9\Documentary of My Ex-Girlfriend Complex - S09E01 - 901 Solid Tires - Cheesecake - Canoe Paddles - Globes.avi
recycle_bin	g:\TV\Look at Later\Season 9\Documentary of My Ex-Girlfriend Complex - S09E02 - 902 Boomerangs - Barbecues - Pinball Machines - Strobe Lights.avi
recycle_bin	g:\TV\Look at Later\Season 9\Documentary of My Ex-Girlfriend Complex - S09E03 - 903 Wooden Bowls - Chainsaws - Stackable Potato Chips - Jet Compressor Blades.avi
recycle_bin	g:\TV\Look at Later\Season 9\Documentary of My Ex-Girlfriend Complex - S09E04 - 904 Steel Wool - Ranges - Carved Candles - Slot Machines.avi
recycle_bin	g:\TV\Look at Later\Season 9\Documentary of My Ex-Girlfriend Complex - S09E05 - 905 CCD Semiconductors - Airline Meals - Paper Cups - Trumpets.avi
recycle_bin	g:\TV\Look at Later\Season 9\Documentary of My Ex-Girlfriend Complex - S09E06 - 906 Padlocks - Hair Clippers - Wooden Shoes - Synthetic Leather.avi
recycle_bin	g:\TV\Look at Later\Season 9\Documentary of My Ex-Girlfriend Complex - S09E07 - 907 Racing Shells - Stainless Steel Sinks - Leather - Pedal Steel Guitar.avi
recycle_bin	g:\TV\Look at Later\Season 9\Documentary of My Ex-Girlfriend Complex - S09E08 - 908 Swords - Pontoons - Grandfather Clocks - Fuses.avi
recycle_bin	g:\TV\Look at Later\Season 9\Documentary of My Ex-Girlfriend Complex - S09E09 - 909 Bumpers - Lighting Gels and Camera Filters - Steam-powered Models - Candy Canes.avi
recycle_bin	g:\TV\Look at Later\Season 9\Documentary of My Ex-Girlfriend Complex - S09E10 - 910 Umbrellas - Ourboard Motors - Silver Cutlery - Tape Measures.avi
recycle_bin	g:\TV\Look at Later\Season 9\Documentary of My Ex-Girlfriend Complex - S09E11 - 911 Scalpels - Oil Paints - British Police Helmets - Ice Axes.avi
recycle_bin	g:\TV\Look at Later\Season 9\Documentary of My Ex-Girlfriend Complex - S09E12 - 912 Bacon - Snowblowers - Luxury Cars.avi
recycle_bin	g:\TV\Look at Later\Season 9\Documentary of My Ex-Girlfriend Complex - S09E13 - 913 Automatic Transmissions - Silver Miniatures - Hot Air Balloon Baskets - Darts.avi
recycle_bin	g:\TV\Look at Later\Season 11\Documentary of My Ex-Girlfriend Complex - S11E01 - How Its Made 11x01 Binoculars - Sparklers - Rubber Boots - Circular Saw Blades.avi
recycle_bin	g:\TV\Look at Later\Season 11\Documentary of My Ex-Girlfriend Complex - S11E02 - How Its Made 11x02 Anatomical Models - Jukeboxes - Tortilla Chips - Spark Plugs.avi
recycle_bin	g:\TV\Look at Later\Season 11\Documentary of My Ex-Girlfriend Complex - S11E03 - How Its Made 11x03 Pencils - Metal Recycling - Coffee.avi
recycle_bin	g:\TV\Look at Later\Season 11\Documentary of My Ex-Girlfriend Complex - S11E04 - How Its Made 11x04 Javelins - Cuckoo Clocks - Hearts of Palm - Windshield Wipers.avi
recycle_bin	g:\TV\Look at Later\Season 11\Documentary of My Ex-Girlfriend Complex - S11E05 - How Its Made 11x05 Technical Glass - Washing Machines - Playing Cards - Crossbows.avi
recycle_bin	g:\TV\Look at Later\Season 11\Documentary of My Ex-Girlfriend Complex - S11E06 - How Its Made 11x06 Cine Cameras - Glass Christmas Ornaments - Giant Tires.avi
recycle_bin	g:\TV\Look at Later\Season 11\Documentary of My Ex-Girlfriend Complex - S11E07 - How Its Made 11x07 Microphones - Hot Tubs - Artificial Turf - Beer Steins.avi
recycle_bin	g:\TV\Look at Later\Season 11\Documentary of My Ex-Girlfriend Complex - S11E08 - How Its Made 11x08 Hot Rods - Decorative Eggs - Fire Hose Nozzles - Baseballs.avi
recycle_bin	g:\TV\Look at Later\Season 11\Documentary of My Ex-Girlfriend Complex - S11E09 - How Its Made 11x09 Accordions - Pineapples - Artificial Joints.avi
recycle_bin	g:\TV\Look at Later\Season 11\Documentary of My Ex-Girlfriend Complex - S11E10 - How Its Made 11x10 Giant Valves - Sardines - Barographs - Disposable Diapers.avi
recycle_bin	g:\TV\Look at Later\Season 11\Documentary of My Ex-Girlfriend Complex - S11E11 - How Its Made 11x11 Heated Skate Blades - Gliders - Hand Bells - Fire Hoses.avi
recycle_bin	g:\TV\Look at Later\Season 11\Documentary of My Ex-Girlfriend Complex - S11E12 - How Its Made 11x12 Induction Cooktops - Truck Scales - Tetra Pak Containers - Harmonicas.avi
recycle_bin	g:\TV\Look at Later\Season 11\Documentary of My Ex-Girlfriend Complex - S11E13 - How Its Made 11x13 Baseball Gloves - Medical Electrodes - Stetson Hats.avi
recycle_bin	g:\TV\Look at Later\Season 1\General Inakappe - S01E06 - Best of The Red Guy part 6.mp4
recycle_bin	g:\TV\Look at Later\Season 1\General Inakappe - S01E07 - Best of The Red Guy part 7.mp4
recycle_bin	g:\TV\Look at Later\Season 1\General Inakappe - S01E08 - Best of The Red Guy part 8.mp4
recycle_bin	g:\TV\Look at Later\Season 2\General Inakappe - S02E01 - I.Dream.Of.Jeannie.S02E01.avi
recycle_bin	g:\TV\Look at Later\Season 2\General Inakappe - S02E02 - I.Dream.Of.Jeannie.S02E02.avi
recycle_bin	g:\TV\Look at Later\Season 2\General Inakappe - S02E03 - I.Dream.Of.Jeannie.S02E03.avi
recycle_bin	g:\TV\Look at Later\Season 2\General Inakappe - S02E04 - I.Dream.Of.Jeannie.S02E04.avi
recycle_bin	g:\TV\Look at Later\Season 2\General Inakappe - S02E05 - I.Dream.Of.Jeannie.S02E05.avi
recycle_bin	g:\TV\Look at Later\Season 2\General Inakappe - S02E06 - I.Dream.Of.Jeannie.S02E06.avi
recycle_bin	g:\TV\Look at Later\Season 2\General Inakappe - S02E07 - I.Dream.Of.Jeannie.S02E07.avi
recycle_bin	g:\TV\Look at Later\Season 2\General Inakappe - S02E08 - I.Dream.Of.Jeannie.S02E08.avi
recycle_bin	g:\TV\Look at Later\Season 2\General Inakappe - S02E09 - I.Dream.Of.Jeannie.S02E09.avi
recycle_bin	g:\TV\Look at Later\Season 2\General Inakappe - S02E10 - I.Dream.Of.Jeannie.S02E10.avi
recycle_bin	g:\TV\Look at Later\Season 2\General Inakappe - S02E11 - I.Dream.Of.Jeannie.S02E11.avi
recycle_bin	g:\TV\Look at Later\Season 2\General Inakappe - S02E12 - I.Dream.Of.Jeannie.S02E12.avi
recycle_bin	g:\TV\Look at Later\Season 2\General Inakappe - S02E13 - I.Dream.Of.Jeannie.S02E13.avi
recycle_bin	g:\TV\Look at Later\Season 2\General Inakappe - S02E14 - I.Dream.Of.Jeannie.S02E14.avi
recycle_bin	g:\TV\Look at Later\Season 2\General Inakappe - S02E15 - I.Dream.Of.Jeannie.S02E15.avi
recycle_bin	g:\TV\Look at Later\Season 2\General Inakappe - S02E16 - I.Dream.Of.Jeannie.S02E16.avi
recycle_bin	g:\TV\Look at Later\Season 2\General Inakappe - S02E17 - I.Dream.Of.Jeannie.S02E17.avi
recycle_bin	g:\TV\Look at Later\Season 2\General Inakappe - S02E18 - I.Dream.Of.Jeannie.S02E18.avi
recycle_bin	g:\TV\Look at Later\Season 2\General Inakappe - S02E19 - I.Dream.Of.Jeannie.S02E19.avi
recycle_bin	g:\TV\Look at Later\Season 2\General Inakappe - S02E20 - I.Dream.Of.Jeannie.S02E20.avi
recycle_bin	g:\TV\Look at Later\Season 2\General Inakappe - S02E21 - I.Dream.Of.Jeannie.S02E21.avi
recycle_bin	g:\TV\Look at Later\Season 2\General Inakappe - S02E22 - I.Dream.Of.Jeannie.S02E22.avi
recycle_bin	g:\TV\Look at Later\Season 2\General Inakappe - S02E23 - I.Dream.Of.Jeannie.S02E23.avi
recycle_bin	g:\TV\Look at Later\Season 2\General Inakappe - S02E24 - I.Dream.Of.Jeannie.S02E24.avi
recycle_bin	g:\TV\Look at Later\Season 2\General Inakappe - S02E25 - I.Dream.Of.Jeannie.S02E25.avi
recycle_bin	g:\TV\Look at Later\Season 2\General Inakappe - S02E26 - I.Dream.Of.Jeannie.S02E26.avi
recycle_bin	g:\TV\Look at Later\Season 2\General Inakappe - S02E27 - I.Dream.Of.Jeannie.S02E27.avi
recycle_bin	g:\TV\Look at Later\Season 2\General Inakappe - S02E28 - I.Dream.Of.Jeannie.S02E28.avi
recycle_bin	g:\TV\Look at Later\Season 2\General Inakappe - S02E29 - I.Dream.Of.Jeannie.S02E29.avi
recycle_bin	g:\TV\Look at Later\Season 2\General Inakappe - S02E30 - I.Dream.Of.Jeannie.S02E30.avi
recycle_bin	g:\TV\Look at Later\Season 2\General Inakappe - S02E31 - I.Dream.Of.Jeannie.S02E31.avi
recycle_bin	g:\TV\Look at Later\Season 3\General Inakappe - S03E01 - i.dream.of.jeannie.s03e01.avi
recycle_bin	g:\TV\Look at Later\Season 3\General Inakappe - S03E02 - i.dream.of.jeannie.s03e02.avi
recycle_bin	g:\TV\Look at Later\Season 3\General Inakappe - S03E03 - i.dream.of.jeannie.s03e03.avi
recycle_bin	g:\TV\Look at Later\Season 3\General Inakappe - S03E04 - i.dream.of.jeannie.s03e04.avi
recycle_bin	g:\TV\Look at Later\Season 3\General Inakappe - S03E05 - i.dream.of.jeannie.s03e05.avi
recycle_bin	g:\TV\Look at Later\Season 3\General Inakappe - S03E06 - i.dream.of.jeannie.s03e06.avi
recycle_bin	g:\TV\Look at Later\Season 3\General Inakappe - S03E07 - i.dream.of.jeannie.s03e07.avi
recycle_bin	g:\TV\Look at Later\Season 3\General Inakappe - S03E08 - i.dream.of.jeannie.s03e08.avi
recycle_bin	g:\TV\Look at Later\Season 3\General Inakappe - S03E09 - i.dream.of.jeannie.s03e09.avi
recycle_bin	g:\TV\Look at Later\Season 3\General Inakappe - S03E10 - i.dream.of.jeannie.s03e10.avi
recycle_bin	g:\TV\Look at Later\Season 3\General Inakappe - S03E11 - i.dream.of.jeannie.s03e11.avi
recycle_bin	g:\TV\Look at Later\Season 3\General Inakappe - S03E12 - i.dream.of.jeannie.s03e12.avi
recycle_bin	g:\TV\Look at Later\Season 3\General Inakappe - S03E13 - i.dream.of.jeannie.s03e13.avi
recycle_bin	g:\TV\Look at Later\Season 3\General Inakappe - S03E14 - i.dream.of.jeannie.s03e14.avi
recycle_bin	g:\TV\Look at Later\Season 3\General Inakappe - S03E15 - i.dream.of.jeannie.s03e15.avi
recycle_bin	g:\TV\Look at Later\Season 3\General Inakappe - S03E16 - i.dream.of.jeannie.s03e16.avi
recycle_bin	g:\TV\Look at Later\Season 3\General Inakappe - S03E17 - i.dream.of.jeannie.s03e17.avi
recycle_bin	g:\TV\Look at Later\Season 3\General Inakappe - S03E18 - i.dream.of.jeannie.s03e18.avi
recycle_bin	g:\TV\Look at Later\Season 3\General Inakappe - S03E19 - i.dream.of.jeannie.s03e19.avi
recycle_bin	g:\TV\Look at Later\Season 3\General Inakappe - S03E20 - i.dream.of.jeannie.s03e20.avi
recycle_bin	g:\TV\Look at Later\Season 3\General Inakappe - S03E21 - i.dream.of.jeannie.s03e21.avi
recycle_bin	g:\TV\Look at Later\Season 3\General Inakappe - S03E22 - i.dream.of.jeannie.s03e22.avi
recycle_bin	g:\TV\Look at Later\Season 3\General Inakappe - S03E23 - i.dream.of.jeannie.s03e23.avi
recycle_bin	g:\TV\Look at Later\Season 3\General Inakappe - S03E24 - i.dream.of.jeannie.s03e24.avi
recycle_bin	g:\TV\Look at Later\Season 3\General Inakappe - S03E25 - i.dream.of.jeannie.s03e25.avi
recycle_bin	g:\TV\Look at Later\Season 3\General Inakappe - S03E26 - i.dream.of.jeannie.s03e26.avi
recycle_bin	g:\TV\Look at Later\Season 4\General Inakappe - S04E01 - i.dream.of.jeannie.s04e01.avi
recycle_bin	g:\TV\Look at Later\Season 4\General Inakappe - S04E02 - i.dream.of.jeannie.s04e02.avi
recycle_bin	g:\TV\Look at Later\Season 4\General Inakappe - S04E03 - i.dream.of.jeannie.s04e03.avi
recycle_bin	g:\TV\Look at Later\Season 4\General Inakappe - S04E04 - i.dream.of.jeannie.s04e04.avi
recycle_bin	g:\TV\Look at Later\Season 4\General Inakappe - S04E05 - i.dream.of.jeannie.s04e05.avi
recycle_bin	g:\TV\Look at Later\Season 4\General Inakappe - S04E06 - i.dream.of.jeannie.s04e06.avi
recycle_bin	g:\TV\Look at Later\Season 4\General Inakappe - S04E07 - i.dream.of.jeannie.s04e07.avi
recycle_bin	g:\TV\Look at Later\Season 4\General Inakappe - S04E08 - i.dream.of.jeannie.s04e08.avi
recycle_bin	g:\TV\Look at Later\Season 4\General Inakappe - S04E09 - i.dream.of.jeannie.s04e09.avi
recycle_bin	g:\TV\Look at Later\Season 4\General Inakappe - S04E10 - i.dream.of.jeannie.s04e10.avi
recycle_bin	g:\TV\Look at Later\Season 4\General Inakappe - S04E11 - i.dream.of.jeannie.s04e11.avi
recycle_bin	g:\TV\Look at Later\Season 4\General Inakappe - S04E12 - i.dream.of.jeannie.s04e12.avi
recycle_bin	g:\TV\Look at Later\Season 4\General Inakappe - S04E13 - i.dream.of.jeannie.s04e13.avi
recycle_bin	g:\TV\Look at Later\Season 4\General Inakappe - S04E14 - i.dream.of.jeannie.s04e14.avi
recycle_bin	g:\TV\Look at Later\Season 4\General Inakappe - S04E15 - i.dream.of.jeannie.s04e15.avi
recycle_bin	g:\TV\Look at Later\Season 4\General Inakappe - S04E16 - i.dream.of.jeannie.s04e16.avi
recycle_bin	g:\TV\Look at Later\Season 4\General Inakappe - S04E17 - i.dream.of.jeannie.s04e17.avi
recycle_bin	g:\TV\Look at Later\Season 4\General Inakappe - S04E18 - i.dream.of.jeannie.s04e18.avi
recycle_bin	g:\TV\Look at Later\Season 4\General Inakappe - S04E19 - i.dream.of.jeannie.s04e19.avi
recycle_bin	g:\TV\Look at Later\Season 4\General Inakappe - S04E20 - i.dream.of.jeannie.s04e20.avi
recycle_bin	g:\TV\Look at Later\Season 4\General Inakappe - S04E21 - i.dream.of.jeannie.s04e21.avi
recycle_bin	g:\TV\Look at Later\Season 4\General Inakappe - S04E22 - i.dream.of.jeannie.s04e22.avi
recycle_bin	g:\TV\Look at Later\Season 4\General Inakappe - S04E23 - i.dream.of.jeannie.s04e23.avi
recycle_bin	g:\TV\Look at Later\Season 4\General Inakappe - S04E24 - i.dream.of.jeannie.s04e24.avi
recycle_bin	g:\TV\Look at Later\Season 4\General Inakappe - S04E25 - i.dream.of.jeannie.s04e25.avi
recycle_bin	g:\TV\Look at Later\Season 4\General Inakappe - S04E26 - i.dream.of.jeannie.s04e26.avi
recycle_bin	g:\TV\Look at Later\Season 2\General Inakappe - S02E01 - Inspector.Gadget-2x01 Magic Gadget.avi
recycle_bin	g:\TV\Look at Later\Season 2\General Inakappe - S02E02 - Inspector.Gadget-2x02 The Great Wambini's Seance.avi
recycle_bin	g:\TV\Look at Later\Season 2\General Inakappe - S02E03 - Inspector.Gadget-2x03 Wambini Predicts.avi
recycle_bin	g:\TV\Look at Later\Season 2\General Inakappe - S02E04 - Inspector.Gadget-2x04 The Capeman Cometh.avi
recycle_bin	g:\TV\Look at Later\Season 2\General Inakappe - S02E05 - Inspector.Gadget-2x05 Crashcourse in Crime.avi
recycle_bin	g:\TV\Look at Later\Season 2\General Inakappe - S02E06 - Inspector.Gadget-2x06 Gadget's Gadgets.avi
recycle_bin	g:\TV\Look at Later\Season 2\General Inakappe - S02E07 - Inspector.Gadget-2x07 Gadget in Minimadness.avi
recycle_bin	g:\TV\Look at Later\Season 2\General Inakappe - S02E08 - Inspector.Gadget-2x08 The Incredible Shrinking Gadget.avi
recycle_bin	g:\TV\Look at Later\Season 2\General Inakappe - S02E09 - Inspector.Gadget-2x09 Gadget Meets The Grapple.avi
recycle_bin	g:\TV\Look at Later\Season 2\General Inakappe - S02E10 - Inspector.Gadget-2x10 Ghost Catchers.avi
recycle_bin	g:\TV\Look at Later\Season 2\General Inakappe - S02E11 - Inspector.Gadget-2x11 Busy Signal.avi
recycle_bin	g:\TV\Look at Later\Season 2\General Inakappe - S02E12 - Inspector.Gadget-2x12 Bad Dreams Are Made Of This.avi
recycle_bin	g:\TV\Look at Later\Season 2\General Inakappe - S02E13 - Inspector.Gadget-2x13 Focus On Gadget.avi
recycle_bin	g:\TV\Look at Later\Season 2\General Inakappe - S02E14 - Inspector.Gadget-2x14 Mad in the Moon.avi
recycle_bin	g:\TV\Look at Later\Season 2\General Inakappe - S02E15 - Inspector.Gadget-2x15 N.S.F. Gadget.avi
recycle_bin	g:\TV\Look at Later\Season 2\General Inakappe - S02E16 - Inspector.Gadget-2x16 Tyrannosaurus Gadget.avi
recycle_bin	g:\TV\Look at Later\Season 2\General Inakappe - S02E17 - Inspector.Gadget-2x17 Gadget's Roma.avi
recycle_bin	g:\TV\Look at Later\Season 2\General Inakappe - S02E18 - Inspector.Gadget-2x18 Gadget's Clean Sweep.avi
recycle_bin	g:\TV\Look at Later\Season 2\General Inakappe - S02E19 - Inspector.Gadget-2x19 Gadget Meets the Clan.avi
recycle_bin	g:\TV\Look at Later\Season 2\General Inakappe - S02E20 - Inspector.Gadget-2x20 Gadget and Old Lace.avi
recycle_bin	g:\TV\Look at Later\Season 2\General Inakappe - S02E21 - Inspector.Gadget-2x21 Gadget and the Red Rose.avi
recycle_bin	g:\TV\Look at Later\Season 1\Documentary of My Ex-Girlfriend Complex - S01E04 - J1_12_03_04.mov
recycle_bin	g:\TV\Look at Later\Season 1\Documentary of My Ex-Girlfriend Complex - S01E05 - j1_01_03_05.mov
recycle_bin	g:\TV\Look at Later\Season 1\Documentary of My Ex-Girlfriend Complex - S01E05 - j1_01_04_05.mov
recycle_bin	g:\TV\Look at Later\Season 1\Documentary of My Ex-Girlfriend Complex - S01E05 - j1_01_05_05.mov
recycle_bin	g:\TV\Look at Later\Season 1\Documentary of My Ex-Girlfriend Complex - S01E05 - j1_01_07_05.mov
recycle_bin	g:\TV\Look at Later\Season 1\Documentary of My Ex-Girlfriend Complex - S01E05 - j1_01_10_05.mov
recycle_bin	g:\TV\Look at Later\Season 1\General Inakappe - S01E01 - Episode 1.avi
recycle_bin	g:\TV\Look at Later\Season 2\General Inakappe - S02E01 - 27 - S2E01 - The Talent Search PART-1.avi
recycle_bin	g:\TV\Look at Later\Season 2\General Inakappe - S02E02 - 28 - S2E02 - The Talent Search PART-2.avi
recycle_bin	g:\TV\Look at Later\Season 2\General Inakappe - S02E03 - 29 - S2E03- Scandal.avi
recycle_bin	g:\TV\Look at Later\Season 2\General Inakappe - S02E04 - 30 - S2E04 - One Jem Too Many.avi
recycle_bin	g:\TV\Look at Later\Season 2\General Inakappe - S02E05 - 31 - S2E05 - The Bands Break Up.avi
recycle_bin	g:\TV\Look at Later\Season 2\General Inakappe - S02E06 - 32 - S2E06 - The Fan.avi
recycle_bin	g:\TV\Look at Later\Season 2\General Inakappe - S02E07 - 33 - S2E07 - Father's Day.avi
recycle_bin	g:\TV\Look at Later\Season 2\General Inakappe - S02E08 - 34 - S2E08 - The Treasure Hunt.avi
recycle_bin	g:\TV\Look at Later\Season 2\General Inakappe - S02E09 - 35 - S2E09 - Aztec Enchantment.avi
recycle_bin	g:\TV\Look at Later\Season 2\General Inakappe - S02E10 - 36 - S2E10 - Music Is Magic.avi
recycle_bin	g:\TV\Look at Later\Season 2\General Inakappe - S02E11 - 37 - S2E11 - The Jazz Player.avi
recycle_bin	g:\TV\Look at Later\Season 2\General Inakappe - S02E12 - 38 - S2E12 - Danse Time.avi
recycle_bin	g:\TV\Look at Later\Season 2\General Inakappe - S02E13 - 39 - S2E13 - Roxy Rumbles.avi
recycle_bin	g:\TV\Look at Later\Season 2\General Inakappe - S02E14 - 40 - S2E14 - Alone Again.avi
recycle_bin	g:\TV\Look at Later\Season 2\General Inakappe - S02E15 - 41 - S2E15 - KJEM.avi
recycle_bin	g:\TV\Look at Later\Season 2\General Inakappe - S02E16 - 42 - S2E16 - Trick Or Techrat.avi
recycle_bin	g:\TV\Look at Later\Season 2\General Inakappe - S02E19 - 45 - S2E19 - Mardi Gras.avi
recycle_bin	g:\TV\Look at Later\Season 2\General Inakappe - S02E20 - 46 - S2E20 - The Middle Of Nowhere.avi
recycle_bin	g:\TV\Look at Later\Season 2\General Inakappe - S02E21 - 47 - S2E21 - Renaissance Woman.avi
recycle_bin	g:\TV\Look at Later\Season 2\General Inakappe - S02E22 - 48 - S2E22 - Journey To Shangri-La.avi
recycle_bin	g:\TV\Look at Later\Season 2\General Inakappe - S02E23 - 49 - S2E23 - Journey Through Time.avi
recycle_bin	g:\TV\Look at Later\Season 2\General Inakappe - S02E24 - 50 - S2E24 - Britrock.avi
recycle_bin	g:\TV\Look at Later\Season 2\General Inakappe - S02E25 - 51 - S2E25 - Out Of The Past.avi
recycle_bin	g:\TV\Look at Later\Season 2\General Inakappe - S02E26 - 52 - S2E26 - Hollywood Jem PART-1 ( For Your Consideration ).avi
recycle_bin	g:\TV\Look at Later\Season 2\General Inakappe - S02E27 - 53 - S2E27 - Hollywood Jem PART-2 ( And The Winner Is ).avi
recycle_bin	g:\TV\Look at Later\Season 3\General Inakappe - S03E01 - 54 - S3E01 - The Stingers Hit Town PART-1.avi
recycle_bin	g:\TV\Look at Later\Season 3\General Inakappe - S03E02 - 55 - S3E02 - The Stingers Hit Town PART-2.avi
recycle_bin	g:\TV\Look at Later\Season 3\General Inakappe - S03E03 - 56 - S3E03 - Video Wars.avi
recycle_bin	g:\TV\Look at Later\Season 3\General Inakappe - S03E04 - 57 - S3E04 - Beauty And The Rock Promoter.avi
recycle_bin	g:\TV\Look at Later\Season 3\General Inakappe - S03E05 - 58 - S3E05 - Homeland, Heartland.avi
recycle_bin	g:\TV\Look at Later\Season 3\General Inakappe - S03E06 - 59 - S3E06 - Midsummer Night's Madness.avi
recycle_bin	g:\TV\Look at Later\Season 3\General Inakappe - S03E07 - 60 - S3E07 - The Day The Music Died.avi
recycle_bin	g:\TV\Look at Later\Season 3\General Inakappe - S03E08 - 61 - S3E08 - That Old Houdini Magic.avi
recycle_bin	g:\TV\Look at Later\Season 3\General Inakappe - S03E09 - 62 - S3E09 - Straight From The Heart.avi
recycle_bin	g:\TV\Look at Later\Season 3\General Inakappe - S03E10 - 63 - S3E10 - A Change Of Heart.avi
recycle_bin	g:\TV\Look at Later\Season 3\General Inakappe - S03E11 - 64 - S3E11 - Riot's Hope.avi
recycle_bin	g:\TV\Look at Later\Season 3\General Inakappe - S03E12 - 65 - S3E12 - A Father Should Be.avi
recycle_bin	g:\TV\Look at Later\Season 2\General Inakappe - S02E01 - S02 E01.avi
recycle_bin	g:\TV\Look at Later\Season 2\General Inakappe - S02E02 - S02 E02.avi
recycle_bin	g:\TV\Look at Later\Season 2\General Inakappe - S02E03 - S02 E03.avi
recycle_bin	g:\TV\Look at Later\Season 2\General Inakappe - S02E04 - S02 E04.avi
recycle_bin	g:\TV\Look at Later\Season 2\General Inakappe - S02E05 - S02 E05.avi
recycle_bin	g:\TV\Look at Later\Season 2\General Inakappe - S02E06 - S02 E06.avi
recycle_bin	g:\TV\Look at Later\Season 2\General Inakappe - S02E07 - S02 E07.avi
recycle_bin	g:\TV\Look at Later\Season 2\General Inakappe - S02E08 - S02 E08.avi
recycle_bin	g:\TV\Look at Later\Season 2\General Inakappe - S02E09 - S02 E09.avi
recycle_bin	g:\TV\Look at Later\Season 2\General Inakappe - S02E10 - S02 E10.avi
recycle_bin	g:\TV\Look at Later\Season 2\General Inakappe - S02E11 - S02 E11.avi
recycle_bin	g:\TV\Look at Later\Season 3\General Inakappe - S03E01 - S03 E01.avi
recycle_bin	g:\TV\Look at Later\Season 3\General Inakappe - S03E02 - S03 E02.avi
recycle_bin	g:\TV\Look at Later\Season 3\General Inakappe - S03E03 - S03 E03.avi
recycle_bin	g:\TV\Look at Later\Season 3\General Inakappe - S03E04 - S03 E04.avi
recycle_bin	g:\TV\Look at Later\Season 3\General Inakappe - S03E05 - S03 E05.avi
recycle_bin	g:\TV\Look at Later\Season 3\General Inakappe - S03E06 - S03 E06.avi
recycle_bin	g:\TV\Look at Later\Season 3\General Inakappe - S03E07 - S03 E07.avi
recycle_bin	g:\TV\Look at Later\Season 4\General Inakappe - S04E01 - S04 E01.avi
recycle_bin	g:\TV\Look at Later\Season 4\General Inakappe - S04E02 - S04 E02.avi
recycle_bin	g:\TV\Look at Later\Season 4\General Inakappe - S04E03 - S04 E03.avi
recycle_bin	g:\TV\Look at Later\Season 4\General Inakappe - S04E04 - S04 E04.avi
recycle_bin	g:\TV\Look at Later\Season 4\General Inakappe - S04E05 - S04 E05.avi
recycle_bin	g:\TV\Look at Later\Season 4\General Inakappe - S04E06 - S04 E06.avi
recycle_bin	g:\TV\Look at Later\Season 4\General Inakappe - S04E07 - S04 E07.avi
recycle_bin	g:\TV\Look at Later\Season 4\General Inakappe - S04E08 - S04 E08.avi
recycle_bin	g:\TV\Look at Later\Season 4\General Inakappe - S04E09 - S04 E09.avi
recycle_bin	g:\TV\Look at Later\Season 5\General Inakappe - S05E01 - S05 E01.avi
recycle_bin	g:\TV\Look at Later\Season 5\General Inakappe - S05E02 - S05 E02.avi
recycle_bin	g:\TV\Look at Later\Season 5\General Inakappe - S05E03 - S05 E03.avi
recycle_bin	g:\TV\Look at Later\Season 5\General Inakappe - S05E04 - S05 E04.avi
recycle_bin	g:\TV\Look at Later\Season 5\General Inakappe - S05E05 - S05 E05.avi
recycle_bin	g:\TV\Look at Later\Season 5\General Inakappe - S05E06 - S05 E06.avi
recycle_bin	g:\TV\Look at Later\Season 5\General Inakappe - S05E07 - S05 E07.avi
recycle_bin	g:\TV\Look at Later\Season 5\General Inakappe - S05E08 - S05 E08.avi
recycle_bin	g:\TV\Look at Later\Season 5\General Inakappe - S05E09 - S05 E09.avi
recycle_bin	g:\TV\Look at Later\Season 5\General Inakappe - S05E10 - S05 E10.avi
recycle_bin	g:\TV\Look at Later\Season 5\General Inakappe - S05E11 - S05 E11.avi
recycle_bin	g:\TV\Look at Later\Season 2\General Inakappe - S02E31 - Kim Possible S02E31 The Fearless Ferret720p (1).mp4
recycle_bin	g:\TV\Look at Later\Season 2\General Inakappe - S02E33 - Kim Possible S02E33 Rufus vs Commodore Puddles & Day of the Snowmen720p (1).mp4
recycle_bin	g:\TV\Look at Later\Season 2\General Inakappe - S02E38 - Kim Possible S02E38 Queen Bebe720p (1).mp4
recycle_bin	g:\TV\Look at Later\Season 2\General Inakappe - S02E40 - Kim Possible S02E40 Return To Camp Wannaweep720p (1).mp4
recycle_bin	g:\TV\Look at Later\Season 2\General Inakappe - S02E42 - Kim Possible S02E42 The Full Monkey720p (1).mp4
recycle_bin	g:\TV\Look at Later\Season 2\General Inakappe - S02E45 - Kim Possible S02E45 Oh Boyz720p (1).mp4
recycle_bin	g:\TV\Look at Later\Season 2\General Inakappe - S02E46 - Kim Possible S02E46 Sick Day & The Truth Hurts720p (1).mp4
recycle_bin	g:\TV\Look at Later\Season 2\General Inakappe - S02E47 - Kim Possible S02E47 Mother's Day720p (1).mp4
recycle_bin	g:\TV\Look at Later\Season 2\General Inakappe - S02E48 - Kim Possible S02E48 Motor Ed720p (1).mp4
recycle_bin	g:\TV\Look at Later\Season 2\General Inakappe - S02E50 - Kim Possible S02E50 Triple S720p (1).mp4
recycle_bin	g:\TV\Look at Later\Season 2\General Inakappe - S02E51 - Kim Possible S02E51 Rewriting History720p (1).mp4
recycle_bin	g:\TV\Look at Later\Season 3\General Inakappe - S03E58 - Kim Possible S03E58 Overdue & Roachie720p (1).mp4
recycle_bin	g:\TV\Look at Later\Season 3\General Inakappe - S03E59 - Kim Possible S03E59 Rappin' Draken720p (1).mp4
recycle_bin	g:\TV\Look at Later\Season 3\General Inakappe - S03E63 - Kim Possible S03E63 So The Drama Part 1720p (1).mp4
recycle_bin	g:\TV\Look at Later\Season 3\General Inakappe - S03E64 - Kim Possible S03E64 So The Drama Part 2 (1).mp4
recycle_bin	g:\TV\Look at Later\Season 4\General Inakappe - S04E67 - Kim Possible S04E67 The Big Job1080p (1).mp4
recycle_bin	g:\TV\Look at Later\Season 4\General Inakappe - S04E68 - Kim Possible S04E68 Trading Faces720p (1).mp4
recycle_bin	g:\TV\Look at Later\Season 4\General Inakappe - S04E69 - Kim Possible S04E69 The Cupid Effect720p (1).mp4
recycle_bin	g:\TV\Look at Later\Season 4\General Inakappe - S04E71 - Kim Possible S04E71 Mad Dogs and Aliens720p (1).mp4
recycle_bin	g:\TV\Look at Later\Season 4\General Inakappe - S04E76 - Kim Possible S04E76 Odds Man In720p (1).mp4
recycle_bin	g:\TV\Look at Later\Season 4\General Inakappe - S04E79 - Kim Possible S04E79 Mathter and Fervant (1).mp4
recycle_bin	g:\TV\Look at Later\Season 4\General Inakappe - S04E80 - Kim Possible S04E80 The Mentor of Our Discontent720p (1).mp4
recycle_bin	g:\TV\Look at Later\Season 4\General Inakappe - S04E81 - Kim Possible S04E81 Oh No! Yono720p (1).mp4
recycle_bin	g:\TV\Look at Later\Season 2\General Inakappe - S02E01 - S02E01.mp4
recycle_bin	g:\TV\Look at Later\Season 2\General Inakappe - S02E02 - S02E02.mp4
recycle_bin	g:\TV\Look at Later\Season 2\General Inakappe - S02E03 - S02E03.mp4
recycle_bin	g:\TV\Look at Later\Season 2\General Inakappe - S02E04 - S02E04.mp4
recycle_bin	g:\TV\Look at Later\Season 2\General Inakappe - S02E05 - S02E05.mp4
recycle_bin	g:\TV\Look at Later\Season 2\General Inakappe - S02E06 - S02E06.mp4
recycle_bin	g:\TV\Look at Later\Season 2\General Inakappe - S02E07 - S02E07.mp4
recycle_bin	g:\TV\Look at Later\Season 2\General Inakappe - S02E08 - Last.Man.Standing.US.S02E08.avi
recycle_bin	g:\TV\Look at Later\Season 2\General Inakappe - S02E09 - last.man.standing.us.209.mp4
recycle_bin	g:\TV\Look at Later\Season 2\General Inakappe - S02E10 - Last.Man.Standing.US.S02E10.avi
recycle_bin	g:\TV\Look at Later\Season 2\General Inakappe - S02E11 - Last.Man.Standing.US.S02E11.mp4
recycle_bin	g:\TV\Look at Later\Season 2\General Inakappe - S02E12 - Last.Man.Standing.US.S02E12.avi
recycle_bin	g:\TV\Look at Later\Season 2\General Inakappe - S02E13 - Last.Man.Standing.US.S02E13.avi
recycle_bin	g:\TV\Look at Later\Season 2\General Inakappe - S02E14 - last.man.standing.us.214.mp4
recycle_bin	g:\TV\Look at Later\Season 2\General Inakappe - S02E15 - Last.Man.Standing.US.S02E15.avi
recycle_bin	g:\TV\Look at Later\Season 2\General Inakappe - S02E16 - Last.Man.Standing.US.S02E16.avi
recycle_bin	g:\TV\Look at Later\Season 3\General Inakappe - S03E01 - Last.Man.Standing.US.S03E01.mp4
recycle_bin	g:\TV\Look at Later\Season 3\General Inakappe - S03E02 - last.man.standing.us.302.mp4
recycle_bin	g:\TV\Look at Later\Season 3\General Inakappe - S03E03 - Last.Man.Standing.US.S03E03.avi
recycle_bin	g:\TV\Look at Later\Season 3\General Inakappe - S03E04 - last.man.standing.us.s03e04.mp4
recycle_bin	g:\TV\Look at Later\Season 3\General Inakappe - S03E05 - Last.Man.Standing.US.S03E05.mp4
recycle_bin	g:\TV\Look at Later\Season 3\General Inakappe - S03E06 - last.man.standing.us.s03e06.mp4
recycle_bin	g:\TV\Look at Later\Season 3\General Inakappe - S03E07 - last.man.standing.us.s03e07.avi
recycle_bin	g:\TV\Look at Later\Season 3\General Inakappe - S03E08 - last.man.standing.us.s03e08.mp4
recycle_bin	g:\TV\Look at Later\Season 3\General Inakappe - S03E09 - last.man.standing.us.s03e09.avi
recycle_bin	g:\TV\Look at Later\Season 3\General Inakappe - S03E10 - Last.Man.Standing.US.S03E10.avi
recycle_bin	g:\TV\Look at Later\Season 3\General Inakappe - S03E11 - Last.Man.Standing.US.S03E11.mp4
recycle_bin	g:\TV\Look at Later\Season 3\General Inakappe - S03E12 - last.man.standing.us.s03e12.avi
recycle_bin	g:\TV\Look at Later\Season 3\General Inakappe - S03E13 - last.man.standing.us.s03e13.mp4
recycle_bin	g:\TV\Look at Later\Season 3\General Inakappe - S03E14 - Last.Man.Standing.US.S03E14.mp4
recycle_bin	g:\TV\Look at Later\Season 3\General Inakappe - S03E15 - last.man.standing.us.s03e15.mp4
recycle_bin	g:\TV\Look at Later\Season 3\General Inakappe - S03E16 - Last.Man.Standing.US.S03E16.mp4
recycle_bin	g:\TV\Look at Later\Season 3\General Inakappe - S03E17 - Last.Man.Standing.US.S03E17.mp4
recycle_bin	g:\TV\Look at Later\Season 3\General Inakappe - S03E18 - Last.Man.Standing.US.S03E18.mp4
recycle_bin	g:\TV\Look at Later\Season 3\General Inakappe - S03E19 - Last.Man.Standing.US.S03E19.mp4
recycle_bin	g:\TV\Look at Later\Season 3\General Inakappe - S03E20 - last.man.standing.us.s03e20.mp4
recycle_bin	g:\TV\Look at Later\Season 3\General Inakappe - S03E21 - Last.Man.Standing.US.S03E21.mp4
recycle_bin	g:\TV\Look at Later\Season 3\General Inakappe - S03E22 - Last.Man.Standing.US.S03E22.mp4
recycle_bin	g:\TV\Look at Later\Season 1\General Inakappe - S01E14 - Episode 14.mkv
recycle_bin	g:\TV\Look at Later\Season 1\General Inakappe - S01E15 - Episode 15.mkv
recycle_bin	g:\TV\Look at Later\Season 1\General Inakappe - S01E22 - Episode 22.mkv
recycle_bin	g:\TV\Look at Later\Season 1\General Inakappe - S01E23 - Episode 23.mkv
recycle_bin	g:\TV\Look at Later\Season 1\General Inakappe - S01E25 - Episode 25.mkv
recycle_bin	g:\TV\Look at Later\Season 1\General Inakappe - S01E26 - Episode 26.mkv
recycle_bin	g:\TV\Look at Later\Season 1\General Inakappe - S01E01 - Episode 1 Episode 2.avi
recycle_bin	g:\TV\Look at Later\Season 2\General Inakappe - S02E01 - Lois.and.Clark.S02E01.avi
recycle_bin	g:\TV\Look at Later\Season 2\General Inakappe - S02E02 - Lois.and.Clark.S02E02.avi
recycle_bin	g:\TV\Look at Later\Season 2\General Inakappe - S02E03 - Lois.and.Clark.S02E03.avi
recycle_bin	g:\TV\Look at Later\Season 2\General Inakappe - S02E04 - Lois.and.Clark.S02E04.avi
recycle_bin	g:\TV\Look at Later\Season 2\General Inakappe - S02E05 - Lois.and.Clark.S02E05.avi
recycle_bin	g:\TV\Look at Later\Season 2\General Inakappe - S02E06 - Lois.and.Clark.S02E06.avi
recycle_bin	g:\TV\Look at Later\Season 2\General Inakappe - S02E07 - Lois.and.Clark.S02E07.avi
recycle_bin	g:\TV\Look at Later\Season 2\General Inakappe - S02E08 - Lois.and.Clark.S02E08.avi
recycle_bin	g:\TV\Look at Later\Season 2\General Inakappe - S02E09 - Lois.and.Clark.S02E09.avi
recycle_bin	g:\TV\Look at Later\Season 2\General Inakappe - S02E10 - Lois.and.Clark.S02E10.avi
recycle_bin	g:\TV\Look at Later\Season 2\General Inakappe - S02E11 - Lois.and.Clark.S02E11.avi
recycle_bin	g:\TV\Look at Later\Season 2\General Inakappe - S02E12 - Lois.and.Clark.S02E12.avi
recycle_bin	g:\TV\Look at Later\Season 2\General Inakappe - S02E13 - Lois.and.Clark.S02E13.avi
recycle_bin	g:\TV\Look at Later\Season 2\General Inakappe - S02E14 - Lois.and.Clark.S02E14.avi
recycle_bin	g:\TV\Look at Later\Season 2\General Inakappe - S02E15 - Lois.and.Clark.S02E15.avi
recycle_bin	g:\TV\Look at Later\Season 2\General Inakappe - S02E16 - Lois.and.Clark.S02E16.avi
recycle_bin	g:\TV\Look at Later\Season 2\General Inakappe - S02E17 - Lois.and.Clark.S02E17.avi
recycle_bin	g:\TV\Look at Later\Season 2\General Inakappe - S02E18 - Lois.and.Clark.S02E18.avi
recycle_bin	g:\TV\Look at Later\Season 2\General Inakappe - S02E19 - Lois.and.Clark.S02E19.avi
recycle_bin	g:\TV\Look at Later\Season 2\General Inakappe - S02E20 - Lois.and.Clark.S02E20.avi
recycle_bin	g:\TV\Look at Later\Season 2\General Inakappe - S02E21 - Lois.and.Clark.S02E21.avi
recycle_bin	g:\TV\Look at Later\Season 2\General Inakappe - S02E22 - Lois.and.Clark.S02E22.avi
recycle_bin	g:\TV\Look at Later\Season 3\General Inakappe - S03E01 - Lois and Clark 3x01 We Have Alot To Talk About.avi
recycle_bin	g:\TV\Look at Later\Season 3\General Inakappe - S03E02 - Lois_And_Clark.3x02.Ordinary_People.avi
recycle_bin	g:\TV\Look at Later\Season 3\General Inakappe - S03E03 - Lois_And_Clark.3x03.Contact.avi
recycle_bin	g:\TV\Look at Later\Season 3\General Inakappe - S03E04 - Lois_And_Clark.3x04.When_Irish_Eyes_Are_Killing.avi
recycle_bin	g:\TV\Look at Later\Season 3\General Inakappe - S03E05 - Lois_And_Clark.3x05.Just_Say_Noah.avi
recycle_bin	g:\TV\Look at Later\Season 3\General Inakappe - S03E06 - Lois_And_Clark.3x06.Dont_Tug_On_Supermans_Cape.avi
recycle_bin	g:\TV\Look at Later\Season 3\General Inakappe - S03E07 - Lois_And_Clark.3x07.Ultra_Woman.avi
recycle_bin	g:\TV\Look at Later\Season 3\General Inakappe - S03E08 - Lois_And_Clark.3x08.Chip_Off_The_Old_Clark.avi
recycle_bin	g:\TV\Look at Later\Season 3\General Inakappe - S03E09 - Lois_And_Clark.3x09.Super_Mann.avi
recycle_bin	g:\TV\Look at Later\Season 3\General Inakappe - S03E10 - Lois_And_Clark.3x10.Virtually_Destroyed.avi
recycle_bin	g:\TV\Look at Later\Season 3\General Inakappe - S03E11 - Lois_And_Clark.3x11.Home_Is_Where_The_Hurt_Is.avi
recycle_bin	g:\TV\Look at Later\Season 3\General Inakappe - S03E12 - Lois_And_Clark.3x12.Never_On_Sunday.avi
recycle_bin	g:\TV\Look at Later\Season 3\General Inakappe - S03E13 - Lois_And_Clark.3x13.the_Dad_Who_Came_In_From_The_Cold.avi
recycle_bin	g:\TV\Look at Later\Season 3\General Inakappe - S03E14 - Lois_And_Clark.3x14.Tempus_Anyone.avi
recycle_bin	g:\TV\Look at Later\Season 3\General Inakappe - S03E15 - Lois_And_Clark.3x15.I_Now_Pronounce_You.avi
recycle_bin	g:\TV\Look at Later\Season 3\General Inakappe - S03E16 - Lois_And_Clark.3x16.Double_Jeopardy.avi
recycle_bin	g:\TV\Look at Later\Season 3\General Inakappe - S03E17 - Lois_And_Clark.3x17.Seconds.avi
recycle_bin	g:\TV\Look at Later\Season 3\General Inakappe - S03E18 - Lois_And_Clark.3x18.Forget_Me_Not.avi
recycle_bin	g:\TV\Look at Later\Season 3\General Inakappe - S03E19 - Lois_And_Clark.3x19.Oedipus_Wrecks.avi
recycle_bin	g:\TV\Look at Later\Season 3\General Inakappe - S03E20 - Lois_And_Clark.3x20.Its_A_Small_World_After_All.avi
recycle_bin	g:\TV\Look at Later\Season 3\General Inakappe - S03E21 - Lois_And_Clark.3x21.Through_A_Glass_Darkly.avi
recycle_bin	g:\TV\Look at Later\Season 3\General Inakappe - S03E22 - Lois_And_Clark.3x22.Big_Girls_Dont_Fly.avi
recycle_bin	g:\TV\Look at Later\Season 4\General Inakappe - S04E01 - Lois.and.Clark.S04E01.avi
recycle_bin	g:\TV\Look at Later\Season 4\General Inakappe - S04E02 - Lois.and.Clark.S04E02.avi
recycle_bin	g:\TV\Look at Later\Season 4\General Inakappe - S04E03 - Lois.and.Clark.S04E03.avi
recycle_bin	g:\TV\Look at Later\Season 4\General Inakappe - S04E04 - Lois.and.Clark.S04E04.avi
recycle_bin	g:\TV\Look at Later\Season 4\General Inakappe - S04E05 - Lois.and.Clark.S04E05.avi
recycle_bin	g:\TV\Look at Later\Season 4\General Inakappe - S04E06 - Lois.and.Clark.S04E06.avi
recycle_bin	g:\TV\Look at Later\Season 4\General Inakappe - S04E07 - Lois.and.Clark.S04E07.avi
recycle_bin	g:\TV\Look at Later\Season 4\General Inakappe - S04E08 - Lois.and.Clark.S04E08.avi
recycle_bin	g:\TV\Look at Later\Season 4\General Inakappe - S04E09 - Lois.and.Clark.S04E09.avi
recycle_bin	g:\TV\Look at Later\Season 4\General Inakappe - S04E10 - Lois.and.Clark.S04E10.avi
recycle_bin	g:\TV\Look at Later\Season 4\General Inakappe - S04E11 - Lois.and.Clark.S04E11.avi
recycle_bin	g:\TV\Look at Later\Season 4\General Inakappe - S04E12 - Lois.and.Clark.S04E12.avi
recycle_bin	g:\TV\Look at Later\Season 4\General Inakappe - S04E13 - Lois.and.Clark.S04E13.avi
recycle_bin	g:\TV\Look at Later\Season 4\General Inakappe - S04E14 - Lois.and.Clark.S04E14.avi
recycle_bin	g:\TV\Look at Later\Season 4\General Inakappe - S04E15 - Lois.and.Clark.S04E15.avi
recycle_bin	g:\TV\Look at Later\Season 4\General Inakappe - S04E16 - Lois.and.Clark.S04E16.avi
recycle_bin	g:\TV\Look at Later\Season 4\General Inakappe - S04E17 - Lois.and.Clark.S04E17.avi
recycle_bin	g:\TV\Look at Later\Season 4\General Inakappe - S04E18 - Lois.and.Clark.S04E18.avi
recycle_bin	g:\TV\Look at Later\Season 4\General Inakappe - S04E19 - Lois.and.Clark.S04E19.avi
recycle_bin	g:\TV\Look at Later\Season 4\General Inakappe - S04E20 - Lois.and.Clark.S04E20.avi
recycle_bin	g:\TV\Look at Later\Season 4\General Inakappe - S04E21 - Lois.and.Clark.S04E21.avi
recycle_bin	g:\TV\Look at Later\Season 4\General Inakappe - S04E22 - Lois.and.Clark.S04E22.avi
